[2026-04-20 18:55:21] local.ERROR: SQLSTATE[42S01]: Base table or view already exists: 1050 Table 'users' already exists (Connection: mysql, SQL: create table `users` (`id` bigint unsigned not null auto_increment primary key, `name` varchar(255) not null, `email` varchar(255) not null, `email_verified_at` timestamp null, `password` varchar(255) not null, `remember_token` varchar(100) null, `created_at` timestamp null, `updated_at` timestamp null) default character set utf8mb4 collate 'utf8mb4_unicode_ci') {"exception":"[object] (Illuminate\\Database\\QueryException(code: 42S01): SQLSTATE[42S01]: Base table or view already exists: 1050 Table 'users' already exists (Connection: mysql, SQL: create table `users` (`id` bigint unsigned not null auto_increment primary key, `name` varchar(255) not null, `email` varchar(255) not null, `email_verified_at` timestamp null, `password` varchar(255) not null, `remember_token` varchar(100) null, `created_at` timestamp null, `updated_at` timestamp null) default character set utf8mb4 collate 'utf8mb4_unicode_ci') at /Users/mariopazmino/Documents/GitHub/Untitled/app/vendor/laravel/framework/src/Illuminate/Database/Connection.php:825)
[stacktrace]
#0 /Users/mariopazmino/Documents/GitHub/Untitled/app/vendor/laravel/framework/src/Illuminate/Database/Connection.php(779): Illuminate\\Database\\Connection->runQueryCallback('create table `u...', Array, Object(Closure))
#1 /Users/mariopazmino/Documents/GitHub/Untitled/app/vendor/laravel/framework/src/Illuminate/Database/Connection.php(560): Illuminate\\Database\\Connection->run('create table `u...', Array, Object(Closure))
#2 /Users/mariopazmino/Documents/GitHub/Untitled/app/vendor/laravel/framework/src/Illuminate/Database/Schema/Blueprint.php(118): Illuminate\\Database\\Connection->statement('create table `u...')
#3 /Users/mariopazmino/Documents/GitHub/Untitled/app/vendor/laravel/framework/src/Illuminate/Database/Schema/Builder.php(564): Illuminate\\Database\\Schema\\Blueprint->build(Object(Illuminate\\Database\\MySqlConnection), Object(Illuminate\\Database\\Schema\\Grammars\\MySqlGrammar))
#4 /Users/mariopazmino/Documents/GitHub/Untitled/app/vendor/laravel/framework/src/Illuminate/Database/Schema/Builder.php(418): Illuminate\\Database\\Schema\\Builder->build(Object(Illuminate\\Database\\Schema\\Blueprint))
#5 /Users/mariopazmino/Documents/GitHub/Untitled/app/vendor/laravel/framework/src/Illuminate/Support/Facades/Facade.php(361): Illuminate\\Database\\Schema\\Builder->create('users', Object(Closure))
#6 /Users/mariopazmino/Documents/GitHub/Untitled/app/database/migrations/0001_01_01_000000_create_users_table.php(14): Illuminate\\Support\\Facades\\Facade::__callStatic('create', Array)
#7 /Users/mariopazmino/Documents/GitHub/Untitled/app/vendor/laravel/framework/src/Illuminate/Database/Migrations/Migrator.php(507): Illuminate\\Database\\Migrations\\Migration@anonymous->up()
#8 /Users/mariopazmino/Documents/GitHub/Untitled/app/vendor/laravel/framework/src/Illuminate/Database/Migrations/Migrator.php(432): Illuminate\\Database\\Migrations\\Migrator->runMethod(Object(Illuminate\\Database\\MySqlConnection), Object(Illuminate\\Database\\Migrations\\Migration@anonymous), 'up')
#9 /Users/mariopazmino/Documents/GitHub/Untitled/app/vendor/laravel/framework/src/Illuminate/Database/Migrations/Migrator.php(441): Illuminate\\Database\\Migrations\\Migrator->Illuminate\\Database\\Migrations\\{closure}()
#10 /Users/mariopazmino/Documents/GitHub/Untitled/app/vendor/laravel/framework/src/Illuminate/Database/Migrations/Migrator.php(244): Illuminate\\Database\\Migrations\\Migrator->runMigration(Object(Illuminate\\Database\\Migrations\\Migration@anonymous), 'up')
#11 /Users/mariopazmino/Documents/GitHub/Untitled/app/vendor/laravel/framework/src/Illuminate/Console/View/Components/Task.php(40): Illuminate\\Database\\Migrations\\Migrator->Illuminate\\Database\\Migrations\\{closure}()
#12 /Users/mariopazmino/Documents/GitHub/Untitled/app/vendor/laravel/framework/src/Illuminate/Database/Migrations/Migrator.php(798): Illuminate\\Console\\View\\Components\\Task->render('0001_01_01_0000...', Object(Closure))
#13 /Users/mariopazmino/Documents/GitHub/Untitled/app/vendor/laravel/framework/src/Illuminate/Database/Migrations/Migrator.php(244): Illuminate\\Database\\Migrations\\Migrator->write('Illuminate\\\\Cons...', '0001_01_01_0000...', Object(Closure))
#14 /Users/mariopazmino/Documents/GitHub/Untitled/app/vendor/laravel/framework/src/Illuminate/Database/Migrations/Migrator.php(211): Illuminate\\Database\\Migrations\\Migrator->runUp('/Users/mariopaz...', 11, false)
#15 /Users/mariopazmino/Documents/GitHub/Untitled/app/vendor/laravel/framework/src/Illuminate/Database/Migrations/Migrator.php(138): Illuminate\\Database\\Migrations\\Migrator->runPending(Array, Array)
#16 /Users/mariopazmino/Documents/GitHub/Untitled/app/vendor/laravel/framework/src/Illuminate/Database/Console/Migrations/MigrateCommand.php(117): Illuminate\\Database\\Migrations\\Migrator->run(Array, Array)
#17 /Users/mariopazmino/Documents/GitHub/Untitled/app/vendor/laravel/framework/src/Illuminate/Database/Migrations/Migrator.php(658): Illuminate\\Database\\Console\\Migrations\\MigrateCommand->Illuminate\\Database\\Console\\Migrations\\{closure}()
#18 /Users/mariopazmino/Documents/GitHub/Untitled/app/vendor/laravel/framework/src/Illuminate/Database/Console/Migrations/MigrateCommand.php(110): Illuminate\\Database\\Migrations\\Migrator->usingConnection(NULL, Object(Closure))
#19 /Users/mariopazmino/Documents/GitHub/Untitled/app/vendor/laravel/framework/src/Illuminate/Database/Console/Migrations/MigrateCommand.php(89): Illuminate\\Database\\Console\\Migrations\\MigrateCommand->runMigrations()
#20 /Users/mariopazmino/Documents/GitHub/Untitled/app/vendor/laravel/framework/src/Illuminate/Container/BoundMethod.php(36): Illuminate\\Database\\Console\\Migrations\\MigrateCommand->handle()
#21 /Users/mariopazmino/Documents/GitHub/Untitled/app/vendor/laravel/framework/src/Illuminate/Container/Util.php(43): Illuminate\\Container\\BoundMethod::Illuminate\\Container\\{closure}()
#22 /Users/mariopazmino/Documents/GitHub/Untitled/app/vendor/laravel/framework/src/Illuminate/Container/BoundMethod.php(95): Illuminate\\Container\\Util::unwrapIfClosure(Object(Closure))
#23 /Users/mariopazmino/Documents/GitHub/Untitled/app/vendor/laravel/framework/src/Illuminate/Container/BoundMethod.php(35): Illuminate\\Container\\BoundMethod::callBoundMethod(Object(Illuminate\\Foundation\\Application), Array, Object(Closure))
#24 /Users/mariopazmino/Documents/GitHub/Untitled/app/vendor/laravel/framework/src/Illuminate/Container/Container.php(696): Illuminate\\Container\\BoundMethod::call(Object(Illuminate\\Foundation\\Application), Array, Array, NULL)
#25 /Users/mariopazmino/Documents/GitHub/Untitled/app/vendor/laravel/framework/src/Illuminate/Console/Command.php(213): Illuminate\\Container\\Container->call(Array)
#26 /Users/mariopazmino/Documents/GitHub/Untitled/app/vendor/symfony/console/Command/Command.php(341): Illuminate\\Console\\Command->execute(Object(Symfony\\Component\\Console\\Input\\ArgvInput), Object(Illuminate\\Console\\OutputStyle))
#27 /Users/mariopazmino/Documents/GitHub/Untitled/app/vendor/laravel/framework/src/Illuminate/Console/Command.php(182): Symfony\\Component\\Console\\Command\\Command->run(Object(Symfony\\Component\\Console\\Input\\ArgvInput), Object(Illuminate\\Console\\OutputStyle))
#28 /Users/mariopazmino/Documents/GitHub/Untitled/app/vendor/symfony/console/Application.php(1117): Illuminate\\Console\\Command->run(Object(Symfony\\Component\\Console\\Input\\ArgvInput), Object(Symfony\\Component\\Console\\Output\\ConsoleOutput))
#29 /Users/mariopazmino/Documents/GitHub/Untitled/app/vendor/symfony/console/Application.php(356): Symfony\\Component\\Console\\Application->doRunCommand(Object(Illuminate\\Database\\Console\\Migrations\\MigrateCommand), Object(Symfony\\Component\\Console\\Input\\ArgvInput), Object(Symfony\\Component\\Console\\Output\\ConsoleOutput))
#30 /Users/mariopazmino/Documents/GitHub/Untitled/app/vendor/symfony/console/Application.php(195): Symfony\\Component\\Console\\Application->doRun(Object(Symfony\\Component\\Console\\Input\\ArgvInput), Object(Symfony\\Component\\Console\\Output\\ConsoleOutput))
#31 /Users/mariopazmino/Documents/GitHub/Untitled/app/vendor/laravel/framework/src/Illuminate/Foundation/Console/Kernel.php(198): Symfony\\Component\\Console\\Application->run(Object(Symfony\\Component\\Console\\Input\\ArgvInput), Object(Symfony\\Component\\Console\\Output\\ConsoleOutput))
#32 /Users/mariopazmino/Documents/GitHub/Untitled/app/vendor/laravel/framework/src/Illuminate/Foundation/Application.php(1235): Illuminate\\Foundation\\Console\\Kernel->handle(Object(Symfony\\Component\\Console\\Input\\ArgvInput), Object(Symfony\\Component\\Console\\Output\\ConsoleOutput))
#33 /Users/mariopazmino/Documents/GitHub/Untitled/app/artisan(13): Illuminate\\Foundation\\Application->handleCommand(Object(Symfony\\Component\\Console\\Input\\ArgvInput))
#34 {main}

[previous exception] [object] (PDOException(code: 42S01): SQLSTATE[42S01]: Base table or view already exists: 1050 Table 'users' already exists at /Users/mariopazmino/Documents/GitHub/Untitled/app/vendor/laravel/framework/src/Illuminate/Database/Connection.php:571)
[stacktrace]
#0 /Users/mariopazmino/Documents/GitHub/Untitled/app/vendor/laravel/framework/src/Illuminate/Database/Connection.php(571): PDOStatement->execute()
#1 /Users/mariopazmino/Documents/GitHub/Untitled/app/vendor/laravel/framework/src/Illuminate/Database/Connection.php(812): Illuminate\\Database\\Connection->Illuminate\\Database\\{closure}('create table `u...', Array)
#2 /Users/mariopazmino/Documents/GitHub/Untitled/app/vendor/laravel/framework/src/Illuminate/Database/Connection.php(779): Illuminate\\Database\\Connection->runQueryCallback('create table `u...', Array, Object(Closure))
#3 /Users/mariopazmino/Documents/GitHub/Untitled/app/vendor/laravel/framework/src/Illuminate/Database/Connection.php(560): Illuminate\\Database\\Connection->run('create table `u...', Array, Object(Closure))
#4 /Users/mariopazmino/Documents/GitHub/Untitled/app/vendor/laravel/framework/src/Illuminate/Database/Schema/Blueprint.php(118): Illuminate\\Database\\Connection->statement('create table `u...')
#5 /Users/mariopazmino/Documents/GitHub/Untitled/app/vendor/laravel/framework/src/Illuminate/Database/Schema/Builder.php(564): Illuminate\\Database\\Schema\\Blueprint->build(Object(Illuminate\\Database\\MySqlConnection), Object(Illuminate\\Database\\Schema\\Grammars\\MySqlGrammar))
#6 /Users/mariopazmino/Documents/GitHub/Untitled/app/vendor/laravel/framework/src/Illuminate/Database/Schema/Builder.php(418): Illuminate\\Database\\Schema\\Builder->build(Object(Illuminate\\Database\\Schema\\Blueprint))
#7 /Users/mariopazmino/Documents/GitHub/Untitled/app/vendor/laravel/framework/src/Illuminate/Support/Facades/Facade.php(361): Illuminate\\Database\\Schema\\Builder->create('users', Object(Closure))
#8 /Users/mariopazmino/Documents/GitHub/Untitled/app/database/migrations/0001_01_01_000000_create_users_table.php(14): Illuminate\\Support\\Facades\\Facade::__callStatic('create', Array)
#9 /Users/mariopazmino/Documents/GitHub/Untitled/app/vendor/laravel/framework/src/Illuminate/Database/Migrations/Migrator.php(507): Illuminate\\Database\\Migrations\\Migration@anonymous->up()
#10 /Users/mariopazmino/Documents/GitHub/Untitled/app/vendor/laravel/framework/src/Illuminate/Database/Migrations/Migrator.php(432): Illuminate\\Database\\Migrations\\Migrator->runMethod(Object(Illuminate\\Database\\MySqlConnection), Object(Illuminate\\Database\\Migrations\\Migration@anonymous), 'up')
#11 /Users/mariopazmino/Documents/GitHub/Untitled/app/vendor/laravel/framework/src/Illuminate/Database/Migrations/Migrator.php(441): Illuminate\\Database\\Migrations\\Migrator->Illuminate\\Database\\Migrations\\{closure}()
#12 /Users/mariopazmino/Documents/GitHub/Untitled/app/vendor/laravel/framework/src/Illuminate/Database/Migrations/Migrator.php(244): Illuminate\\Database\\Migrations\\Migrator->runMigration(Object(Illuminate\\Database\\Migrations\\Migration@anonymous), 'up')
#13 /Users/mariopazmino/Documents/GitHub/Untitled/app/vendor/laravel/framework/src/Illuminate/Console/View/Components/Task.php(40): Illuminate\\Database\\Migrations\\Migrator->Illuminate\\Database\\Migrations\\{closure}()
#14 /Users/mariopazmino/Documents/GitHub/Untitled/app/vendor/laravel/framework/src/Illuminate/Database/Migrations/Migrator.php(798): Illuminate\\Console\\View\\Components\\Task->render('0001_01_01_0000...', Object(Closure))
#15 /Users/mariopazmino/Documents/GitHub/Untitled/app/vendor/laravel/framework/src/Illuminate/Database/Migrations/Migrator.php(244): Illuminate\\Database\\Migrations\\Migrator->write('Illuminate\\\\Cons...', '0001_01_01_0000...', Object(Closure))
#16 /Users/mariopazmino/Documents/GitHub/Untitled/app/vendor/laravel/framework/src/Illuminate/Database/Migrations/Migrator.php(211): Illuminate\\Database\\Migrations\\Migrator->runUp('/Users/mariopaz...', 11, false)
#17 /Users/mariopazmino/Documents/GitHub/Untitled/app/vendor/laravel/framework/src/Illuminate/Database/Migrations/Migrator.php(138): Illuminate\\Database\\Migrations\\Migrator->runPending(Array, Array)
#18 /Users/mariopazmino/Documents/GitHub/Untitled/app/vendor/laravel/framework/src/Illuminate/Database/Console/Migrations/MigrateCommand.php(117): Illuminate\\Database\\Migrations\\Migrator->run(Array, Array)
#19 /Users/mariopazmino/Documents/GitHub/Untitled/app/vendor/laravel/framework/src/Illuminate/Database/Migrations/Migrator.php(658): Illuminate\\Database\\Console\\Migrations\\MigrateCommand->Illuminate\\Database\\Console\\Migrations\\{closure}()
#20 /Users/mariopazmino/Documents/GitHub/Untitled/app/vendor/laravel/framework/src/Illuminate/Database/Console/Migrations/MigrateCommand.php(110): Illuminate\\Database\\Migrations\\Migrator->usingConnection(NULL, Object(Closure))
#21 /Users/mariopazmino/Documents/GitHub/Untitled/app/vendor/laravel/framework/src/Illuminate/Database/Console/Migrations/MigrateCommand.php(89): Illuminate\\Database\\Console\\Migrations\\MigrateCommand->runMigrations()
#22 /Users/mariopazmino/Documents/GitHub/Untitled/app/vendor/laravel/framework/src/Illuminate/Container/BoundMethod.php(36): Illuminate\\Database\\Console\\Migrations\\MigrateCommand->handle()
#23 /Users/mariopazmino/Documents/GitHub/Untitled/app/vendor/laravel/framework/src/Illuminate/Container/Util.php(43): Illuminate\\Container\\BoundMethod::Illuminate\\Container\\{closure}()
#24 /Users/mariopazmino/Documents/GitHub/Untitled/app/vendor/laravel/framework/src/Illuminate/Container/BoundMethod.php(95): Illuminate\\Container\\Util::unwrapIfClosure(Object(Closure))
#25 /Users/mariopazmino/Documents/GitHub/Untitled/app/vendor/laravel/framework/src/Illuminate/Container/BoundMethod.php(35): Illuminate\\Container\\BoundMethod::callBoundMethod(Object(Illuminate\\Foundation\\Application), Array, Object(Closure))
#26 /Users/mariopazmino/Documents/GitHub/Untitled/app/vendor/laravel/framework/src/Illuminate/Container/Container.php(696): Illuminate\\Container\\BoundMethod::call(Object(Illuminate\\Foundation\\Application), Array, Array, NULL)
#27 /Users/mariopazmino/Documents/GitHub/Untitled/app/vendor/laravel/framework/src/Illuminate/Console/Command.php(213): Illuminate\\Container\\Container->call(Array)
#28 /Users/mariopazmino/Documents/GitHub/Untitled/app/vendor/symfony/console/Command/Command.php(341): Illuminate\\Console\\Command->execute(Object(Symfony\\Component\\Console\\Input\\ArgvInput), Object(Illuminate\\Console\\OutputStyle))
#29 /Users/mariopazmino/Documents/GitHub/Untitled/app/vendor/laravel/framework/src/Illuminate/Console/Command.php(182): Symfony\\Component\\Console\\Command\\Command->run(Object(Symfony\\Component\\Console\\Input\\ArgvInput), Object(Illuminate\\Console\\OutputStyle))
#30 /Users/mariopazmino/Documents/GitHub/Untitled/app/vendor/symfony/console/Application.php(1117): Illuminate\\Console\\Command->run(Object(Symfony\\Component\\Console\\Input\\ArgvInput), Object(Symfony\\Component\\Console\\Output\\ConsoleOutput))
#31 /Users/mariopazmino/Documents/GitHub/Untitled/app/vendor/symfony/console/Application.php(356): Symfony\\Component\\Console\\Application->doRunCommand(Object(Illuminate\\Database\\Console\\Migrations\\MigrateCommand), Object(Symfony\\Component\\Console\\Input\\ArgvInput), Object(Symfony\\Component\\Console\\Output\\ConsoleOutput))
#32 /Users/mariopazmino/Documents/GitHub/Untitled/app/vendor/symfony/console/Application.php(195): Symfony\\Component\\Console\\Application->doRun(Object(Symfony\\Component\\Console\\Input\\ArgvInput), Object(Symfony\\Component\\Console\\Output\\ConsoleOutput))
#33 /Users/mariopazmino/Documents/GitHub/Untitled/app/vendor/laravel/framework/src/Illuminate/Foundation/Console/Kernel.php(198): Symfony\\Component\\Console\\Application->run(Object(Symfony\\Component\\Console\\Input\\ArgvInput), Object(Symfony\\Component\\Console\\Output\\ConsoleOutput))
#34 /Users/mariopazmino/Documents/GitHub/Untitled/app/vendor/laravel/framework/src/Illuminate/Foundation/Application.php(1235): Illuminate\\Foundation\\Console\\Kernel->handle(Object(Symfony\\Component\\Console\\Input\\ArgvInput), Object(Symfony\\Component\\Console\\Output\\ConsoleOutput))
#35 /Users/mariopazmino/Documents/GitHub/Untitled/app/artisan(13): Illuminate\\Foundation\\Application->handleCommand(Object(Symfony\\Component\\Console\\Input\\ArgvInput))
#36 {main}
"} 
[2026-04-20 18:56:25] local.ERROR: SQLSTATE[42S01]: Base table or view already exists: 1050 Table 'password_reset_tokens' already exists (Connection: mysql, SQL: create table `password_reset_tokens` (`email` varchar(255) not null, `token` varchar(255) not null, `created_at` timestamp null, primary key (`email`)) default character set utf8mb4 collate 'utf8mb4_unicode_ci') {"exception":"[object] (Illuminate\\Database\\QueryException(code: 42S01): SQLSTATE[42S01]: Base table or view already exists: 1050 Table 'password_reset_tokens' already exists (Connection: mysql, SQL: create table `password_reset_tokens` (`email` varchar(255) not null, `token` varchar(255) not null, `created_at` timestamp null, primary key (`email`)) default character set utf8mb4 collate 'utf8mb4_unicode_ci') at /Users/mariopazmino/Documents/GitHub/Untitled/app/vendor/laravel/framework/src/Illuminate/Database/Connection.php:825)
[stacktrace]
#0 /Users/mariopazmino/Documents/GitHub/Untitled/app/vendor/laravel/framework/src/Illuminate/Database/Connection.php(779): Illuminate\\Database\\Connection->runQueryCallback('create table `p...', Array, Object(Closure))
#1 /Users/mariopazmino/Documents/GitHub/Untitled/app/vendor/laravel/framework/src/Illuminate/Database/Connection.php(560): Illuminate\\Database\\Connection->run('create table `p...', Array, Object(Closure))
#2 /Users/mariopazmino/Documents/GitHub/Untitled/app/vendor/laravel/framework/src/Illuminate/Database/Schema/Blueprint.php(118): Illuminate\\Database\\Connection->statement('create table `p...')
#3 /Users/mariopazmino/Documents/GitHub/Untitled/app/vendor/laravel/framework/src/Illuminate/Database/Schema/Builder.php(564): Illuminate\\Database\\Schema\\Blueprint->build(Object(Illuminate\\Database\\MySqlConnection), Object(Illuminate\\Database\\Schema\\Grammars\\MySqlGrammar))
#4 /Users/mariopazmino/Documents/GitHub/Untitled/app/vendor/laravel/framework/src/Illuminate/Database/Schema/Builder.php(418): Illuminate\\Database\\Schema\\Builder->build(Object(Illuminate\\Database\\Schema\\Blueprint))
#5 /Users/mariopazmino/Documents/GitHub/Untitled/app/vendor/laravel/framework/src/Illuminate/Support/Facades/Facade.php(361): Illuminate\\Database\\Schema\\Builder->create('password_reset_...', Object(Closure))
#6 /Users/mariopazmino/Documents/GitHub/Untitled/app/database/migrations/0001_01_01_000000_create_users_table.php(24): Illuminate\\Support\\Facades\\Facade::__callStatic('create', Array)
#7 /Users/mariopazmino/Documents/GitHub/Untitled/app/vendor/laravel/framework/src/Illuminate/Database/Migrations/Migrator.php(507): Illuminate\\Database\\Migrations\\Migration@anonymous->up()
#8 /Users/mariopazmino/Documents/GitHub/Untitled/app/vendor/laravel/framework/src/Illuminate/Database/Migrations/Migrator.php(432): Illuminate\\Database\\Migrations\\Migrator->runMethod(Object(Illuminate\\Database\\MySqlConnection), Object(Illuminate\\Database\\Migrations\\Migration@anonymous), 'up')
#9 /Users/mariopazmino/Documents/GitHub/Untitled/app/vendor/laravel/framework/src/Illuminate/Database/Migrations/Migrator.php(441): Illuminate\\Database\\Migrations\\Migrator->Illuminate\\Database\\Migrations\\{closure}()
#10 /Users/mariopazmino/Documents/GitHub/Untitled/app/vendor/laravel/framework/src/Illuminate/Database/Migrations/Migrator.php(244): Illuminate\\Database\\Migrations\\Migrator->runMigration(Object(Illuminate\\Database\\Migrations\\Migration@anonymous), 'up')
#11 /Users/mariopazmino/Documents/GitHub/Untitled/app/vendor/laravel/framework/src/Illuminate/Console/View/Components/Task.php(40): Illuminate\\Database\\Migrations\\Migrator->Illuminate\\Database\\Migrations\\{closure}()
#12 /Users/mariopazmino/Documents/GitHub/Untitled/app/vendor/laravel/framework/src/Illuminate/Database/Migrations/Migrator.php(798): Illuminate\\Console\\View\\Components\\Task->render('0001_01_01_0000...', Object(Closure))
#13 /Users/mariopazmino/Documents/GitHub/Untitled/app/vendor/laravel/framework/src/Illuminate/Database/Migrations/Migrator.php(244): Illuminate\\Database\\Migrations\\Migrator->write('Illuminate\\\\Cons...', '0001_01_01_0000...', Object(Closure))
#14 /Users/mariopazmino/Documents/GitHub/Untitled/app/vendor/laravel/framework/src/Illuminate/Database/Migrations/Migrator.php(211): Illuminate\\Database\\Migrations\\Migrator->runUp('/Users/mariopaz...', 1, false)
#15 /Users/mariopazmino/Documents/GitHub/Untitled/app/vendor/laravel/framework/src/Illuminate/Database/Migrations/Migrator.php(138): Illuminate\\Database\\Migrations\\Migrator->runPending(Array, Array)
#16 /Users/mariopazmino/Documents/GitHub/Untitled/app/vendor/laravel/framework/src/Illuminate/Database/Console/Migrations/MigrateCommand.php(117): Illuminate\\Database\\Migrations\\Migrator->run(Array, Array)
#17 /Users/mariopazmino/Documents/GitHub/Untitled/app/vendor/laravel/framework/src/Illuminate/Database/Migrations/Migrator.php(658): Illuminate\\Database\\Console\\Migrations\\MigrateCommand->Illuminate\\Database\\Console\\Migrations\\{closure}()
#18 /Users/mariopazmino/Documents/GitHub/Untitled/app/vendor/laravel/framework/src/Illuminate/Database/Console/Migrations/MigrateCommand.php(110): Illuminate\\Database\\Migrations\\Migrator->usingConnection(NULL, Object(Closure))
#19 /Users/mariopazmino/Documents/GitHub/Untitled/app/vendor/laravel/framework/src/Illuminate/Database/Console/Migrations/MigrateCommand.php(89): Illuminate\\Database\\Console\\Migrations\\MigrateCommand->runMigrations()
#20 /Users/mariopazmino/Documents/GitHub/Untitled/app/vendor/laravel/framework/src/Illuminate/Container/BoundMethod.php(36): Illuminate\\Database\\Console\\Migrations\\MigrateCommand->handle()
#21 /Users/mariopazmino/Documents/GitHub/Untitled/app/vendor/laravel/framework/src/Illuminate/Container/Util.php(43): Illuminate\\Container\\BoundMethod::Illuminate\\Container\\{closure}()
#22 /Users/mariopazmino/Documents/GitHub/Untitled/app/vendor/laravel/framework/src/Illuminate/Container/BoundMethod.php(95): Illuminate\\Container\\Util::unwrapIfClosure(Object(Closure))
#23 /Users/mariopazmino/Documents/GitHub/Untitled/app/vendor/laravel/framework/src/Illuminate/Container/BoundMethod.php(35): Illuminate\\Container\\BoundMethod::callBoundMethod(Object(Illuminate\\Foundation\\Application), Array, Object(Closure))
#24 /Users/mariopazmino/Documents/GitHub/Untitled/app/vendor/laravel/framework/src/Illuminate/Container/Container.php(696): Illuminate\\Container\\BoundMethod::call(Object(Illuminate\\Foundation\\Application), Array, Array, NULL)
#25 /Users/mariopazmino/Documents/GitHub/Untitled/app/vendor/laravel/framework/src/Illuminate/Console/Command.php(213): Illuminate\\Container\\Container->call(Array)
#26 /Users/mariopazmino/Documents/GitHub/Untitled/app/vendor/symfony/console/Command/Command.php(341): Illuminate\\Console\\Command->execute(Object(Symfony\\Component\\Console\\Input\\ArgvInput), Object(Illuminate\\Console\\OutputStyle))
#27 /Users/mariopazmino/Documents/GitHub/Untitled/app/vendor/laravel/framework/src/Illuminate/Console/Command.php(182): Symfony\\Component\\Console\\Command\\Command->run(Object(Symfony\\Component\\Console\\Input\\ArgvInput), Object(Illuminate\\Console\\OutputStyle))
#28 /Users/mariopazmino/Documents/GitHub/Untitled/app/vendor/symfony/console/Application.php(1117): Illuminate\\Console\\Command->run(Object(Symfony\\Component\\Console\\Input\\ArgvInput), Object(Symfony\\Component\\Console\\Output\\ConsoleOutput))
#29 /Users/mariopazmino/Documents/GitHub/Untitled/app/vendor/symfony/console/Application.php(356): Symfony\\Component\\Console\\Application->doRunCommand(Object(Illuminate\\Database\\Console\\Migrations\\MigrateCommand), Object(Symfony\\Component\\Console\\Input\\ArgvInput), Object(Symfony\\Component\\Console\\Output\\ConsoleOutput))
#30 /Users/mariopazmino/Documents/GitHub/Untitled/app/vendor/symfony/console/Application.php(195): Symfony\\Component\\Console\\Application->doRun(Object(Symfony\\Component\\Console\\Input\\ArgvInput), Object(Symfony\\Component\\Console\\Output\\ConsoleOutput))
#31 /Users/mariopazmino/Documents/GitHub/Untitled/app/vendor/laravel/framework/src/Illuminate/Foundation/Console/Kernel.php(198): Symfony\\Component\\Console\\Application->run(Object(Symfony\\Component\\Console\\Input\\ArgvInput), Object(Symfony\\Component\\Console\\Output\\ConsoleOutput))
#32 /Users/mariopazmino/Documents/GitHub/Untitled/app/vendor/laravel/framework/src/Illuminate/Foundation/Application.php(1235): Illuminate\\Foundation\\Console\\Kernel->handle(Object(Symfony\\Component\\Console\\Input\\ArgvInput), Object(Symfony\\Component\\Console\\Output\\ConsoleOutput))
#33 /Users/mariopazmino/Documents/GitHub/Untitled/app/artisan(13): Illuminate\\Foundation\\Application->handleCommand(Object(Symfony\\Component\\Console\\Input\\ArgvInput))
#34 {main}

[previous exception] [object] (PDOException(code: 42S01): SQLSTATE[42S01]: Base table or view already exists: 1050 Table 'password_reset_tokens' already exists at /Users/mariopazmino/Documents/GitHub/Untitled/app/vendor/laravel/framework/src/Illuminate/Database/Connection.php:571)
[stacktrace]
#0 /Users/mariopazmino/Documents/GitHub/Untitled/app/vendor/laravel/framework/src/Illuminate/Database/Connection.php(571): PDOStatement->execute()
#1 /Users/mariopazmino/Documents/GitHub/Untitled/app/vendor/laravel/framework/src/Illuminate/Database/Connection.php(812): Illuminate\\Database\\Connection->Illuminate\\Database\\{closure}('create table `p...', Array)
#2 /Users/mariopazmino/Documents/GitHub/Untitled/app/vendor/laravel/framework/src/Illuminate/Database/Connection.php(779): Illuminate\\Database\\Connection->runQueryCallback('create table `p...', Array, Object(Closure))
#3 /Users/mariopazmino/Documents/GitHub/Untitled/app/vendor/laravel/framework/src/Illuminate/Database/Connection.php(560): Illuminate\\Database\\Connection->run('create table `p...', Array, Object(Closure))
#4 /Users/mariopazmino/Documents/GitHub/Untitled/app/vendor/laravel/framework/src/Illuminate/Database/Schema/Blueprint.php(118): Illuminate\\Database\\Connection->statement('create table `p...')
#5 /Users/mariopazmino/Documents/GitHub/Untitled/app/vendor/laravel/framework/src/Illuminate/Database/Schema/Builder.php(564): Illuminate\\Database\\Schema\\Blueprint->build(Object(Illuminate\\Database\\MySqlConnection), Object(Illuminate\\Database\\Schema\\Grammars\\MySqlGrammar))
#6 /Users/mariopazmino/Documents/GitHub/Untitled/app/vendor/laravel/framework/src/Illuminate/Database/Schema/Builder.php(418): Illuminate\\Database\\Schema\\Builder->build(Object(Illuminate\\Database\\Schema\\Blueprint))
#7 /Users/mariopazmino/Documents/GitHub/Untitled/app/vendor/laravel/framework/src/Illuminate/Support/Facades/Facade.php(361): Illuminate\\Database\\Schema\\Builder->create('password_reset_...', Object(Closure))
#8 /Users/mariopazmino/Documents/GitHub/Untitled/app/database/migrations/0001_01_01_000000_create_users_table.php(24): Illuminate\\Support\\Facades\\Facade::__callStatic('create', Array)
#9 /Users/mariopazmino/Documents/GitHub/Untitled/app/vendor/laravel/framework/src/Illuminate/Database/Migrations/Migrator.php(507): Illuminate\\Database\\Migrations\\Migration@anonymous->up()
#10 /Users/mariopazmino/Documents/GitHub/Untitled/app/vendor/laravel/framework/src/Illuminate/Database/Migrations/Migrator.php(432): Illuminate\\Database\\Migrations\\Migrator->runMethod(Object(Illuminate\\Database\\MySqlConnection), Object(Illuminate\\Database\\Migrations\\Migration@anonymous), 'up')
#11 /Users/mariopazmino/Documents/GitHub/Untitled/app/vendor/laravel/framework/src/Illuminate/Database/Migrations/Migrator.php(441): Illuminate\\Database\\Migrations\\Migrator->Illuminate\\Database\\Migrations\\{closure}()
#12 /Users/mariopazmino/Documents/GitHub/Untitled/app/vendor/laravel/framework/src/Illuminate/Database/Migrations/Migrator.php(244): Illuminate\\Database\\Migrations\\Migrator->runMigration(Object(Illuminate\\Database\\Migrations\\Migration@anonymous), 'up')
#13 /Users/mariopazmino/Documents/GitHub/Untitled/app/vendor/laravel/framework/src/Illuminate/Console/View/Components/Task.php(40): Illuminate\\Database\\Migrations\\Migrator->Illuminate\\Database\\Migrations\\{closure}()
#14 /Users/mariopazmino/Documents/GitHub/Untitled/app/vendor/laravel/framework/src/Illuminate/Database/Migrations/Migrator.php(798): Illuminate\\Console\\View\\Components\\Task->render('0001_01_01_0000...', Object(Closure))
#15 /Users/mariopazmino/Documents/GitHub/Untitled/app/vendor/laravel/framework/src/Illuminate/Database/Migrations/Migrator.php(244): Illuminate\\Database\\Migrations\\Migrator->write('Illuminate\\\\Cons...', '0001_01_01_0000...', Object(Closure))
#16 /Users/mariopazmino/Documents/GitHub/Untitled/app/vendor/laravel/framework/src/Illuminate/Database/Migrations/Migrator.php(211): Illuminate\\Database\\Migrations\\Migrator->runUp('/Users/mariopaz...', 1, false)
#17 /Users/mariopazmino/Documents/GitHub/Untitled/app/vendor/laravel/framework/src/Illuminate/Database/Migrations/Migrator.php(138): Illuminate\\Database\\Migrations\\Migrator->runPending(Array, Array)
#18 /Users/mariopazmino/Documents/GitHub/Untitled/app/vendor/laravel/framework/src/Illuminate/Database/Console/Migrations/MigrateCommand.php(117): Illuminate\\Database\\Migrations\\Migrator->run(Array, Array)
#19 /Users/mariopazmino/Documents/GitHub/Untitled/app/vendor/laravel/framework/src/Illuminate/Database/Migrations/Migrator.php(658): Illuminate\\Database\\Console\\Migrations\\MigrateCommand->Illuminate\\Database\\Console\\Migrations\\{closure}()
#20 /Users/mariopazmino/Documents/GitHub/Untitled/app/vendor/laravel/framework/src/Illuminate/Database/Console/Migrations/MigrateCommand.php(110): Illuminate\\Database\\Migrations\\Migrator->usingConnection(NULL, Object(Closure))
#21 /Users/mariopazmino/Documents/GitHub/Untitled/app/vendor/laravel/framework/src/Illuminate/Database/Console/Migrations/MigrateCommand.php(89): Illuminate\\Database\\Console\\Migrations\\MigrateCommand->runMigrations()
#22 /Users/mariopazmino/Documents/GitHub/Untitled/app/vendor/laravel/framework/src/Illuminate/Container/BoundMethod.php(36): Illuminate\\Database\\Console\\Migrations\\MigrateCommand->handle()
#23 /Users/mariopazmino/Documents/GitHub/Untitled/app/vendor/laravel/framework/src/Illuminate/Container/Util.php(43): Illuminate\\Container\\BoundMethod::Illuminate\\Container\\{closure}()
#24 /Users/mariopazmino/Documents/GitHub/Untitled/app/vendor/laravel/framework/src/Illuminate/Container/BoundMethod.php(95): Illuminate\\Container\\Util::unwrapIfClosure(Object(Closure))
#25 /Users/mariopazmino/Documents/GitHub/Untitled/app/vendor/laravel/framework/src/Illuminate/Container/BoundMethod.php(35): Illuminate\\Container\\BoundMethod::callBoundMethod(Object(Illuminate\\Foundation\\Application), Array, Object(Closure))
#26 /Users/mariopazmino/Documents/GitHub/Untitled/app/vendor/laravel/framework/src/Illuminate/Container/Container.php(696): Illuminate\\Container\\BoundMethod::call(Object(Illuminate\\Foundation\\Application), Array, Array, NULL)
#27 /Users/mariopazmino/Documents/GitHub/Untitled/app/vendor/laravel/framework/src/Illuminate/Console/Command.php(213): Illuminate\\Container\\Container->call(Array)
#28 /Users/mariopazmino/Documents/GitHub/Untitled/app/vendor/symfony/console/Command/Command.php(341): Illuminate\\Console\\Command->execute(Object(Symfony\\Component\\Console\\Input\\ArgvInput), Object(Illuminate\\Console\\OutputStyle))
#29 /Users/mariopazmino/Documents/GitHub/Untitled/app/vendor/laravel/framework/src/Illuminate/Console/Command.php(182): Symfony\\Component\\Console\\Command\\Command->run(Object(Symfony\\Component\\Console\\Input\\ArgvInput), Object(Illuminate\\Console\\OutputStyle))
#30 /Users/mariopazmino/Documents/GitHub/Untitled/app/vendor/symfony/console/Application.php(1117): Illuminate\\Console\\Command->run(Object(Symfony\\Component\\Console\\Input\\ArgvInput), Object(Symfony\\Component\\Console\\Output\\ConsoleOutput))
#31 /Users/mariopazmino/Documents/GitHub/Untitled/app/vendor/symfony/console/Application.php(356): Symfony\\Component\\Console\\Application->doRunCommand(Object(Illuminate\\Database\\Console\\Migrations\\MigrateCommand), Object(Symfony\\Component\\Console\\Input\\ArgvInput), Object(Symfony\\Component\\Console\\Output\\ConsoleOutput))
#32 /Users/mariopazmino/Documents/GitHub/Untitled/app/vendor/symfony/console/Application.php(195): Symfony\\Component\\Console\\Application->doRun(Object(Symfony\\Component\\Console\\Input\\ArgvInput), Object(Symfony\\Component\\Console\\Output\\ConsoleOutput))
#33 /Users/mariopazmino/Documents/GitHub/Untitled/app/vendor/laravel/framework/src/Illuminate/Foundation/Console/Kernel.php(198): Symfony\\Component\\Console\\Application->run(Object(Symfony\\Component\\Console\\Input\\ArgvInput), Object(Symfony\\Component\\Console\\Output\\ConsoleOutput))
#34 /Users/mariopazmino/Documents/GitHub/Untitled/app/vendor/laravel/framework/src/Illuminate/Foundation/Application.php(1235): Illuminate\\Foundation\\Console\\Kernel->handle(Object(Symfony\\Component\\Console\\Input\\ArgvInput), Object(Symfony\\Component\\Console\\Output\\ConsoleOutput))
#35 /Users/mariopazmino/Documents/GitHub/Untitled/app/artisan(13): Illuminate\\Foundation\\Application->handleCommand(Object(Symfony\\Component\\Console\\Input\\ArgvInput))
#36 {main}
"} 
[2026-04-20 18:56:29] local.ERROR: SQLSTATE[42S01]: Base table or view already exists: 1050 Table 'failed_jobs' already exists (Connection: mysql, SQL: create table `failed_jobs` (`id` bigint unsigned not null auto_increment primary key, `uuid` varchar(255) not null, `connection` text not null, `queue` text not null, `payload` longtext not null, `exception` longtext not null, `failed_at` timestamp not null default CURRENT_TIMESTAMP) default character set utf8mb4 collate 'utf8mb4_unicode_ci') {"exception":"[object] (Illuminate\\Database\\QueryException(code: 42S01): SQLSTATE[42S01]: Base table or view already exists: 1050 Table 'failed_jobs' already exists (Connection: mysql, SQL: create table `failed_jobs` (`id` bigint unsigned not null auto_increment primary key, `uuid` varchar(255) not null, `connection` text not null, `queue` text not null, `payload` longtext not null, `exception` longtext not null, `failed_at` timestamp not null default CURRENT_TIMESTAMP) default character set utf8mb4 collate 'utf8mb4_unicode_ci') at /Users/mariopazmino/Documents/GitHub/Untitled/app/vendor/laravel/framework/src/Illuminate/Database/Connection.php:825)
[stacktrace]
#0 /Users/mariopazmino/Documents/GitHub/Untitled/app/vendor/laravel/framework/src/Illuminate/Database/Connection.php(779): Illuminate\\Database\\Connection->runQueryCallback('create table `f...', Array, Object(Closure))
#1 /Users/mariopazmino/Documents/GitHub/Untitled/app/vendor/laravel/framework/src/Illuminate/Database/Connection.php(560): Illuminate\\Database\\Connection->run('create table `f...', Array, Object(Closure))
#2 /Users/mariopazmino/Documents/GitHub/Untitled/app/vendor/laravel/framework/src/Illuminate/Database/Schema/Blueprint.php(118): Illuminate\\Database\\Connection->statement('create table `f...')
#3 /Users/mariopazmino/Documents/GitHub/Untitled/app/vendor/laravel/framework/src/Illuminate/Database/Schema/Builder.php(564): Illuminate\\Database\\Schema\\Blueprint->build(Object(Illuminate\\Database\\MySqlConnection), Object(Illuminate\\Database\\Schema\\Grammars\\MySqlGrammar))
#4 /Users/mariopazmino/Documents/GitHub/Untitled/app/vendor/laravel/framework/src/Illuminate/Database/Schema/Builder.php(418): Illuminate\\Database\\Schema\\Builder->build(Object(Illuminate\\Database\\Schema\\Blueprint))
#5 /Users/mariopazmino/Documents/GitHub/Untitled/app/vendor/laravel/framework/src/Illuminate/Support/Facades/Facade.php(361): Illuminate\\Database\\Schema\\Builder->create('failed_jobs', Object(Closure))
#6 /Users/mariopazmino/Documents/GitHub/Untitled/app/database/migrations/0001_01_01_000002_create_jobs_table.php(37): Illuminate\\Support\\Facades\\Facade::__callStatic('create', Array)
#7 /Users/mariopazmino/Documents/GitHub/Untitled/app/vendor/laravel/framework/src/Illuminate/Database/Migrations/Migrator.php(507): Illuminate\\Database\\Migrations\\Migration@anonymous->up()
#8 /Users/mariopazmino/Documents/GitHub/Untitled/app/vendor/laravel/framework/src/Illuminate/Database/Migrations/Migrator.php(432): Illuminate\\Database\\Migrations\\Migrator->runMethod(Object(Illuminate\\Database\\MySqlConnection), Object(Illuminate\\Database\\Migrations\\Migration@anonymous), 'up')
#9 /Users/mariopazmino/Documents/GitHub/Untitled/app/vendor/laravel/framework/src/Illuminate/Database/Migrations/Migrator.php(441): Illuminate\\Database\\Migrations\\Migrator->Illuminate\\Database\\Migrations\\{closure}()
#10 /Users/mariopazmino/Documents/GitHub/Untitled/app/vendor/laravel/framework/src/Illuminate/Database/Migrations/Migrator.php(244): Illuminate\\Database\\Migrations\\Migrator->runMigration(Object(Illuminate\\Database\\Migrations\\Migration@anonymous), 'up')
#11 /Users/mariopazmino/Documents/GitHub/Untitled/app/vendor/laravel/framework/src/Illuminate/Console/View/Components/Task.php(40): Illuminate\\Database\\Migrations\\Migrator->Illuminate\\Database\\Migrations\\{closure}()
#12 /Users/mariopazmino/Documents/GitHub/Untitled/app/vendor/laravel/framework/src/Illuminate/Database/Migrations/Migrator.php(798): Illuminate\\Console\\View\\Components\\Task->render('0001_01_01_0000...', Object(Closure))
#13 /Users/mariopazmino/Documents/GitHub/Untitled/app/vendor/laravel/framework/src/Illuminate/Database/Migrations/Migrator.php(244): Illuminate\\Database\\Migrations\\Migrator->write('Illuminate\\\\Cons...', '0001_01_01_0000...', Object(Closure))
#14 /Users/mariopazmino/Documents/GitHub/Untitled/app/vendor/laravel/framework/src/Illuminate/Database/Migrations/Migrator.php(211): Illuminate\\Database\\Migrations\\Migrator->runUp('/Users/mariopaz...', 1, false)
#15 /Users/mariopazmino/Documents/GitHub/Untitled/app/vendor/laravel/framework/src/Illuminate/Database/Migrations/Migrator.php(138): Illuminate\\Database\\Migrations\\Migrator->runPending(Array, Array)
#16 /Users/mariopazmino/Documents/GitHub/Untitled/app/vendor/laravel/framework/src/Illuminate/Database/Console/Migrations/MigrateCommand.php(117): Illuminate\\Database\\Migrations\\Migrator->run(Array, Array)
#17 /Users/mariopazmino/Documents/GitHub/Untitled/app/vendor/laravel/framework/src/Illuminate/Database/Migrations/Migrator.php(658): Illuminate\\Database\\Console\\Migrations\\MigrateCommand->Illuminate\\Database\\Console\\Migrations\\{closure}()
#18 /Users/mariopazmino/Documents/GitHub/Untitled/app/vendor/laravel/framework/src/Illuminate/Database/Console/Migrations/MigrateCommand.php(110): Illuminate\\Database\\Migrations\\Migrator->usingConnection(NULL, Object(Closure))
#19 /Users/mariopazmino/Documents/GitHub/Untitled/app/vendor/laravel/framework/src/Illuminate/Database/Console/Migrations/MigrateCommand.php(89): Illuminate\\Database\\Console\\Migrations\\MigrateCommand->runMigrations()
#20 /Users/mariopazmino/Documents/GitHub/Untitled/app/vendor/laravel/framework/src/Illuminate/Container/BoundMethod.php(36): Illuminate\\Database\\Console\\Migrations\\MigrateCommand->handle()
#21 /Users/mariopazmino/Documents/GitHub/Untitled/app/vendor/laravel/framework/src/Illuminate/Container/Util.php(43): Illuminate\\Container\\BoundMethod::Illuminate\\Container\\{closure}()
#22 /Users/mariopazmino/Documents/GitHub/Untitled/app/vendor/laravel/framework/src/Illuminate/Container/BoundMethod.php(95): Illuminate\\Container\\Util::unwrapIfClosure(Object(Closure))
#23 /Users/mariopazmino/Documents/GitHub/Untitled/app/vendor/laravel/framework/src/Illuminate/Container/BoundMethod.php(35): Illuminate\\Container\\BoundMethod::callBoundMethod(Object(Illuminate\\Foundation\\Application), Array, Object(Closure))
#24 /Users/mariopazmino/Documents/GitHub/Untitled/app/vendor/laravel/framework/src/Illuminate/Container/Container.php(696): Illuminate\\Container\\BoundMethod::call(Object(Illuminate\\Foundation\\Application), Array, Array, NULL)
#25 /Users/mariopazmino/Documents/GitHub/Untitled/app/vendor/laravel/framework/src/Illuminate/Console/Command.php(213): Illuminate\\Container\\Container->call(Array)
#26 /Users/mariopazmino/Documents/GitHub/Untitled/app/vendor/symfony/console/Command/Command.php(341): Illuminate\\Console\\Command->execute(Object(Symfony\\Component\\Console\\Input\\ArgvInput), Object(Illuminate\\Console\\OutputStyle))
#27 /Users/mariopazmino/Documents/GitHub/Untitled/app/vendor/laravel/framework/src/Illuminate/Console/Command.php(182): Symfony\\Component\\Console\\Command\\Command->run(Object(Symfony\\Component\\Console\\Input\\ArgvInput), Object(Illuminate\\Console\\OutputStyle))
#28 /Users/mariopazmino/Documents/GitHub/Untitled/app/vendor/symfony/console/Application.php(1117): Illuminate\\Console\\Command->run(Object(Symfony\\Component\\Console\\Input\\ArgvInput), Object(Symfony\\Component\\Console\\Output\\ConsoleOutput))
#29 /Users/mariopazmino/Documents/GitHub/Untitled/app/vendor/symfony/console/Application.php(356): Symfony\\Component\\Console\\Application->doRunCommand(Object(Illuminate\\Database\\Console\\Migrations\\MigrateCommand), Object(Symfony\\Component\\Console\\Input\\ArgvInput), Object(Symfony\\Component\\Console\\Output\\ConsoleOutput))
#30 /Users/mariopazmino/Documents/GitHub/Untitled/app/vendor/symfony/console/Application.php(195): Symfony\\Component\\Console\\Application->doRun(Object(Symfony\\Component\\Console\\Input\\ArgvInput), Object(Symfony\\Component\\Console\\Output\\ConsoleOutput))
#31 /Users/mariopazmino/Documents/GitHub/Untitled/app/vendor/laravel/framework/src/Illuminate/Foundation/Console/Kernel.php(198): Symfony\\Component\\Console\\Application->run(Object(Symfony\\Component\\Console\\Input\\ArgvInput), Object(Symfony\\Component\\Console\\Output\\ConsoleOutput))
#32 /Users/mariopazmino/Documents/GitHub/Untitled/app/vendor/laravel/framework/src/Illuminate/Foundation/Application.php(1235): Illuminate\\Foundation\\Console\\Kernel->handle(Object(Symfony\\Component\\Console\\Input\\ArgvInput), Object(Symfony\\Component\\Console\\Output\\ConsoleOutput))
#33 /Users/mariopazmino/Documents/GitHub/Untitled/app/artisan(13): Illuminate\\Foundation\\Application->handleCommand(Object(Symfony\\Component\\Console\\Input\\ArgvInput))
#34 {main}

[previous exception] [object] (PDOException(code: 42S01): SQLSTATE[42S01]: Base table or view already exists: 1050 Table 'failed_jobs' already exists at /Users/mariopazmino/Documents/GitHub/Untitled/app/vendor/laravel/framework/src/Illuminate/Database/Connection.php:571)
[stacktrace]
#0 /Users/mariopazmino/Documents/GitHub/Untitled/app/vendor/laravel/framework/src/Illuminate/Database/Connection.php(571): PDOStatement->execute()
#1 /Users/mariopazmino/Documents/GitHub/Untitled/app/vendor/laravel/framework/src/Illuminate/Database/Connection.php(812): Illuminate\\Database\\Connection->Illuminate\\Database\\{closure}('create table `f...', Array)
#2 /Users/mariopazmino/Documents/GitHub/Untitled/app/vendor/laravel/framework/src/Illuminate/Database/Connection.php(779): Illuminate\\Database\\Connection->runQueryCallback('create table `f...', Array, Object(Closure))
#3 /Users/mariopazmino/Documents/GitHub/Untitled/app/vendor/laravel/framework/src/Illuminate/Database/Connection.php(560): Illuminate\\Database\\Connection->run('create table `f...', Array, Object(Closure))
#4 /Users/mariopazmino/Documents/GitHub/Untitled/app/vendor/laravel/framework/src/Illuminate/Database/Schema/Blueprint.php(118): Illuminate\\Database\\Connection->statement('create table `f...')
#5 /Users/mariopazmino/Documents/GitHub/Untitled/app/vendor/laravel/framework/src/Illuminate/Database/Schema/Builder.php(564): Illuminate\\Database\\Schema\\Blueprint->build(Object(Illuminate\\Database\\MySqlConnection), Object(Illuminate\\Database\\Schema\\Grammars\\MySqlGrammar))
#6 /Users/mariopazmino/Documents/GitHub/Untitled/app/vendor/laravel/framework/src/Illuminate/Database/Schema/Builder.php(418): Illuminate\\Database\\Schema\\Builder->build(Object(Illuminate\\Database\\Schema\\Blueprint))
#7 /Users/mariopazmino/Documents/GitHub/Untitled/app/vendor/laravel/framework/src/Illuminate/Support/Facades/Facade.php(361): Illuminate\\Database\\Schema\\Builder->create('failed_jobs', Object(Closure))
#8 /Users/mariopazmino/Documents/GitHub/Untitled/app/database/migrations/0001_01_01_000002_create_jobs_table.php(37): Illuminate\\Support\\Facades\\Facade::__callStatic('create', Array)
#9 /Users/mariopazmino/Documents/GitHub/Untitled/app/vendor/laravel/framework/src/Illuminate/Database/Migrations/Migrator.php(507): Illuminate\\Database\\Migrations\\Migration@anonymous->up()
#10 /Users/mariopazmino/Documents/GitHub/Untitled/app/vendor/laravel/framework/src/Illuminate/Database/Migrations/Migrator.php(432): Illuminate\\Database\\Migrations\\Migrator->runMethod(Object(Illuminate\\Database\\MySqlConnection), Object(Illuminate\\Database\\Migrations\\Migration@anonymous), 'up')
#11 /Users/mariopazmino/Documents/GitHub/Untitled/app/vendor/laravel/framework/src/Illuminate/Database/Migrations/Migrator.php(441): Illuminate\\Database\\Migrations\\Migrator->Illuminate\\Database\\Migrations\\{closure}()
#12 /Users/mariopazmino/Documents/GitHub/Untitled/app/vendor/laravel/framework/src/Illuminate/Database/Migrations/Migrator.php(244): Illuminate\\Database\\Migrations\\Migrator->runMigration(Object(Illuminate\\Database\\Migrations\\Migration@anonymous), 'up')
#13 /Users/mariopazmino/Documents/GitHub/Untitled/app/vendor/laravel/framework/src/Illuminate/Console/View/Components/Task.php(40): Illuminate\\Database\\Migrations\\Migrator->Illuminate\\Database\\Migrations\\{closure}()
#14 /Users/mariopazmino/Documents/GitHub/Untitled/app/vendor/laravel/framework/src/Illuminate/Database/Migrations/Migrator.php(798): Illuminate\\Console\\View\\Components\\Task->render('0001_01_01_0000...', Object(Closure))
#15 /Users/mariopazmino/Documents/GitHub/Untitled/app/vendor/laravel/framework/src/Illuminate/Database/Migrations/Migrator.php(244): Illuminate\\Database\\Migrations\\Migrator->write('Illuminate\\\\Cons...', '0001_01_01_0000...', Object(Closure))
#16 /Users/mariopazmino/Documents/GitHub/Untitled/app/vendor/laravel/framework/src/Illuminate/Database/Migrations/Migrator.php(211): Illuminate\\Database\\Migrations\\Migrator->runUp('/Users/mariopaz...', 1, false)
#17 /Users/mariopazmino/Documents/GitHub/Untitled/app/vendor/laravel/framework/src/Illuminate/Database/Migrations/Migrator.php(138): Illuminate\\Database\\Migrations\\Migrator->runPending(Array, Array)
#18 /Users/mariopazmino/Documents/GitHub/Untitled/app/vendor/laravel/framework/src/Illuminate/Database/Console/Migrations/MigrateCommand.php(117): Illuminate\\Database\\Migrations\\Migrator->run(Array, Array)
#19 /Users/mariopazmino/Documents/GitHub/Untitled/app/vendor/laravel/framework/src/Illuminate/Database/Migrations/Migrator.php(658): Illuminate\\Database\\Console\\Migrations\\MigrateCommand->Illuminate\\Database\\Console\\Migrations\\{closure}()
#20 /Users/mariopazmino/Documents/GitHub/Untitled/app/vendor/laravel/framework/src/Illuminate/Database/Console/Migrations/MigrateCommand.php(110): Illuminate\\Database\\Migrations\\Migrator->usingConnection(NULL, Object(Closure))
#21 /Users/mariopazmino/Documents/GitHub/Untitled/app/vendor/laravel/framework/src/Illuminate/Database/Console/Migrations/MigrateCommand.php(89): Illuminate\\Database\\Console\\Migrations\\MigrateCommand->runMigrations()
#22 /Users/mariopazmino/Documents/GitHub/Untitled/app/vendor/laravel/framework/src/Illuminate/Container/BoundMethod.php(36): Illuminate\\Database\\Console\\Migrations\\MigrateCommand->handle()
#23 /Users/mariopazmino/Documents/GitHub/Untitled/app/vendor/laravel/framework/src/Illuminate/Container/Util.php(43): Illuminate\\Container\\BoundMethod::Illuminate\\Container\\{closure}()
#24 /Users/mariopazmino/Documents/GitHub/Untitled/app/vendor/laravel/framework/src/Illuminate/Container/BoundMethod.php(95): Illuminate\\Container\\Util::unwrapIfClosure(Object(Closure))
#25 /Users/mariopazmino/Documents/GitHub/Untitled/app/vendor/laravel/framework/src/Illuminate/Container/BoundMethod.php(35): Illuminate\\Container\\BoundMethod::callBoundMethod(Object(Illuminate\\Foundation\\Application), Array, Object(Closure))
#26 /Users/mariopazmino/Documents/GitHub/Untitled/app/vendor/laravel/framework/src/Illuminate/Container/Container.php(696): Illuminate\\Container\\BoundMethod::call(Object(Illuminate\\Foundation\\Application), Array, Array, NULL)
#27 /Users/mariopazmino/Documents/GitHub/Untitled/app/vendor/laravel/framework/src/Illuminate/Console/Command.php(213): Illuminate\\Container\\Container->call(Array)
#28 /Users/mariopazmino/Documents/GitHub/Untitled/app/vendor/symfony/console/Command/Command.php(341): Illuminate\\Console\\Command->execute(Object(Symfony\\Component\\Console\\Input\\ArgvInput), Object(Illuminate\\Console\\OutputStyle))
#29 /Users/mariopazmino/Documents/GitHub/Untitled/app/vendor/laravel/framework/src/Illuminate/Console/Command.php(182): Symfony\\Component\\Console\\Command\\Command->run(Object(Symfony\\Component\\Console\\Input\\ArgvInput), Object(Illuminate\\Console\\OutputStyle))
#30 /Users/mariopazmino/Documents/GitHub/Untitled/app/vendor/symfony/console/Application.php(1117): Illuminate\\Console\\Command->run(Object(Symfony\\Component\\Console\\Input\\ArgvInput), Object(Symfony\\Component\\Console\\Output\\ConsoleOutput))
#31 /Users/mariopazmino/Documents/GitHub/Untitled/app/vendor/symfony/console/Application.php(356): Symfony\\Component\\Console\\Application->doRunCommand(Object(Illuminate\\Database\\Console\\Migrations\\MigrateCommand), Object(Symfony\\Component\\Console\\Input\\ArgvInput), Object(Symfony\\Component\\Console\\Output\\ConsoleOutput))
#32 /Users/mariopazmino/Documents/GitHub/Untitled/app/vendor/symfony/console/Application.php(195): Symfony\\Component\\Console\\Application->doRun(Object(Symfony\\Component\\Console\\Input\\ArgvInput), Object(Symfony\\Component\\Console\\Output\\ConsoleOutput))
#33 /Users/mariopazmino/Documents/GitHub/Untitled/app/vendor/laravel/framework/src/Illuminate/Foundation/Console/Kernel.php(198): Symfony\\Component\\Console\\Application->run(Object(Symfony\\Component\\Console\\Input\\ArgvInput), Object(Symfony\\Component\\Console\\Output\\ConsoleOutput))
#34 /Users/mariopazmino/Documents/GitHub/Untitled/app/vendor/laravel/framework/src/Illuminate/Foundation/Application.php(1235): Illuminate\\Foundation\\Console\\Kernel->handle(Object(Symfony\\Component\\Console\\Input\\ArgvInput), Object(Symfony\\Component\\Console\\Output\\ConsoleOutput))
#35 /Users/mariopazmino/Documents/GitHub/Untitled/app/artisan(13): Illuminate\\Foundation\\Application->handleCommand(Object(Symfony\\Component\\Console\\Input\\ArgvInput))
#36 {main}
"} 
[2026-04-20 18:56:33] local.ERROR: SQLSTATE[42S01]: Base table or view already exists: 1050 Table 'cache_locks' already exists (Connection: mysql, SQL: create table `cache_locks` (`key` varchar(255) not null, `owner` varchar(255) not null, `expiration` int not null, primary key (`key`)) default character set utf8mb4 collate 'utf8mb4_unicode_ci') {"exception":"[object] (Illuminate\\Database\\QueryException(code: 42S01): SQLSTATE[42S01]: Base table or view already exists: 1050 Table 'cache_locks' already exists (Connection: mysql, SQL: create table `cache_locks` (`key` varchar(255) not null, `owner` varchar(255) not null, `expiration` int not null, primary key (`key`)) default character set utf8mb4 collate 'utf8mb4_unicode_ci') at /Users/mariopazmino/Documents/GitHub/Untitled/app/vendor/laravel/framework/src/Illuminate/Database/Connection.php:825)
[stacktrace]
#0 /Users/mariopazmino/Documents/GitHub/Untitled/app/vendor/laravel/framework/src/Illuminate/Database/Connection.php(779): Illuminate\\Database\\Connection->runQueryCallback('create table `c...', Array, Object(Closure))
#1 /Users/mariopazmino/Documents/GitHub/Untitled/app/vendor/laravel/framework/src/Illuminate/Database/Connection.php(560): Illuminate\\Database\\Connection->run('create table `c...', Array, Object(Closure))
#2 /Users/mariopazmino/Documents/GitHub/Untitled/app/vendor/laravel/framework/src/Illuminate/Database/Schema/Blueprint.php(118): Illuminate\\Database\\Connection->statement('create table `c...')
#3 /Users/mariopazmino/Documents/GitHub/Untitled/app/vendor/laravel/framework/src/Illuminate/Database/Schema/Builder.php(564): Illuminate\\Database\\Schema\\Blueprint->build(Object(Illuminate\\Database\\MySqlConnection), Object(Illuminate\\Database\\Schema\\Grammars\\MySqlGrammar))
#4 /Users/mariopazmino/Documents/GitHub/Untitled/app/vendor/laravel/framework/src/Illuminate/Database/Schema/Builder.php(418): Illuminate\\Database\\Schema\\Builder->build(Object(Illuminate\\Database\\Schema\\Blueprint))
#5 /Users/mariopazmino/Documents/GitHub/Untitled/app/vendor/laravel/framework/src/Illuminate/Support/Facades/Facade.php(361): Illuminate\\Database\\Schema\\Builder->create('cache_locks', Object(Closure))
#6 /Users/mariopazmino/Documents/GitHub/Untitled/app/database/migrations/0001_01_01_000001_create_cache_table.php(20): Illuminate\\Support\\Facades\\Facade::__callStatic('create', Array)
#7 /Users/mariopazmino/Documents/GitHub/Untitled/app/vendor/laravel/framework/src/Illuminate/Database/Migrations/Migrator.php(507): Illuminate\\Database\\Migrations\\Migration@anonymous->up()
#8 /Users/mariopazmino/Documents/GitHub/Untitled/app/vendor/laravel/framework/src/Illuminate/Database/Migrations/Migrator.php(432): Illuminate\\Database\\Migrations\\Migrator->runMethod(Object(Illuminate\\Database\\MySqlConnection), Object(Illuminate\\Database\\Migrations\\Migration@anonymous), 'up')
#9 /Users/mariopazmino/Documents/GitHub/Untitled/app/vendor/laravel/framework/src/Illuminate/Database/Migrations/Migrator.php(441): Illuminate\\Database\\Migrations\\Migrator->Illuminate\\Database\\Migrations\\{closure}()
#10 /Users/mariopazmino/Documents/GitHub/Untitled/app/vendor/laravel/framework/src/Illuminate/Database/Migrations/Migrator.php(244): Illuminate\\Database\\Migrations\\Migrator->runMigration(Object(Illuminate\\Database\\Migrations\\Migration@anonymous), 'up')
#11 /Users/mariopazmino/Documents/GitHub/Untitled/app/vendor/laravel/framework/src/Illuminate/Console/View/Components/Task.php(40): Illuminate\\Database\\Migrations\\Migrator->Illuminate\\Database\\Migrations\\{closure}()
#12 /Users/mariopazmino/Documents/GitHub/Untitled/app/vendor/laravel/framework/src/Illuminate/Database/Migrations/Migrator.php(798): Illuminate\\Console\\View\\Components\\Task->render('0001_01_01_0000...', Object(Closure))
#13 /Users/mariopazmino/Documents/GitHub/Untitled/app/vendor/laravel/framework/src/Illuminate/Database/Migrations/Migrator.php(244): Illuminate\\Database\\Migrations\\Migrator->write('Illuminate\\\\Cons...', '0001_01_01_0000...', Object(Closure))
#14 /Users/mariopazmino/Documents/GitHub/Untitled/app/vendor/laravel/framework/src/Illuminate/Database/Migrations/Migrator.php(211): Illuminate\\Database\\Migrations\\Migrator->runUp('/Users/mariopaz...', 1, false)
#15 /Users/mariopazmino/Documents/GitHub/Untitled/app/vendor/laravel/framework/src/Illuminate/Database/Migrations/Migrator.php(138): Illuminate\\Database\\Migrations\\Migrator->runPending(Array, Array)
#16 /Users/mariopazmino/Documents/GitHub/Untitled/app/vendor/laravel/framework/src/Illuminate/Database/Console/Migrations/MigrateCommand.php(117): Illuminate\\Database\\Migrations\\Migrator->run(Array, Array)
#17 /Users/mariopazmino/Documents/GitHub/Untitled/app/vendor/laravel/framework/src/Illuminate/Database/Migrations/Migrator.php(658): Illuminate\\Database\\Console\\Migrations\\MigrateCommand->Illuminate\\Database\\Console\\Migrations\\{closure}()
#18 /Users/mariopazmino/Documents/GitHub/Untitled/app/vendor/laravel/framework/src/Illuminate/Database/Console/Migrations/MigrateCommand.php(110): Illuminate\\Database\\Migrations\\Migrator->usingConnection(NULL, Object(Closure))
#19 /Users/mariopazmino/Documents/GitHub/Untitled/app/vendor/laravel/framework/src/Illuminate/Database/Console/Migrations/MigrateCommand.php(89): Illuminate\\Database\\Console\\Migrations\\MigrateCommand->runMigrations()
#20 /Users/mariopazmino/Documents/GitHub/Untitled/app/vendor/laravel/framework/src/Illuminate/Container/BoundMethod.php(36): Illuminate\\Database\\Console\\Migrations\\MigrateCommand->handle()
#21 /Users/mariopazmino/Documents/GitHub/Untitled/app/vendor/laravel/framework/src/Illuminate/Container/Util.php(43): Illuminate\\Container\\BoundMethod::Illuminate\\Container\\{closure}()
#22 /Users/mariopazmino/Documents/GitHub/Untitled/app/vendor/laravel/framework/src/Illuminate/Container/BoundMethod.php(95): Illuminate\\Container\\Util::unwrapIfClosure(Object(Closure))
#23 /Users/mariopazmino/Documents/GitHub/Untitled/app/vendor/laravel/framework/src/Illuminate/Container/BoundMethod.php(35): Illuminate\\Container\\BoundMethod::callBoundMethod(Object(Illuminate\\Foundation\\Application), Array, Object(Closure))
#24 /Users/mariopazmino/Documents/GitHub/Untitled/app/vendor/laravel/framework/src/Illuminate/Container/Container.php(696): Illuminate\\Container\\BoundMethod::call(Object(Illuminate\\Foundation\\Application), Array, Array, NULL)
#25 /Users/mariopazmino/Documents/GitHub/Untitled/app/vendor/laravel/framework/src/Illuminate/Console/Command.php(213): Illuminate\\Container\\Container->call(Array)
#26 /Users/mariopazmino/Documents/GitHub/Untitled/app/vendor/symfony/console/Command/Command.php(341): Illuminate\\Console\\Command->execute(Object(Symfony\\Component\\Console\\Input\\ArgvInput), Object(Illuminate\\Console\\OutputStyle))
#27 /Users/mariopazmino/Documents/GitHub/Untitled/app/vendor/laravel/framework/src/Illuminate/Console/Command.php(182): Symfony\\Component\\Console\\Command\\Command->run(Object(Symfony\\Component\\Console\\Input\\ArgvInput), Object(Illuminate\\Console\\OutputStyle))
#28 /Users/mariopazmino/Documents/GitHub/Untitled/app/vendor/symfony/console/Application.php(1117): Illuminate\\Console\\Command->run(Object(Symfony\\Component\\Console\\Input\\ArgvInput), Object(Symfony\\Component\\Console\\Output\\ConsoleOutput))
#29 /Users/mariopazmino/Documents/GitHub/Untitled/app/vendor/symfony/console/Application.php(356): Symfony\\Component\\Console\\Application->doRunCommand(Object(Illuminate\\Database\\Console\\Migrations\\MigrateCommand), Object(Symfony\\Component\\Console\\Input\\ArgvInput), Object(Symfony\\Component\\Console\\Output\\ConsoleOutput))
#30 /Users/mariopazmino/Documents/GitHub/Untitled/app/vendor/symfony/console/Application.php(195): Symfony\\Component\\Console\\Application->doRun(Object(Symfony\\Component\\Console\\Input\\ArgvInput), Object(Symfony\\Component\\Console\\Output\\ConsoleOutput))
#31 /Users/mariopazmino/Documents/GitHub/Untitled/app/vendor/laravel/framework/src/Illuminate/Foundation/Console/Kernel.php(198): Symfony\\Component\\Console\\Application->run(Object(Symfony\\Component\\Console\\Input\\ArgvInput), Object(Symfony\\Component\\Console\\Output\\ConsoleOutput))
#32 /Users/mariopazmino/Documents/GitHub/Untitled/app/vendor/laravel/framework/src/Illuminate/Foundation/Application.php(1235): Illuminate\\Foundation\\Console\\Kernel->handle(Object(Symfony\\Component\\Console\\Input\\ArgvInput), Object(Symfony\\Component\\Console\\Output\\ConsoleOutput))
#33 /Users/mariopazmino/Documents/GitHub/Untitled/app/artisan(13): Illuminate\\Foundation\\Application->handleCommand(Object(Symfony\\Component\\Console\\Input\\ArgvInput))
#34 {main}

[previous exception] [object] (PDOException(code: 42S01): SQLSTATE[42S01]: Base table or view already exists: 1050 Table 'cache_locks' already exists at /Users/mariopazmino/Documents/GitHub/Untitled/app/vendor/laravel/framework/src/Illuminate/Database/Connection.php:571)
[stacktrace]
#0 /Users/mariopazmino/Documents/GitHub/Untitled/app/vendor/laravel/framework/src/Illuminate/Database/Connection.php(571): PDOStatement->execute()
#1 /Users/mariopazmino/Documents/GitHub/Untitled/app/vendor/laravel/framework/src/Illuminate/Database/Connection.php(812): Illuminate\\Database\\Connection->Illuminate\\Database\\{closure}('create table `c...', Array)
#2 /Users/mariopazmino/Documents/GitHub/Untitled/app/vendor/laravel/framework/src/Illuminate/Database/Connection.php(779): Illuminate\\Database\\Connection->runQueryCallback('create table `c...', Array, Object(Closure))
#3 /Users/mariopazmino/Documents/GitHub/Untitled/app/vendor/laravel/framework/src/Illuminate/Database/Connection.php(560): Illuminate\\Database\\Connection->run('create table `c...', Array, Object(Closure))
#4 /Users/mariopazmino/Documents/GitHub/Untitled/app/vendor/laravel/framework/src/Illuminate/Database/Schema/Blueprint.php(118): Illuminate\\Database\\Connection->statement('create table `c...')
#5 /Users/mariopazmino/Documents/GitHub/Untitled/app/vendor/laravel/framework/src/Illuminate/Database/Schema/Builder.php(564): Illuminate\\Database\\Schema\\Blueprint->build(Object(Illuminate\\Database\\MySqlConnection), Object(Illuminate\\Database\\Schema\\Grammars\\MySqlGrammar))
#6 /Users/mariopazmino/Documents/GitHub/Untitled/app/vendor/laravel/framework/src/Illuminate/Database/Schema/Builder.php(418): Illuminate\\Database\\Schema\\Builder->build(Object(Illuminate\\Database\\Schema\\Blueprint))
#7 /Users/mariopazmino/Documents/GitHub/Untitled/app/vendor/laravel/framework/src/Illuminate/Support/Facades/Facade.php(361): Illuminate\\Database\\Schema\\Builder->create('cache_locks', Object(Closure))
#8 /Users/mariopazmino/Documents/GitHub/Untitled/app/database/migrations/0001_01_01_000001_create_cache_table.php(20): Illuminate\\Support\\Facades\\Facade::__callStatic('create', Array)
#9 /Users/mariopazmino/Documents/GitHub/Untitled/app/vendor/laravel/framework/src/Illuminate/Database/Migrations/Migrator.php(507): Illuminate\\Database\\Migrations\\Migration@anonymous->up()
#10 /Users/mariopazmino/Documents/GitHub/Untitled/app/vendor/laravel/framework/src/Illuminate/Database/Migrations/Migrator.php(432): Illuminate\\Database\\Migrations\\Migrator->runMethod(Object(Illuminate\\Database\\MySqlConnection), Object(Illuminate\\Database\\Migrations\\Migration@anonymous), 'up')
#11 /Users/mariopazmino/Documents/GitHub/Untitled/app/vendor/laravel/framework/src/Illuminate/Database/Migrations/Migrator.php(441): Illuminate\\Database\\Migrations\\Migrator->Illuminate\\Database\\Migrations\\{closure}()
#12 /Users/mariopazmino/Documents/GitHub/Untitled/app/vendor/laravel/framework/src/Illuminate/Database/Migrations/Migrator.php(244): Illuminate\\Database\\Migrations\\Migrator->runMigration(Object(Illuminate\\Database\\Migrations\\Migration@anonymous), 'up')
#13 /Users/mariopazmino/Documents/GitHub/Untitled/app/vendor/laravel/framework/src/Illuminate/Console/View/Components/Task.php(40): Illuminate\\Database\\Migrations\\Migrator->Illuminate\\Database\\Migrations\\{closure}()
#14 /Users/mariopazmino/Documents/GitHub/Untitled/app/vendor/laravel/framework/src/Illuminate/Database/Migrations/Migrator.php(798): Illuminate\\Console\\View\\Components\\Task->render('0001_01_01_0000...', Object(Closure))
#15 /Users/mariopazmino/Documents/GitHub/Untitled/app/vendor/laravel/framework/src/Illuminate/Database/Migrations/Migrator.php(244): Illuminate\\Database\\Migrations\\Migrator->write('Illuminate\\\\Cons...', '0001_01_01_0000...', Object(Closure))
#16 /Users/mariopazmino/Documents/GitHub/Untitled/app/vendor/laravel/framework/src/Illuminate/Database/Migrations/Migrator.php(211): Illuminate\\Database\\Migrations\\Migrator->runUp('/Users/mariopaz...', 1, false)
#17 /Users/mariopazmino/Documents/GitHub/Untitled/app/vendor/laravel/framework/src/Illuminate/Database/Migrations/Migrator.php(138): Illuminate\\Database\\Migrations\\Migrator->runPending(Array, Array)
#18 /Users/mariopazmino/Documents/GitHub/Untitled/app/vendor/laravel/framework/src/Illuminate/Database/Console/Migrations/MigrateCommand.php(117): Illuminate\\Database\\Migrations\\Migrator->run(Array, Array)
#19 /Users/mariopazmino/Documents/GitHub/Untitled/app/vendor/laravel/framework/src/Illuminate/Database/Migrations/Migrator.php(658): Illuminate\\Database\\Console\\Migrations\\MigrateCommand->Illuminate\\Database\\Console\\Migrations\\{closure}()
#20 /Users/mariopazmino/Documents/GitHub/Untitled/app/vendor/laravel/framework/src/Illuminate/Database/Console/Migrations/MigrateCommand.php(110): Illuminate\\Database\\Migrations\\Migrator->usingConnection(NULL, Object(Closure))
#21 /Users/mariopazmino/Documents/GitHub/Untitled/app/vendor/laravel/framework/src/Illuminate/Database/Console/Migrations/MigrateCommand.php(89): Illuminate\\Database\\Console\\Migrations\\MigrateCommand->runMigrations()
#22 /Users/mariopazmino/Documents/GitHub/Untitled/app/vendor/laravel/framework/src/Illuminate/Container/BoundMethod.php(36): Illuminate\\Database\\Console\\Migrations\\MigrateCommand->handle()
#23 /Users/mariopazmino/Documents/GitHub/Untitled/app/vendor/laravel/framework/src/Illuminate/Container/Util.php(43): Illuminate\\Container\\BoundMethod::Illuminate\\Container\\{closure}()
#24 /Users/mariopazmino/Documents/GitHub/Untitled/app/vendor/laravel/framework/src/Illuminate/Container/BoundMethod.php(95): Illuminate\\Container\\Util::unwrapIfClosure(Object(Closure))
#25 /Users/mariopazmino/Documents/GitHub/Untitled/app/vendor/laravel/framework/src/Illuminate/Container/BoundMethod.php(35): Illuminate\\Container\\BoundMethod::callBoundMethod(Object(Illuminate\\Foundation\\Application), Array, Object(Closure))
#26 /Users/mariopazmino/Documents/GitHub/Untitled/app/vendor/laravel/framework/src/Illuminate/Container/Container.php(696): Illuminate\\Container\\BoundMethod::call(Object(Illuminate\\Foundation\\Application), Array, Array, NULL)
#27 /Users/mariopazmino/Documents/GitHub/Untitled/app/vendor/laravel/framework/src/Illuminate/Console/Command.php(213): Illuminate\\Container\\Container->call(Array)
#28 /Users/mariopazmino/Documents/GitHub/Untitled/app/vendor/symfony/console/Command/Command.php(341): Illuminate\\Console\\Command->execute(Object(Symfony\\Component\\Console\\Input\\ArgvInput), Object(Illuminate\\Console\\OutputStyle))
#29 /Users/mariopazmino/Documents/GitHub/Untitled/app/vendor/laravel/framework/src/Illuminate/Console/Command.php(182): Symfony\\Component\\Console\\Command\\Command->run(Object(Symfony\\Component\\Console\\Input\\ArgvInput), Object(Illuminate\\Console\\OutputStyle))
#30 /Users/mariopazmino/Documents/GitHub/Untitled/app/vendor/symfony/console/Application.php(1117): Illuminate\\Console\\Command->run(Object(Symfony\\Component\\Console\\Input\\ArgvInput), Object(Symfony\\Component\\Console\\Output\\ConsoleOutput))
#31 /Users/mariopazmino/Documents/GitHub/Untitled/app/vendor/symfony/console/Application.php(356): Symfony\\Component\\Console\\Application->doRunCommand(Object(Illuminate\\Database\\Console\\Migrations\\MigrateCommand), Object(Symfony\\Component\\Console\\Input\\ArgvInput), Object(Symfony\\Component\\Console\\Output\\ConsoleOutput))
#32 /Users/mariopazmino/Documents/GitHub/Untitled/app/vendor/symfony/console/Application.php(195): Symfony\\Component\\Console\\Application->doRun(Object(Symfony\\Component\\Console\\Input\\ArgvInput), Object(Symfony\\Component\\Console\\Output\\ConsoleOutput))
#33 /Users/mariopazmino/Documents/GitHub/Untitled/app/vendor/laravel/framework/src/Illuminate/Foundation/Console/Kernel.php(198): Symfony\\Component\\Console\\Application->run(Object(Symfony\\Component\\Console\\Input\\ArgvInput), Object(Symfony\\Component\\Console\\Output\\ConsoleOutput))
#34 /Users/mariopazmino/Documents/GitHub/Untitled/app/vendor/laravel/framework/src/Illuminate/Foundation/Application.php(1235): Illuminate\\Foundation\\Console\\Kernel->handle(Object(Symfony\\Component\\Console\\Input\\ArgvInput), Object(Symfony\\Component\\Console\\Output\\ConsoleOutput))
#35 /Users/mariopazmino/Documents/GitHub/Untitled/app/artisan(13): Illuminate\\Foundation\\Application->handleCommand(Object(Symfony\\Component\\Console\\Input\\ArgvInput))
#36 {main}
"} 
[2026-04-20 18:56:38] local.ERROR: SQLSTATE[42S01]: Base table or view already exists: 1050 Table 'job_batches' already exists (Connection: mysql, SQL: create table `job_batches` (`id` varchar(255) not null, `name` varchar(255) not null, `total_jobs` int not null, `pending_jobs` int not null, `failed_jobs` int not null, `failed_job_ids` longtext not null, `options` mediumtext null, `cancelled_at` int null, `created_at` int not null, `finished_at` int null, primary key (`id`)) default character set utf8mb4 collate 'utf8mb4_unicode_ci') {"exception":"[object] (Illuminate\\Database\\QueryException(code: 42S01): SQLSTATE[42S01]: Base table or view already exists: 1050 Table 'job_batches' already exists (Connection: mysql, SQL: create table `job_batches` (`id` varchar(255) not null, `name` varchar(255) not null, `total_jobs` int not null, `pending_jobs` int not null, `failed_jobs` int not null, `failed_job_ids` longtext not null, `options` mediumtext null, `cancelled_at` int null, `created_at` int not null, `finished_at` int null, primary key (`id`)) default character set utf8mb4 collate 'utf8mb4_unicode_ci') at /Users/mariopazmino/Documents/GitHub/Untitled/app/vendor/laravel/framework/src/Illuminate/Database/Connection.php:825)
[stacktrace]
#0 /Users/mariopazmino/Documents/GitHub/Untitled/app/vendor/laravel/framework/src/Illuminate/Database/Connection.php(779): Illuminate\\Database\\Connection->runQueryCallback('create table `j...', Array, Object(Closure))
#1 /Users/mariopazmino/Documents/GitHub/Untitled/app/vendor/laravel/framework/src/Illuminate/Database/Connection.php(560): Illuminate\\Database\\Connection->run('create table `j...', Array, Object(Closure))
#2 /Users/mariopazmino/Documents/GitHub/Untitled/app/vendor/laravel/framework/src/Illuminate/Database/Schema/Blueprint.php(118): Illuminate\\Database\\Connection->statement('create table `j...')
#3 /Users/mariopazmino/Documents/GitHub/Untitled/app/vendor/laravel/framework/src/Illuminate/Database/Schema/Builder.php(564): Illuminate\\Database\\Schema\\Blueprint->build(Object(Illuminate\\Database\\MySqlConnection), Object(Illuminate\\Database\\Schema\\Grammars\\MySqlGrammar))
#4 /Users/mariopazmino/Documents/GitHub/Untitled/app/vendor/laravel/framework/src/Illuminate/Database/Schema/Builder.php(418): Illuminate\\Database\\Schema\\Builder->build(Object(Illuminate\\Database\\Schema\\Blueprint))
#5 /Users/mariopazmino/Documents/GitHub/Untitled/app/vendor/laravel/framework/src/Illuminate/Support/Facades/Facade.php(361): Illuminate\\Database\\Schema\\Builder->create('job_batches', Object(Closure))
#6 /Users/mariopazmino/Documents/GitHub/Untitled/app/database/migrations/0001_01_01_000002_create_jobs_table.php(24): Illuminate\\Support\\Facades\\Facade::__callStatic('create', Array)
#7 /Users/mariopazmino/Documents/GitHub/Untitled/app/vendor/laravel/framework/src/Illuminate/Database/Migrations/Migrator.php(507): Illuminate\\Database\\Migrations\\Migration@anonymous->up()
#8 /Users/mariopazmino/Documents/GitHub/Untitled/app/vendor/laravel/framework/src/Illuminate/Database/Migrations/Migrator.php(432): Illuminate\\Database\\Migrations\\Migrator->runMethod(Object(Illuminate\\Database\\MySqlConnection), Object(Illuminate\\Database\\Migrations\\Migration@anonymous), 'up')
#9 /Users/mariopazmino/Documents/GitHub/Untitled/app/vendor/laravel/framework/src/Illuminate/Database/Migrations/Migrator.php(441): Illuminate\\Database\\Migrations\\Migrator->Illuminate\\Database\\Migrations\\{closure}()
#10 /Users/mariopazmino/Documents/GitHub/Untitled/app/vendor/laravel/framework/src/Illuminate/Database/Migrations/Migrator.php(244): Illuminate\\Database\\Migrations\\Migrator->runMigration(Object(Illuminate\\Database\\Migrations\\Migration@anonymous), 'up')
#11 /Users/mariopazmino/Documents/GitHub/Untitled/app/vendor/laravel/framework/src/Illuminate/Console/View/Components/Task.php(40): Illuminate\\Database\\Migrations\\Migrator->Illuminate\\Database\\Migrations\\{closure}()
#12 /Users/mariopazmino/Documents/GitHub/Untitled/app/vendor/laravel/framework/src/Illuminate/Database/Migrations/Migrator.php(798): Illuminate\\Console\\View\\Components\\Task->render('0001_01_01_0000...', Object(Closure))
#13 /Users/mariopazmino/Documents/GitHub/Untitled/app/vendor/laravel/framework/src/Illuminate/Database/Migrations/Migrator.php(244): Illuminate\\Database\\Migrations\\Migrator->write('Illuminate\\\\Cons...', '0001_01_01_0000...', Object(Closure))
#14 /Users/mariopazmino/Documents/GitHub/Untitled/app/vendor/laravel/framework/src/Illuminate/Database/Migrations/Migrator.php(211): Illuminate\\Database\\Migrations\\Migrator->runUp('/Users/mariopaz...', 1, false)
#15 /Users/mariopazmino/Documents/GitHub/Untitled/app/vendor/laravel/framework/src/Illuminate/Database/Migrations/Migrator.php(138): Illuminate\\Database\\Migrations\\Migrator->runPending(Array, Array)
#16 /Users/mariopazmino/Documents/GitHub/Untitled/app/vendor/laravel/framework/src/Illuminate/Database/Console/Migrations/MigrateCommand.php(117): Illuminate\\Database\\Migrations\\Migrator->run(Array, Array)
#17 /Users/mariopazmino/Documents/GitHub/Untitled/app/vendor/laravel/framework/src/Illuminate/Database/Migrations/Migrator.php(658): Illuminate\\Database\\Console\\Migrations\\MigrateCommand->Illuminate\\Database\\Console\\Migrations\\{closure}()
#18 /Users/mariopazmino/Documents/GitHub/Untitled/app/vendor/laravel/framework/src/Illuminate/Database/Console/Migrations/MigrateCommand.php(110): Illuminate\\Database\\Migrations\\Migrator->usingConnection(NULL, Object(Closure))
#19 /Users/mariopazmino/Documents/GitHub/Untitled/app/vendor/laravel/framework/src/Illuminate/Database/Console/Migrations/MigrateCommand.php(89): Illuminate\\Database\\Console\\Migrations\\MigrateCommand->runMigrations()
#20 /Users/mariopazmino/Documents/GitHub/Untitled/app/vendor/laravel/framework/src/Illuminate/Container/BoundMethod.php(36): Illuminate\\Database\\Console\\Migrations\\MigrateCommand->handle()
#21 /Users/mariopazmino/Documents/GitHub/Untitled/app/vendor/laravel/framework/src/Illuminate/Container/Util.php(43): Illuminate\\Container\\BoundMethod::Illuminate\\Container\\{closure}()
#22 /Users/mariopazmino/Documents/GitHub/Untitled/app/vendor/laravel/framework/src/Illuminate/Container/BoundMethod.php(95): Illuminate\\Container\\Util::unwrapIfClosure(Object(Closure))
#23 /Users/mariopazmino/Documents/GitHub/Untitled/app/vendor/laravel/framework/src/Illuminate/Container/BoundMethod.php(35): Illuminate\\Container\\BoundMethod::callBoundMethod(Object(Illuminate\\Foundation\\Application), Array, Object(Closure))
#24 /Users/mariopazmino/Documents/GitHub/Untitled/app/vendor/laravel/framework/src/Illuminate/Container/Container.php(696): Illuminate\\Container\\BoundMethod::call(Object(Illuminate\\Foundation\\Application), Array, Array, NULL)
#25 /Users/mariopazmino/Documents/GitHub/Untitled/app/vendor/laravel/framework/src/Illuminate/Console/Command.php(213): Illuminate\\Container\\Container->call(Array)
#26 /Users/mariopazmino/Documents/GitHub/Untitled/app/vendor/symfony/console/Command/Command.php(341): Illuminate\\Console\\Command->execute(Object(Symfony\\Component\\Console\\Input\\ArgvInput), Object(Illuminate\\Console\\OutputStyle))
#27 /Users/mariopazmino/Documents/GitHub/Untitled/app/vendor/laravel/framework/src/Illuminate/Console/Command.php(182): Symfony\\Component\\Console\\Command\\Command->run(Object(Symfony\\Component\\Console\\Input\\ArgvInput), Object(Illuminate\\Console\\OutputStyle))
#28 /Users/mariopazmino/Documents/GitHub/Untitled/app/vendor/symfony/console/Application.php(1117): Illuminate\\Console\\Command->run(Object(Symfony\\Component\\Console\\Input\\ArgvInput), Object(Symfony\\Component\\Console\\Output\\ConsoleOutput))
#29 /Users/mariopazmino/Documents/GitHub/Untitled/app/vendor/symfony/console/Application.php(356): Symfony\\Component\\Console\\Application->doRunCommand(Object(Illuminate\\Database\\Console\\Migrations\\MigrateCommand), Object(Symfony\\Component\\Console\\Input\\ArgvInput), Object(Symfony\\Component\\Console\\Output\\ConsoleOutput))
#30 /Users/mariopazmino/Documents/GitHub/Untitled/app/vendor/symfony/console/Application.php(195): Symfony\\Component\\Console\\Application->doRun(Object(Symfony\\Component\\Console\\Input\\ArgvInput), Object(Symfony\\Component\\Console\\Output\\ConsoleOutput))
#31 /Users/mariopazmino/Documents/GitHub/Untitled/app/vendor/laravel/framework/src/Illuminate/Foundation/Console/Kernel.php(198): Symfony\\Component\\Console\\Application->run(Object(Symfony\\Component\\Console\\Input\\ArgvInput), Object(Symfony\\Component\\Console\\Output\\ConsoleOutput))
#32 /Users/mariopazmino/Documents/GitHub/Untitled/app/vendor/laravel/framework/src/Illuminate/Foundation/Application.php(1235): Illuminate\\Foundation\\Console\\Kernel->handle(Object(Symfony\\Component\\Console\\Input\\ArgvInput), Object(Symfony\\Component\\Console\\Output\\ConsoleOutput))
#33 /Users/mariopazmino/Documents/GitHub/Untitled/app/artisan(13): Illuminate\\Foundation\\Application->handleCommand(Object(Symfony\\Component\\Console\\Input\\ArgvInput))
#34 {main}

[previous exception] [object] (PDOException(code: 42S01): SQLSTATE[42S01]: Base table or view already exists: 1050 Table 'job_batches' already exists at /Users/mariopazmino/Documents/GitHub/Untitled/app/vendor/laravel/framework/src/Illuminate/Database/Connection.php:571)
[stacktrace]
#0 /Users/mariopazmino/Documents/GitHub/Untitled/app/vendor/laravel/framework/src/Illuminate/Database/Connection.php(571): PDOStatement->execute()
#1 /Users/mariopazmino/Documents/GitHub/Untitled/app/vendor/laravel/framework/src/Illuminate/Database/Connection.php(812): Illuminate\\Database\\Connection->Illuminate\\Database\\{closure}('create table `j...', Array)
#2 /Users/mariopazmino/Documents/GitHub/Untitled/app/vendor/laravel/framework/src/Illuminate/Database/Connection.php(779): Illuminate\\Database\\Connection->runQueryCallback('create table `j...', Array, Object(Closure))
#3 /Users/mariopazmino/Documents/GitHub/Untitled/app/vendor/laravel/framework/src/Illuminate/Database/Connection.php(560): Illuminate\\Database\\Connection->run('create table `j...', Array, Object(Closure))
#4 /Users/mariopazmino/Documents/GitHub/Untitled/app/vendor/laravel/framework/src/Illuminate/Database/Schema/Blueprint.php(118): Illuminate\\Database\\Connection->statement('create table `j...')
#5 /Users/mariopazmino/Documents/GitHub/Untitled/app/vendor/laravel/framework/src/Illuminate/Database/Schema/Builder.php(564): Illuminate\\Database\\Schema\\Blueprint->build(Object(Illuminate\\Database\\MySqlConnection), Object(Illuminate\\Database\\Schema\\Grammars\\MySqlGrammar))
#6 /Users/mariopazmino/Documents/GitHub/Untitled/app/vendor/laravel/framework/src/Illuminate/Database/Schema/Builder.php(418): Illuminate\\Database\\Schema\\Builder->build(Object(Illuminate\\Database\\Schema\\Blueprint))
#7 /Users/mariopazmino/Documents/GitHub/Untitled/app/vendor/laravel/framework/src/Illuminate/Support/Facades/Facade.php(361): Illuminate\\Database\\Schema\\Builder->create('job_batches', Object(Closure))
#8 /Users/mariopazmino/Documents/GitHub/Untitled/app/database/migrations/0001_01_01_000002_create_jobs_table.php(24): Illuminate\\Support\\Facades\\Facade::__callStatic('create', Array)
#9 /Users/mariopazmino/Documents/GitHub/Untitled/app/vendor/laravel/framework/src/Illuminate/Database/Migrations/Migrator.php(507): Illuminate\\Database\\Migrations\\Migration@anonymous->up()
#10 /Users/mariopazmino/Documents/GitHub/Untitled/app/vendor/laravel/framework/src/Illuminate/Database/Migrations/Migrator.php(432): Illuminate\\Database\\Migrations\\Migrator->runMethod(Object(Illuminate\\Database\\MySqlConnection), Object(Illuminate\\Database\\Migrations\\Migration@anonymous), 'up')
#11 /Users/mariopazmino/Documents/GitHub/Untitled/app/vendor/laravel/framework/src/Illuminate/Database/Migrations/Migrator.php(441): Illuminate\\Database\\Migrations\\Migrator->Illuminate\\Database\\Migrations\\{closure}()
#12 /Users/mariopazmino/Documents/GitHub/Untitled/app/vendor/laravel/framework/src/Illuminate/Database/Migrations/Migrator.php(244): Illuminate\\Database\\Migrations\\Migrator->runMigration(Object(Illuminate\\Database\\Migrations\\Migration@anonymous), 'up')
#13 /Users/mariopazmino/Documents/GitHub/Untitled/app/vendor/laravel/framework/src/Illuminate/Console/View/Components/Task.php(40): Illuminate\\Database\\Migrations\\Migrator->Illuminate\\Database\\Migrations\\{closure}()
#14 /Users/mariopazmino/Documents/GitHub/Untitled/app/vendor/laravel/framework/src/Illuminate/Database/Migrations/Migrator.php(798): Illuminate\\Console\\View\\Components\\Task->render('0001_01_01_0000...', Object(Closure))
#15 /Users/mariopazmino/Documents/GitHub/Untitled/app/vendor/laravel/framework/src/Illuminate/Database/Migrations/Migrator.php(244): Illuminate\\Database\\Migrations\\Migrator->write('Illuminate\\\\Cons...', '0001_01_01_0000...', Object(Closure))
#16 /Users/mariopazmino/Documents/GitHub/Untitled/app/vendor/laravel/framework/src/Illuminate/Database/Migrations/Migrator.php(211): Illuminate\\Database\\Migrations\\Migrator->runUp('/Users/mariopaz...', 1, false)
#17 /Users/mariopazmino/Documents/GitHub/Untitled/app/vendor/laravel/framework/src/Illuminate/Database/Migrations/Migrator.php(138): Illuminate\\Database\\Migrations\\Migrator->runPending(Array, Array)
#18 /Users/mariopazmino/Documents/GitHub/Untitled/app/vendor/laravel/framework/src/Illuminate/Database/Console/Migrations/MigrateCommand.php(117): Illuminate\\Database\\Migrations\\Migrator->run(Array, Array)
#19 /Users/mariopazmino/Documents/GitHub/Untitled/app/vendor/laravel/framework/src/Illuminate/Database/Migrations/Migrator.php(658): Illuminate\\Database\\Console\\Migrations\\MigrateCommand->Illuminate\\Database\\Console\\Migrations\\{closure}()
#20 /Users/mariopazmino/Documents/GitHub/Untitled/app/vendor/laravel/framework/src/Illuminate/Database/Console/Migrations/MigrateCommand.php(110): Illuminate\\Database\\Migrations\\Migrator->usingConnection(NULL, Object(Closure))
#21 /Users/mariopazmino/Documents/GitHub/Untitled/app/vendor/laravel/framework/src/Illuminate/Database/Console/Migrations/MigrateCommand.php(89): Illuminate\\Database\\Console\\Migrations\\MigrateCommand->runMigrations()
#22 /Users/mariopazmino/Documents/GitHub/Untitled/app/vendor/laravel/framework/src/Illuminate/Container/BoundMethod.php(36): Illuminate\\Database\\Console\\Migrations\\MigrateCommand->handle()
#23 /Users/mariopazmino/Documents/GitHub/Untitled/app/vendor/laravel/framework/src/Illuminate/Container/Util.php(43): Illuminate\\Container\\BoundMethod::Illuminate\\Container\\{closure}()
#24 /Users/mariopazmino/Documents/GitHub/Untitled/app/vendor/laravel/framework/src/Illuminate/Container/BoundMethod.php(95): Illuminate\\Container\\Util::unwrapIfClosure(Object(Closure))
#25 /Users/mariopazmino/Documents/GitHub/Untitled/app/vendor/laravel/framework/src/Illuminate/Container/BoundMethod.php(35): Illuminate\\Container\\BoundMethod::callBoundMethod(Object(Illuminate\\Foundation\\Application), Array, Object(Closure))
#26 /Users/mariopazmino/Documents/GitHub/Untitled/app/vendor/laravel/framework/src/Illuminate/Container/Container.php(696): Illuminate\\Container\\BoundMethod::call(Object(Illuminate\\Foundation\\Application), Array, Array, NULL)
#27 /Users/mariopazmino/Documents/GitHub/Untitled/app/vendor/laravel/framework/src/Illuminate/Console/Command.php(213): Illuminate\\Container\\Container->call(Array)
#28 /Users/mariopazmino/Documents/GitHub/Untitled/app/vendor/symfony/console/Command/Command.php(341): Illuminate\\Console\\Command->execute(Object(Symfony\\Component\\Console\\Input\\ArgvInput), Object(Illuminate\\Console\\OutputStyle))
#29 /Users/mariopazmino/Documents/GitHub/Untitled/app/vendor/laravel/framework/src/Illuminate/Console/Command.php(182): Symfony\\Component\\Console\\Command\\Command->run(Object(Symfony\\Component\\Console\\Input\\ArgvInput), Object(Illuminate\\Console\\OutputStyle))
#30 /Users/mariopazmino/Documents/GitHub/Untitled/app/vendor/symfony/console/Application.php(1117): Illuminate\\Console\\Command->run(Object(Symfony\\Component\\Console\\Input\\ArgvInput), Object(Symfony\\Component\\Console\\Output\\ConsoleOutput))
#31 /Users/mariopazmino/Documents/GitHub/Untitled/app/vendor/symfony/console/Application.php(356): Symfony\\Component\\Console\\Application->doRunCommand(Object(Illuminate\\Database\\Console\\Migrations\\MigrateCommand), Object(Symfony\\Component\\Console\\Input\\ArgvInput), Object(Symfony\\Component\\Console\\Output\\ConsoleOutput))
#32 /Users/mariopazmino/Documents/GitHub/Untitled/app/vendor/symfony/console/Application.php(195): Symfony\\Component\\Console\\Application->doRun(Object(Symfony\\Component\\Console\\Input\\ArgvInput), Object(Symfony\\Component\\Console\\Output\\ConsoleOutput))
#33 /Users/mariopazmino/Documents/GitHub/Untitled/app/vendor/laravel/framework/src/Illuminate/Foundation/Console/Kernel.php(198): Symfony\\Component\\Console\\Application->run(Object(Symfony\\Component\\Console\\Input\\ArgvInput), Object(Symfony\\Component\\Console\\Output\\ConsoleOutput))
#34 /Users/mariopazmino/Documents/GitHub/Untitled/app/vendor/laravel/framework/src/Illuminate/Foundation/Application.php(1235): Illuminate\\Foundation\\Console\\Kernel->handle(Object(Symfony\\Component\\Console\\Input\\ArgvInput), Object(Symfony\\Component\\Console\\Output\\ConsoleOutput))
#35 /Users/mariopazmino/Documents/GitHub/Untitled/app/artisan(13): Illuminate\\Foundation\\Application->handleCommand(Object(Symfony\\Component\\Console\\Input\\ArgvInput))
#36 {main}
"} 
[2026-04-20 19:01:11] local.ERROR: Required @OA\Info() not found {"exception":"[object] (ErrorException(code: 0): Required @OA\\Info() not found at /Users/mariopazmino/Documents/GitHub/Untitled/app/vendor/zircote/swagger-php/src/Loggers/DefaultLogger.php:23)
[stacktrace]
#0 /Users/mariopazmino/Documents/GitHub/Untitled/app/vendor/laravel/framework/src/Illuminate/Foundation/Bootstrap/HandleExceptions.php(258): Illuminate\\Foundation\\Bootstrap\\HandleExceptions->handleError(512, 'Required @OA\\\\In...', '/Users/mariopaz...', 23)
#1 [internal function]: Illuminate\\Foundation\\Bootstrap\\HandleExceptions->Illuminate\\Foundation\\Bootstrap\\{closure}(512, 'Required @OA\\\\In...', '/Users/mariopaz...', 23)
#2 /Users/mariopazmino/Documents/GitHub/Untitled/app/vendor/zircote/swagger-php/src/Loggers/DefaultLogger.php(23): trigger_error('Required @OA\\\\In...', 512)
#3 /Users/mariopazmino/Documents/GitHub/Untitled/app/vendor/psr/log/src/LoggerTrait.php(61): OpenApi\\Loggers\\DefaultLogger->log('warning', 'Required @OA\\\\In...', Array)
#4 /Users/mariopazmino/Documents/GitHub/Untitled/app/vendor/zircote/swagger-php/src/Annotations/AbstractAnnotation.php(549): Psr\\Log\\AbstractLogger->warning('Required @OA\\\\In...')
#5 /Users/mariopazmino/Documents/GitHub/Untitled/app/vendor/zircote/swagger-php/src/Annotations/OpenApi.php(162): OpenApi\\Annotations\\AbstractAnnotation->validate(Object(OpenApi\\Analysis), '3.0.0', Object(stdClass))
#6 /Users/mariopazmino/Documents/GitHub/Untitled/app/vendor/zircote/swagger-php/src/Analysis.php(402): OpenApi\\Annotations\\OpenApi->validate(Object(OpenApi\\Analysis), '3.0.0', Object(stdClass))
#7 /Users/mariopazmino/Documents/GitHub/Untitled/app/vendor/zircote/swagger-php/src/Generator.php(408): OpenApi\\Analysis->validate()
#8 /Users/mariopazmino/Documents/GitHub/Untitled/app/vendor/darkaonline/l5-swagger/src/Generator.php(177): OpenApi\\Generator->generate(Object(OpenApi\\SourceFinder), Object(OpenApi\\Analysis))
#9 /Users/mariopazmino/Documents/GitHub/Untitled/app/vendor/darkaonline/l5-swagger/src/Generator.php(118): L5Swagger\\Generator->scanFilesForDocumentation()
#10 /Users/mariopazmino/Documents/GitHub/Untitled/app/vendor/darkaonline/l5-swagger/src/Console/GenerateDocsCommand.php(73): L5Swagger\\Generator->generateDocs()
#11 /Users/mariopazmino/Documents/GitHub/Untitled/app/vendor/darkaonline/l5-swagger/src/Console/GenerateDocsCommand.php(56): L5Swagger\\Console\\GenerateDocsCommand->generateDocumentation(Object(L5Swagger\\GeneratorFactory), 'default')
#12 /Users/mariopazmino/Documents/GitHub/Untitled/app/vendor/laravel/framework/src/Illuminate/Container/BoundMethod.php(36): L5Swagger\\Console\\GenerateDocsCommand->handle(Object(L5Swagger\\GeneratorFactory))
#13 /Users/mariopazmino/Documents/GitHub/Untitled/app/vendor/laravel/framework/src/Illuminate/Container/Util.php(43): Illuminate\\Container\\BoundMethod::Illuminate\\Container\\{closure}()
#14 /Users/mariopazmino/Documents/GitHub/Untitled/app/vendor/laravel/framework/src/Illuminate/Container/BoundMethod.php(95): Illuminate\\Container\\Util::unwrapIfClosure(Object(Closure))
#15 /Users/mariopazmino/Documents/GitHub/Untitled/app/vendor/laravel/framework/src/Illuminate/Container/BoundMethod.php(35): Illuminate\\Container\\BoundMethod::callBoundMethod(Object(Illuminate\\Foundation\\Application), Array, Object(Closure))
#16 /Users/mariopazmino/Documents/GitHub/Untitled/app/vendor/laravel/framework/src/Illuminate/Container/Container.php(696): Illuminate\\Container\\BoundMethod::call(Object(Illuminate\\Foundation\\Application), Array, Array, NULL)
#17 /Users/mariopazmino/Documents/GitHub/Untitled/app/vendor/laravel/framework/src/Illuminate/Console/Command.php(213): Illuminate\\Container\\Container->call(Array)
#18 /Users/mariopazmino/Documents/GitHub/Untitled/app/vendor/symfony/console/Command/Command.php(341): Illuminate\\Console\\Command->execute(Object(Symfony\\Component\\Console\\Input\\ArgvInput), Object(Illuminate\\Console\\OutputStyle))
#19 /Users/mariopazmino/Documents/GitHub/Untitled/app/vendor/laravel/framework/src/Illuminate/Console/Command.php(182): Symfony\\Component\\Console\\Command\\Command->run(Object(Symfony\\Component\\Console\\Input\\ArgvInput), Object(Illuminate\\Console\\OutputStyle))
#20 /Users/mariopazmino/Documents/GitHub/Untitled/app/vendor/symfony/console/Application.php(1117): Illuminate\\Console\\Command->run(Object(Symfony\\Component\\Console\\Input\\ArgvInput), Object(Symfony\\Component\\Console\\Output\\ConsoleOutput))
#21 /Users/mariopazmino/Documents/GitHub/Untitled/app/vendor/symfony/console/Application.php(356): Symfony\\Component\\Console\\Application->doRunCommand(Object(L5Swagger\\Console\\GenerateDocsCommand), Object(Symfony\\Component\\Console\\Input\\ArgvInput), Object(Symfony\\Component\\Console\\Output\\ConsoleOutput))
#22 /Users/mariopazmino/Documents/GitHub/Untitled/app/vendor/symfony/console/Application.php(195): Symfony\\Component\\Console\\Application->doRun(Object(Symfony\\Component\\Console\\Input\\ArgvInput), Object(Symfony\\Component\\Console\\Output\\ConsoleOutput))
#23 /Users/mariopazmino/Documents/GitHub/Untitled/app/vendor/laravel/framework/src/Illuminate/Foundation/Console/Kernel.php(198): Symfony\\Component\\Console\\Application->run(Object(Symfony\\Component\\Console\\Input\\ArgvInput), Object(Symfony\\Component\\Console\\Output\\ConsoleOutput))
#24 /Users/mariopazmino/Documents/GitHub/Untitled/app/vendor/laravel/framework/src/Illuminate/Foundation/Application.php(1235): Illuminate\\Foundation\\Console\\Kernel->handle(Object(Symfony\\Component\\Console\\Input\\ArgvInput), Object(Symfony\\Component\\Console\\Output\\ConsoleOutput))
#25 /Users/mariopazmino/Documents/GitHub/Untitled/app/artisan(13): Illuminate\\Foundation\\Application->handleCommand(Object(Symfony\\Component\\Console\\Input\\ArgvInput))
#26 {main}
"} 
[2026-04-20 19:01:27] local.ERROR: Required @OA\Info() not found {"exception":"[object] (ErrorException(code: 0): Required @OA\\Info() not found at /Users/mariopazmino/Documents/GitHub/Untitled/app/vendor/zircote/swagger-php/src/Loggers/DefaultLogger.php:23)
[stacktrace]
#0 /Users/mariopazmino/Documents/GitHub/Untitled/app/vendor/laravel/framework/src/Illuminate/Foundation/Bootstrap/HandleExceptions.php(258): Illuminate\\Foundation\\Bootstrap\\HandleExceptions->handleError(512, 'Required @OA\\\\In...', '/Users/mariopaz...', 23)
#1 [internal function]: Illuminate\\Foundation\\Bootstrap\\HandleExceptions->Illuminate\\Foundation\\Bootstrap\\{closure}(512, 'Required @OA\\\\In...', '/Users/mariopaz...', 23)
#2 /Users/mariopazmino/Documents/GitHub/Untitled/app/vendor/zircote/swagger-php/src/Loggers/DefaultLogger.php(23): trigger_error('Required @OA\\\\In...', 512)
#3 /Users/mariopazmino/Documents/GitHub/Untitled/app/vendor/psr/log/src/LoggerTrait.php(61): OpenApi\\Loggers\\DefaultLogger->log('warning', 'Required @OA\\\\In...', Array)
#4 /Users/mariopazmino/Documents/GitHub/Untitled/app/vendor/zircote/swagger-php/src/Annotations/AbstractAnnotation.php(549): Psr\\Log\\AbstractLogger->warning('Required @OA\\\\In...')
#5 /Users/mariopazmino/Documents/GitHub/Untitled/app/vendor/zircote/swagger-php/src/Annotations/OpenApi.php(162): OpenApi\\Annotations\\AbstractAnnotation->validate(Object(OpenApi\\Analysis), '3.0.0', Object(stdClass))
#6 /Users/mariopazmino/Documents/GitHub/Untitled/app/vendor/zircote/swagger-php/src/Analysis.php(402): OpenApi\\Annotations\\OpenApi->validate(Object(OpenApi\\Analysis), '3.0.0', Object(stdClass))
#7 /Users/mariopazmino/Documents/GitHub/Untitled/app/vendor/zircote/swagger-php/src/Generator.php(408): OpenApi\\Analysis->validate()
#8 /Users/mariopazmino/Documents/GitHub/Untitled/app/vendor/darkaonline/l5-swagger/src/Generator.php(177): OpenApi\\Generator->generate(Object(OpenApi\\SourceFinder), Object(OpenApi\\Analysis))
#9 /Users/mariopazmino/Documents/GitHub/Untitled/app/vendor/darkaonline/l5-swagger/src/Generator.php(118): L5Swagger\\Generator->scanFilesForDocumentation()
#10 /Users/mariopazmino/Documents/GitHub/Untitled/app/vendor/darkaonline/l5-swagger/src/Console/GenerateDocsCommand.php(73): L5Swagger\\Generator->generateDocs()
#11 /Users/mariopazmino/Documents/GitHub/Untitled/app/vendor/darkaonline/l5-swagger/src/Console/GenerateDocsCommand.php(56): L5Swagger\\Console\\GenerateDocsCommand->generateDocumentation(Object(L5Swagger\\GeneratorFactory), 'default')
#12 /Users/mariopazmino/Documents/GitHub/Untitled/app/vendor/laravel/framework/src/Illuminate/Container/BoundMethod.php(36): L5Swagger\\Console\\GenerateDocsCommand->handle(Object(L5Swagger\\GeneratorFactory))
#13 /Users/mariopazmino/Documents/GitHub/Untitled/app/vendor/laravel/framework/src/Illuminate/Container/Util.php(43): Illuminate\\Container\\BoundMethod::Illuminate\\Container\\{closure}()
#14 /Users/mariopazmino/Documents/GitHub/Untitled/app/vendor/laravel/framework/src/Illuminate/Container/BoundMethod.php(95): Illuminate\\Container\\Util::unwrapIfClosure(Object(Closure))
#15 /Users/mariopazmino/Documents/GitHub/Untitled/app/vendor/laravel/framework/src/Illuminate/Container/BoundMethod.php(35): Illuminate\\Container\\BoundMethod::callBoundMethod(Object(Illuminate\\Foundation\\Application), Array, Object(Closure))
#16 /Users/mariopazmino/Documents/GitHub/Untitled/app/vendor/laravel/framework/src/Illuminate/Container/Container.php(696): Illuminate\\Container\\BoundMethod::call(Object(Illuminate\\Foundation\\Application), Array, Array, NULL)
#17 /Users/mariopazmino/Documents/GitHub/Untitled/app/vendor/laravel/framework/src/Illuminate/Console/Command.php(213): Illuminate\\Container\\Container->call(Array)
#18 /Users/mariopazmino/Documents/GitHub/Untitled/app/vendor/symfony/console/Command/Command.php(341): Illuminate\\Console\\Command->execute(Object(Symfony\\Component\\Console\\Input\\ArgvInput), Object(Illuminate\\Console\\OutputStyle))
#19 /Users/mariopazmino/Documents/GitHub/Untitled/app/vendor/laravel/framework/src/Illuminate/Console/Command.php(182): Symfony\\Component\\Console\\Command\\Command->run(Object(Symfony\\Component\\Console\\Input\\ArgvInput), Object(Illuminate\\Console\\OutputStyle))
#20 /Users/mariopazmino/Documents/GitHub/Untitled/app/vendor/symfony/console/Application.php(1117): Illuminate\\Console\\Command->run(Object(Symfony\\Component\\Console\\Input\\ArgvInput), Object(Symfony\\Component\\Console\\Output\\ConsoleOutput))
#21 /Users/mariopazmino/Documents/GitHub/Untitled/app/vendor/symfony/console/Application.php(356): Symfony\\Component\\Console\\Application->doRunCommand(Object(L5Swagger\\Console\\GenerateDocsCommand), Object(Symfony\\Component\\Console\\Input\\ArgvInput), Object(Symfony\\Component\\Console\\Output\\ConsoleOutput))
#22 /Users/mariopazmino/Documents/GitHub/Untitled/app/vendor/symfony/console/Application.php(195): Symfony\\Component\\Console\\Application->doRun(Object(Symfony\\Component\\Console\\Input\\ArgvInput), Object(Symfony\\Component\\Console\\Output\\ConsoleOutput))
#23 /Users/mariopazmino/Documents/GitHub/Untitled/app/vendor/laravel/framework/src/Illuminate/Foundation/Console/Kernel.php(198): Symfony\\Component\\Console\\Application->run(Object(Symfony\\Component\\Console\\Input\\ArgvInput), Object(Symfony\\Component\\Console\\Output\\ConsoleOutput))
#24 /Users/mariopazmino/Documents/GitHub/Untitled/app/vendor/laravel/framework/src/Illuminate/Foundation/Application.php(1235): Illuminate\\Foundation\\Console\\Kernel->handle(Object(Symfony\\Component\\Console\\Input\\ArgvInput), Object(Symfony\\Component\\Console\\Output\\ConsoleOutput))
#25 /Users/mariopazmino/Documents/GitHub/Untitled/app/artisan(13): Illuminate\\Foundation\\Application->handleCommand(Object(Symfony\\Component\\Console\\Input\\ArgvInput))
#26 {main}
"} 
[2026-04-20 19:01:40] local.ERROR: Required @OA\Info() not found {"exception":"[object] (ErrorException(code: 0): Required @OA\\Info() not found at /Users/mariopazmino/Documents/GitHub/Untitled/app/vendor/zircote/swagger-php/src/Loggers/DefaultLogger.php:23)
[stacktrace]
#0 /Users/mariopazmino/Documents/GitHub/Untitled/app/vendor/laravel/framework/src/Illuminate/Foundation/Bootstrap/HandleExceptions.php(258): Illuminate\\Foundation\\Bootstrap\\HandleExceptions->handleError(512, 'Required @OA\\\\In...', '/Users/mariopaz...', 23)
#1 [internal function]: Illuminate\\Foundation\\Bootstrap\\HandleExceptions->Illuminate\\Foundation\\Bootstrap\\{closure}(512, 'Required @OA\\\\In...', '/Users/mariopaz...', 23)
#2 /Users/mariopazmino/Documents/GitHub/Untitled/app/vendor/zircote/swagger-php/src/Loggers/DefaultLogger.php(23): trigger_error('Required @OA\\\\In...', 512)
#3 /Users/mariopazmino/Documents/GitHub/Untitled/app/vendor/psr/log/src/LoggerTrait.php(61): OpenApi\\Loggers\\DefaultLogger->log('warning', 'Required @OA\\\\In...', Array)
#4 /Users/mariopazmino/Documents/GitHub/Untitled/app/vendor/zircote/swagger-php/src/Annotations/AbstractAnnotation.php(549): Psr\\Log\\AbstractLogger->warning('Required @OA\\\\In...')
#5 /Users/mariopazmino/Documents/GitHub/Untitled/app/vendor/zircote/swagger-php/src/Annotations/OpenApi.php(162): OpenApi\\Annotations\\AbstractAnnotation->validate(Object(OpenApi\\Analysis), '3.0.0', Object(stdClass))
#6 /Users/mariopazmino/Documents/GitHub/Untitled/app/vendor/zircote/swagger-php/src/Analysis.php(402): OpenApi\\Annotations\\OpenApi->validate(Object(OpenApi\\Analysis), '3.0.0', Object(stdClass))
#7 /Users/mariopazmino/Documents/GitHub/Untitled/app/vendor/zircote/swagger-php/src/Generator.php(408): OpenApi\\Analysis->validate()
#8 /Users/mariopazmino/Documents/GitHub/Untitled/app/vendor/darkaonline/l5-swagger/src/Generator.php(177): OpenApi\\Generator->generate(Object(OpenApi\\SourceFinder), Object(OpenApi\\Analysis))
#9 /Users/mariopazmino/Documents/GitHub/Untitled/app/vendor/darkaonline/l5-swagger/src/Generator.php(118): L5Swagger\\Generator->scanFilesForDocumentation()
#10 /Users/mariopazmino/Documents/GitHub/Untitled/app/vendor/darkaonline/l5-swagger/src/Console/GenerateDocsCommand.php(73): L5Swagger\\Generator->generateDocs()
#11 /Users/mariopazmino/Documents/GitHub/Untitled/app/vendor/darkaonline/l5-swagger/src/Console/GenerateDocsCommand.php(56): L5Swagger\\Console\\GenerateDocsCommand->generateDocumentation(Object(L5Swagger\\GeneratorFactory), 'default')
#12 /Users/mariopazmino/Documents/GitHub/Untitled/app/vendor/laravel/framework/src/Illuminate/Container/BoundMethod.php(36): L5Swagger\\Console\\GenerateDocsCommand->handle(Object(L5Swagger\\GeneratorFactory))
#13 /Users/mariopazmino/Documents/GitHub/Untitled/app/vendor/laravel/framework/src/Illuminate/Container/Util.php(43): Illuminate\\Container\\BoundMethod::Illuminate\\Container\\{closure}()
#14 /Users/mariopazmino/Documents/GitHub/Untitled/app/vendor/laravel/framework/src/Illuminate/Container/BoundMethod.php(95): Illuminate\\Container\\Util::unwrapIfClosure(Object(Closure))
#15 /Users/mariopazmino/Documents/GitHub/Untitled/app/vendor/laravel/framework/src/Illuminate/Container/BoundMethod.php(35): Illuminate\\Container\\BoundMethod::callBoundMethod(Object(Illuminate\\Foundation\\Application), Array, Object(Closure))
#16 /Users/mariopazmino/Documents/GitHub/Untitled/app/vendor/laravel/framework/src/Illuminate/Container/Container.php(696): Illuminate\\Container\\BoundMethod::call(Object(Illuminate\\Foundation\\Application), Array, Array, NULL)
#17 /Users/mariopazmino/Documents/GitHub/Untitled/app/vendor/laravel/framework/src/Illuminate/Console/Command.php(213): Illuminate\\Container\\Container->call(Array)
#18 /Users/mariopazmino/Documents/GitHub/Untitled/app/vendor/symfony/console/Command/Command.php(341): Illuminate\\Console\\Command->execute(Object(Symfony\\Component\\Console\\Input\\ArgvInput), Object(Illuminate\\Console\\OutputStyle))
#19 /Users/mariopazmino/Documents/GitHub/Untitled/app/vendor/laravel/framework/src/Illuminate/Console/Command.php(182): Symfony\\Component\\Console\\Command\\Command->run(Object(Symfony\\Component\\Console\\Input\\ArgvInput), Object(Illuminate\\Console\\OutputStyle))
#20 /Users/mariopazmino/Documents/GitHub/Untitled/app/vendor/symfony/console/Application.php(1117): Illuminate\\Console\\Command->run(Object(Symfony\\Component\\Console\\Input\\ArgvInput), Object(Symfony\\Component\\Console\\Output\\ConsoleOutput))
#21 /Users/mariopazmino/Documents/GitHub/Untitled/app/vendor/symfony/console/Application.php(356): Symfony\\Component\\Console\\Application->doRunCommand(Object(L5Swagger\\Console\\GenerateDocsCommand), Object(Symfony\\Component\\Console\\Input\\ArgvInput), Object(Symfony\\Component\\Console\\Output\\ConsoleOutput))
#22 /Users/mariopazmino/Documents/GitHub/Untitled/app/vendor/symfony/console/Application.php(195): Symfony\\Component\\Console\\Application->doRun(Object(Symfony\\Component\\Console\\Input\\ArgvInput), Object(Symfony\\Component\\Console\\Output\\ConsoleOutput))
#23 /Users/mariopazmino/Documents/GitHub/Untitled/app/vendor/laravel/framework/src/Illuminate/Foundation/Console/Kernel.php(198): Symfony\\Component\\Console\\Application->run(Object(Symfony\\Component\\Console\\Input\\ArgvInput), Object(Symfony\\Component\\Console\\Output\\ConsoleOutput))
#24 /Users/mariopazmino/Documents/GitHub/Untitled/app/vendor/laravel/framework/src/Illuminate/Foundation/Application.php(1235): Illuminate\\Foundation\\Console\\Kernel->handle(Object(Symfony\\Component\\Console\\Input\\ArgvInput), Object(Symfony\\Component\\Console\\Output\\ConsoleOutput))
#25 /Users/mariopazmino/Documents/GitHub/Untitled/app/artisan(13): Illuminate\\Foundation\\Application->handleCommand(Object(Symfony\\Component\\Console\\Input\\ArgvInput))
#26 {main}
"} 
[2026-04-20 19:01:46] local.ERROR: Required @OA\Info() not found {"exception":"[object] (ErrorException(code: 0): Required @OA\\Info() not found at /Users/mariopazmino/Documents/GitHub/Untitled/app/vendor/zircote/swagger-php/src/Loggers/DefaultLogger.php:23)
[stacktrace]
#0 /Users/mariopazmino/Documents/GitHub/Untitled/app/vendor/laravel/framework/src/Illuminate/Foundation/Bootstrap/HandleExceptions.php(258): Illuminate\\Foundation\\Bootstrap\\HandleExceptions->handleError(512, 'Required @OA\\\\In...', '/Users/mariopaz...', 23)
#1 [internal function]: Illuminate\\Foundation\\Bootstrap\\HandleExceptions->Illuminate\\Foundation\\Bootstrap\\{closure}(512, 'Required @OA\\\\In...', '/Users/mariopaz...', 23)
#2 /Users/mariopazmino/Documents/GitHub/Untitled/app/vendor/zircote/swagger-php/src/Loggers/DefaultLogger.php(23): trigger_error('Required @OA\\\\In...', 512)
#3 /Users/mariopazmino/Documents/GitHub/Untitled/app/vendor/psr/log/src/LoggerTrait.php(61): OpenApi\\Loggers\\DefaultLogger->log('warning', 'Required @OA\\\\In...', Array)
#4 /Users/mariopazmino/Documents/GitHub/Untitled/app/vendor/zircote/swagger-php/src/Annotations/AbstractAnnotation.php(549): Psr\\Log\\AbstractLogger->warning('Required @OA\\\\In...')
#5 /Users/mariopazmino/Documents/GitHub/Untitled/app/vendor/zircote/swagger-php/src/Annotations/OpenApi.php(162): OpenApi\\Annotations\\AbstractAnnotation->validate(Object(OpenApi\\Analysis), '3.0.0', Object(stdClass))
#6 /Users/mariopazmino/Documents/GitHub/Untitled/app/vendor/zircote/swagger-php/src/Analysis.php(402): OpenApi\\Annotations\\OpenApi->validate(Object(OpenApi\\Analysis), '3.0.0', Object(stdClass))
#7 /Users/mariopazmino/Documents/GitHub/Untitled/app/vendor/zircote/swagger-php/src/Generator.php(408): OpenApi\\Analysis->validate()
#8 /Users/mariopazmino/Documents/GitHub/Untitled/app/vendor/darkaonline/l5-swagger/src/Generator.php(177): OpenApi\\Generator->generate(Object(OpenApi\\SourceFinder), Object(OpenApi\\Analysis))
#9 /Users/mariopazmino/Documents/GitHub/Untitled/app/vendor/darkaonline/l5-swagger/src/Generator.php(118): L5Swagger\\Generator->scanFilesForDocumentation()
#10 /Users/mariopazmino/Documents/GitHub/Untitled/app/vendor/darkaonline/l5-swagger/src/Console/GenerateDocsCommand.php(73): L5Swagger\\Generator->generateDocs()
#11 /Users/mariopazmino/Documents/GitHub/Untitled/app/vendor/darkaonline/l5-swagger/src/Console/GenerateDocsCommand.php(56): L5Swagger\\Console\\GenerateDocsCommand->generateDocumentation(Object(L5Swagger\\GeneratorFactory), 'default')
#12 /Users/mariopazmino/Documents/GitHub/Untitled/app/vendor/laravel/framework/src/Illuminate/Container/BoundMethod.php(36): L5Swagger\\Console\\GenerateDocsCommand->handle(Object(L5Swagger\\GeneratorFactory))
#13 /Users/mariopazmino/Documents/GitHub/Untitled/app/vendor/laravel/framework/src/Illuminate/Container/Util.php(43): Illuminate\\Container\\BoundMethod::Illuminate\\Container\\{closure}()
#14 /Users/mariopazmino/Documents/GitHub/Untitled/app/vendor/laravel/framework/src/Illuminate/Container/BoundMethod.php(95): Illuminate\\Container\\Util::unwrapIfClosure(Object(Closure))
#15 /Users/mariopazmino/Documents/GitHub/Untitled/app/vendor/laravel/framework/src/Illuminate/Container/BoundMethod.php(35): Illuminate\\Container\\BoundMethod::callBoundMethod(Object(Illuminate\\Foundation\\Application), Array, Object(Closure))
#16 /Users/mariopazmino/Documents/GitHub/Untitled/app/vendor/laravel/framework/src/Illuminate/Container/Container.php(696): Illuminate\\Container\\BoundMethod::call(Object(Illuminate\\Foundation\\Application), Array, Array, NULL)
#17 /Users/mariopazmino/Documents/GitHub/Untitled/app/vendor/laravel/framework/src/Illuminate/Console/Command.php(213): Illuminate\\Container\\Container->call(Array)
#18 /Users/mariopazmino/Documents/GitHub/Untitled/app/vendor/symfony/console/Command/Command.php(341): Illuminate\\Console\\Command->execute(Object(Symfony\\Component\\Console\\Input\\ArgvInput), Object(Illuminate\\Console\\OutputStyle))
#19 /Users/mariopazmino/Documents/GitHub/Untitled/app/vendor/laravel/framework/src/Illuminate/Console/Command.php(182): Symfony\\Component\\Console\\Command\\Command->run(Object(Symfony\\Component\\Console\\Input\\ArgvInput), Object(Illuminate\\Console\\OutputStyle))
#20 /Users/mariopazmino/Documents/GitHub/Untitled/app/vendor/symfony/console/Application.php(1117): Illuminate\\Console\\Command->run(Object(Symfony\\Component\\Console\\Input\\ArgvInput), Object(Symfony\\Component\\Console\\Output\\ConsoleOutput))
#21 /Users/mariopazmino/Documents/GitHub/Untitled/app/vendor/symfony/console/Application.php(356): Symfony\\Component\\Console\\Application->doRunCommand(Object(L5Swagger\\Console\\GenerateDocsCommand), Object(Symfony\\Component\\Console\\Input\\ArgvInput), Object(Symfony\\Component\\Console\\Output\\ConsoleOutput))
#22 /Users/mariopazmino/Documents/GitHub/Untitled/app/vendor/symfony/console/Application.php(195): Symfony\\Component\\Console\\Application->doRun(Object(Symfony\\Component\\Console\\Input\\ArgvInput), Object(Symfony\\Component\\Console\\Output\\ConsoleOutput))
#23 /Users/mariopazmino/Documents/GitHub/Untitled/app/vendor/laravel/framework/src/Illuminate/Foundation/Console/Kernel.php(198): Symfony\\Component\\Console\\Application->run(Object(Symfony\\Component\\Console\\Input\\ArgvInput), Object(Symfony\\Component\\Console\\Output\\ConsoleOutput))
#24 /Users/mariopazmino/Documents/GitHub/Untitled/app/vendor/laravel/framework/src/Illuminate/Foundation/Application.php(1235): Illuminate\\Foundation\\Console\\Kernel->handle(Object(Symfony\\Component\\Console\\Input\\ArgvInput), Object(Symfony\\Component\\Console\\Output\\ConsoleOutput))
#25 /Users/mariopazmino/Documents/GitHub/Untitled/app/artisan(13): Illuminate\\Foundation\\Application->handleCommand(Object(Symfony\\Component\\Console\\Input\\ArgvInput))
#26 {main}
"} 
[2026-04-20 19:03:30] local.ERROR: Required @OA\Info() not found {"exception":"[object] (ErrorException(code: 0): Required @OA\\Info() not found at /Users/mariopazmino/Documents/GitHub/Untitled/app/vendor/zircote/swagger-php/src/Loggers/DefaultLogger.php:23)
[stacktrace]
#0 /Users/mariopazmino/Documents/GitHub/Untitled/app/vendor/laravel/framework/src/Illuminate/Foundation/Bootstrap/HandleExceptions.php(258): Illuminate\\Foundation\\Bootstrap\\HandleExceptions->handleError(512, 'Required @OA\\\\In...', '/Users/mariopaz...', 23)
#1 [internal function]: Illuminate\\Foundation\\Bootstrap\\HandleExceptions->Illuminate\\Foundation\\Bootstrap\\{closure}(512, 'Required @OA\\\\In...', '/Users/mariopaz...', 23)
#2 /Users/mariopazmino/Documents/GitHub/Untitled/app/vendor/zircote/swagger-php/src/Loggers/DefaultLogger.php(23): trigger_error('Required @OA\\\\In...', 512)
#3 /Users/mariopazmino/Documents/GitHub/Untitled/app/vendor/psr/log/src/LoggerTrait.php(61): OpenApi\\Loggers\\DefaultLogger->log('warning', 'Required @OA\\\\In...', Array)
#4 /Users/mariopazmino/Documents/GitHub/Untitled/app/vendor/zircote/swagger-php/src/Annotations/AbstractAnnotation.php(549): Psr\\Log\\AbstractLogger->warning('Required @OA\\\\In...')
#5 /Users/mariopazmino/Documents/GitHub/Untitled/app/vendor/zircote/swagger-php/src/Annotations/OpenApi.php(162): OpenApi\\Annotations\\AbstractAnnotation->validate(Object(OpenApi\\Analysis), '3.0.0', Object(stdClass))
#6 /Users/mariopazmino/Documents/GitHub/Untitled/app/vendor/zircote/swagger-php/src/Analysis.php(402): OpenApi\\Annotations\\OpenApi->validate(Object(OpenApi\\Analysis), '3.0.0', Object(stdClass))
#7 /Users/mariopazmino/Documents/GitHub/Untitled/app/vendor/zircote/swagger-php/src/Generator.php(408): OpenApi\\Analysis->validate()
#8 /Users/mariopazmino/Documents/GitHub/Untitled/app/vendor/darkaonline/l5-swagger/src/Generator.php(177): OpenApi\\Generator->generate(Object(OpenApi\\SourceFinder), Object(OpenApi\\Analysis))
#9 /Users/mariopazmino/Documents/GitHub/Untitled/app/vendor/darkaonline/l5-swagger/src/Generator.php(118): L5Swagger\\Generator->scanFilesForDocumentation()
#10 /Users/mariopazmino/Documents/GitHub/Untitled/app/vendor/darkaonline/l5-swagger/src/Console/GenerateDocsCommand.php(73): L5Swagger\\Generator->generateDocs()
#11 /Users/mariopazmino/Documents/GitHub/Untitled/app/vendor/darkaonline/l5-swagger/src/Console/GenerateDocsCommand.php(56): L5Swagger\\Console\\GenerateDocsCommand->generateDocumentation(Object(L5Swagger\\GeneratorFactory), 'default')
#12 /Users/mariopazmino/Documents/GitHub/Untitled/app/vendor/laravel/framework/src/Illuminate/Container/BoundMethod.php(36): L5Swagger\\Console\\GenerateDocsCommand->handle(Object(L5Swagger\\GeneratorFactory))
#13 /Users/mariopazmino/Documents/GitHub/Untitled/app/vendor/laravel/framework/src/Illuminate/Container/Util.php(43): Illuminate\\Container\\BoundMethod::Illuminate\\Container\\{closure}()
#14 /Users/mariopazmino/Documents/GitHub/Untitled/app/vendor/laravel/framework/src/Illuminate/Container/BoundMethod.php(95): Illuminate\\Container\\Util::unwrapIfClosure(Object(Closure))
#15 /Users/mariopazmino/Documents/GitHub/Untitled/app/vendor/laravel/framework/src/Illuminate/Container/BoundMethod.php(35): Illuminate\\Container\\BoundMethod::callBoundMethod(Object(Illuminate\\Foundation\\Application), Array, Object(Closure))
#16 /Users/mariopazmino/Documents/GitHub/Untitled/app/vendor/laravel/framework/src/Illuminate/Container/Container.php(696): Illuminate\\Container\\BoundMethod::call(Object(Illuminate\\Foundation\\Application), Array, Array, NULL)
#17 /Users/mariopazmino/Documents/GitHub/Untitled/app/vendor/laravel/framework/src/Illuminate/Console/Command.php(213): Illuminate\\Container\\Container->call(Array)
#18 /Users/mariopazmino/Documents/GitHub/Untitled/app/vendor/symfony/console/Command/Command.php(341): Illuminate\\Console\\Command->execute(Object(Symfony\\Component\\Console\\Input\\ArgvInput), Object(Illuminate\\Console\\OutputStyle))
#19 /Users/mariopazmino/Documents/GitHub/Untitled/app/vendor/laravel/framework/src/Illuminate/Console/Command.php(182): Symfony\\Component\\Console\\Command\\Command->run(Object(Symfony\\Component\\Console\\Input\\ArgvInput), Object(Illuminate\\Console\\OutputStyle))
#20 /Users/mariopazmino/Documents/GitHub/Untitled/app/vendor/symfony/console/Application.php(1117): Illuminate\\Console\\Command->run(Object(Symfony\\Component\\Console\\Input\\ArgvInput), Object(Symfony\\Component\\Console\\Output\\ConsoleOutput))
#21 /Users/mariopazmino/Documents/GitHub/Untitled/app/vendor/symfony/console/Application.php(356): Symfony\\Component\\Console\\Application->doRunCommand(Object(L5Swagger\\Console\\GenerateDocsCommand), Object(Symfony\\Component\\Console\\Input\\ArgvInput), Object(Symfony\\Component\\Console\\Output\\ConsoleOutput))
#22 /Users/mariopazmino/Documents/GitHub/Untitled/app/vendor/symfony/console/Application.php(195): Symfony\\Component\\Console\\Application->doRun(Object(Symfony\\Component\\Console\\Input\\ArgvInput), Object(Symfony\\Component\\Console\\Output\\ConsoleOutput))
#23 /Users/mariopazmino/Documents/GitHub/Untitled/app/vendor/laravel/framework/src/Illuminate/Foundation/Console/Kernel.php(198): Symfony\\Component\\Console\\Application->run(Object(Symfony\\Component\\Console\\Input\\ArgvInput), Object(Symfony\\Component\\Console\\Output\\ConsoleOutput))
#24 /Users/mariopazmino/Documents/GitHub/Untitled/app/vendor/laravel/framework/src/Illuminate/Foundation/Application.php(1235): Illuminate\\Foundation\\Console\\Kernel->handle(Object(Symfony\\Component\\Console\\Input\\ArgvInput), Object(Symfony\\Component\\Console\\Output\\ConsoleOutput))
#25 /Users/mariopazmino/Documents/GitHub/Untitled/app/artisan(13): Illuminate\\Foundation\\Application->handleCommand(Object(Symfony\\Component\\Console\\Input\\ArgvInput))
#26 {main}
"} 
[2026-04-20 19:03:35] local.ERROR: Command "config:get" is not defined.

Did you mean one of these?
    cache:forget
    config:cache
    config:clear
    config:publish
    config:show
    queue:forget {"exception":"[object] (Symfony\\Component\\Console\\Exception\\CommandNotFoundException(code: 0): Command \"config:get\" is not defined.

Did you mean one of these?
    cache:forget
    config:cache
    config:clear
    config:publish
    config:show
    queue:forget at /Users/mariopazmino/Documents/GitHub/Untitled/app/vendor/symfony/console/Application.php:759)
[stacktrace]
#0 /Users/mariopazmino/Documents/GitHub/Untitled/app/vendor/symfony/console/Application.php(298): Symfony\\Component\\Console\\Application->find('config:get')
#1 /Users/mariopazmino/Documents/GitHub/Untitled/app/vendor/symfony/console/Application.php(195): Symfony\\Component\\Console\\Application->doRun(Object(Symfony\\Component\\Console\\Input\\ArgvInput), Object(Symfony\\Component\\Console\\Output\\ConsoleOutput))
#2 /Users/mariopazmino/Documents/GitHub/Untitled/app/vendor/laravel/framework/src/Illuminate/Foundation/Console/Kernel.php(198): Symfony\\Component\\Console\\Application->run(Object(Symfony\\Component\\Console\\Input\\ArgvInput), Object(Symfony\\Component\\Console\\Output\\ConsoleOutput))
#3 /Users/mariopazmino/Documents/GitHub/Untitled/app/vendor/laravel/framework/src/Illuminate/Foundation/Application.php(1235): Illuminate\\Foundation\\Console\\Kernel->handle(Object(Symfony\\Component\\Console\\Input\\ArgvInput), Object(Symfony\\Component\\Console\\Output\\ConsoleOutput))
#4 /Users/mariopazmino/Documents/GitHub/Untitled/app/artisan(13): Illuminate\\Foundation\\Application->handleCommand(Object(Symfony\\Component\\Console\\Input\\ArgvInput))
#5 {main}
"} 
[2026-04-20 19:04:06] local.ERROR: Required @OA\Info() not found {"exception":"[object] (ErrorException(code: 0): Required @OA\\Info() not found at /Users/mariopazmino/Documents/GitHub/Untitled/app/vendor/zircote/swagger-php/src/Loggers/DefaultLogger.php:23)
[stacktrace]
#0 /Users/mariopazmino/Documents/GitHub/Untitled/app/vendor/laravel/framework/src/Illuminate/Foundation/Bootstrap/HandleExceptions.php(258): Illuminate\\Foundation\\Bootstrap\\HandleExceptions->handleError(512, 'Required @OA\\\\In...', '/Users/mariopaz...', 23)
#1 [internal function]: Illuminate\\Foundation\\Bootstrap\\HandleExceptions->Illuminate\\Foundation\\Bootstrap\\{closure}(512, 'Required @OA\\\\In...', '/Users/mariopaz...', 23)
#2 /Users/mariopazmino/Documents/GitHub/Untitled/app/vendor/zircote/swagger-php/src/Loggers/DefaultLogger.php(23): trigger_error('Required @OA\\\\In...', 512)
#3 /Users/mariopazmino/Documents/GitHub/Untitled/app/vendor/psr/log/src/LoggerTrait.php(61): OpenApi\\Loggers\\DefaultLogger->log('warning', 'Required @OA\\\\In...', Array)
#4 /Users/mariopazmino/Documents/GitHub/Untitled/app/vendor/zircote/swagger-php/src/Annotations/AbstractAnnotation.php(549): Psr\\Log\\AbstractLogger->warning('Required @OA\\\\In...')
#5 /Users/mariopazmino/Documents/GitHub/Untitled/app/vendor/zircote/swagger-php/src/Annotations/OpenApi.php(162): OpenApi\\Annotations\\AbstractAnnotation->validate(Object(OpenApi\\Analysis), '3.0.0', Object(stdClass))
#6 /Users/mariopazmino/Documents/GitHub/Untitled/app/vendor/zircote/swagger-php/src/Analysis.php(402): OpenApi\\Annotations\\OpenApi->validate(Object(OpenApi\\Analysis), '3.0.0', Object(stdClass))
#7 /Users/mariopazmino/Documents/GitHub/Untitled/app/vendor/zircote/swagger-php/src/Generator.php(408): OpenApi\\Analysis->validate()
#8 /Users/mariopazmino/Documents/GitHub/Untitled/app/vendor/darkaonline/l5-swagger/src/Generator.php(177): OpenApi\\Generator->generate(Object(OpenApi\\SourceFinder), Object(OpenApi\\Analysis))
#9 /Users/mariopazmino/Documents/GitHub/Untitled/app/vendor/darkaonline/l5-swagger/src/Generator.php(118): L5Swagger\\Generator->scanFilesForDocumentation()
#10 /Users/mariopazmino/Documents/GitHub/Untitled/app/vendor/darkaonline/l5-swagger/src/Console/GenerateDocsCommand.php(73): L5Swagger\\Generator->generateDocs()
#11 /Users/mariopazmino/Documents/GitHub/Untitled/app/vendor/darkaonline/l5-swagger/src/Console/GenerateDocsCommand.php(56): L5Swagger\\Console\\GenerateDocsCommand->generateDocumentation(Object(L5Swagger\\GeneratorFactory), 'default')
#12 /Users/mariopazmino/Documents/GitHub/Untitled/app/vendor/laravel/framework/src/Illuminate/Container/BoundMethod.php(36): L5Swagger\\Console\\GenerateDocsCommand->handle(Object(L5Swagger\\GeneratorFactory))
#13 /Users/mariopazmino/Documents/GitHub/Untitled/app/vendor/laravel/framework/src/Illuminate/Container/Util.php(43): Illuminate\\Container\\BoundMethod::Illuminate\\Container\\{closure}()
#14 /Users/mariopazmino/Documents/GitHub/Untitled/app/vendor/laravel/framework/src/Illuminate/Container/BoundMethod.php(95): Illuminate\\Container\\Util::unwrapIfClosure(Object(Closure))
#15 /Users/mariopazmino/Documents/GitHub/Untitled/app/vendor/laravel/framework/src/Illuminate/Container/BoundMethod.php(35): Illuminate\\Container\\BoundMethod::callBoundMethod(Object(Illuminate\\Foundation\\Application), Array, Object(Closure))
#16 /Users/mariopazmino/Documents/GitHub/Untitled/app/vendor/laravel/framework/src/Illuminate/Container/Container.php(696): Illuminate\\Container\\BoundMethod::call(Object(Illuminate\\Foundation\\Application), Array, Array, NULL)
#17 /Users/mariopazmino/Documents/GitHub/Untitled/app/vendor/laravel/framework/src/Illuminate/Console/Command.php(213): Illuminate\\Container\\Container->call(Array)
#18 /Users/mariopazmino/Documents/GitHub/Untitled/app/vendor/symfony/console/Command/Command.php(341): Illuminate\\Console\\Command->execute(Object(Symfony\\Component\\Console\\Input\\ArgvInput), Object(Illuminate\\Console\\OutputStyle))
#19 /Users/mariopazmino/Documents/GitHub/Untitled/app/vendor/laravel/framework/src/Illuminate/Console/Command.php(182): Symfony\\Component\\Console\\Command\\Command->run(Object(Symfony\\Component\\Console\\Input\\ArgvInput), Object(Illuminate\\Console\\OutputStyle))
#20 /Users/mariopazmino/Documents/GitHub/Untitled/app/vendor/symfony/console/Application.php(1117): Illuminate\\Console\\Command->run(Object(Symfony\\Component\\Console\\Input\\ArgvInput), Object(Symfony\\Component\\Console\\Output\\ConsoleOutput))
#21 /Users/mariopazmino/Documents/GitHub/Untitled/app/vendor/symfony/console/Application.php(356): Symfony\\Component\\Console\\Application->doRunCommand(Object(L5Swagger\\Console\\GenerateDocsCommand), Object(Symfony\\Component\\Console\\Input\\ArgvInput), Object(Symfony\\Component\\Console\\Output\\ConsoleOutput))
#22 /Users/mariopazmino/Documents/GitHub/Untitled/app/vendor/symfony/console/Application.php(195): Symfony\\Component\\Console\\Application->doRun(Object(Symfony\\Component\\Console\\Input\\ArgvInput), Object(Symfony\\Component\\Console\\Output\\ConsoleOutput))
#23 /Users/mariopazmino/Documents/GitHub/Untitled/app/vendor/laravel/framework/src/Illuminate/Foundation/Console/Kernel.php(198): Symfony\\Component\\Console\\Application->run(Object(Symfony\\Component\\Console\\Input\\ArgvInput), Object(Symfony\\Component\\Console\\Output\\ConsoleOutput))
#24 /Users/mariopazmino/Documents/GitHub/Untitled/app/vendor/laravel/framework/src/Illuminate/Foundation/Application.php(1235): Illuminate\\Foundation\\Console\\Kernel->handle(Object(Symfony\\Component\\Console\\Input\\ArgvInput), Object(Symfony\\Component\\Console\\Output\\ConsoleOutput))
#25 /Users/mariopazmino/Documents/GitHub/Untitled/app/artisan(13): Illuminate\\Foundation\\Application->handleCommand(Object(Symfony\\Component\\Console\\Input\\ArgvInput))
#26 {main}
"} 
[2026-04-20 19:04:43] local.ERROR: Required @OA\Info() not found {"exception":"[object] (ErrorException(code: 0): Required @OA\\Info() not found at /Users/mariopazmino/Documents/GitHub/Untitled/app/vendor/zircote/swagger-php/src/Loggers/DefaultLogger.php:23)
[stacktrace]
#0 /Users/mariopazmino/Documents/GitHub/Untitled/app/vendor/laravel/framework/src/Illuminate/Foundation/Bootstrap/HandleExceptions.php(258): Illuminate\\Foundation\\Bootstrap\\HandleExceptions->handleError(512, 'Required @OA\\\\In...', '/Users/mariopaz...', 23)
#1 [internal function]: Illuminate\\Foundation\\Bootstrap\\HandleExceptions->Illuminate\\Foundation\\Bootstrap\\{closure}(512, 'Required @OA\\\\In...', '/Users/mariopaz...', 23)
#2 /Users/mariopazmino/Documents/GitHub/Untitled/app/vendor/zircote/swagger-php/src/Loggers/DefaultLogger.php(23): trigger_error('Required @OA\\\\In...', 512)
#3 /Users/mariopazmino/Documents/GitHub/Untitled/app/vendor/psr/log/src/LoggerTrait.php(61): OpenApi\\Loggers\\DefaultLogger->log('warning', 'Required @OA\\\\In...', Array)
#4 /Users/mariopazmino/Documents/GitHub/Untitled/app/vendor/zircote/swagger-php/src/Annotations/AbstractAnnotation.php(549): Psr\\Log\\AbstractLogger->warning('Required @OA\\\\In...')
#5 /Users/mariopazmino/Documents/GitHub/Untitled/app/vendor/zircote/swagger-php/src/Annotations/OpenApi.php(162): OpenApi\\Annotations\\AbstractAnnotation->validate(Object(OpenApi\\Analysis), '3.0.0', Object(stdClass))
#6 /Users/mariopazmino/Documents/GitHub/Untitled/app/vendor/zircote/swagger-php/src/Analysis.php(402): OpenApi\\Annotations\\OpenApi->validate(Object(OpenApi\\Analysis), '3.0.0', Object(stdClass))
#7 /Users/mariopazmino/Documents/GitHub/Untitled/app/vendor/zircote/swagger-php/src/Generator.php(408): OpenApi\\Analysis->validate()
#8 /Users/mariopazmino/Documents/GitHub/Untitled/app/vendor/darkaonline/l5-swagger/src/Generator.php(177): OpenApi\\Generator->generate(Object(OpenApi\\SourceFinder), Object(OpenApi\\Analysis))
#9 /Users/mariopazmino/Documents/GitHub/Untitled/app/vendor/darkaonline/l5-swagger/src/Generator.php(118): L5Swagger\\Generator->scanFilesForDocumentation()
#10 /Users/mariopazmino/Documents/GitHub/Untitled/app/vendor/darkaonline/l5-swagger/src/Console/GenerateDocsCommand.php(73): L5Swagger\\Generator->generateDocs()
#11 /Users/mariopazmino/Documents/GitHub/Untitled/app/vendor/darkaonline/l5-swagger/src/Console/GenerateDocsCommand.php(56): L5Swagger\\Console\\GenerateDocsCommand->generateDocumentation(Object(L5Swagger\\GeneratorFactory), 'default')
#12 /Users/mariopazmino/Documents/GitHub/Untitled/app/vendor/laravel/framework/src/Illuminate/Container/BoundMethod.php(36): L5Swagger\\Console\\GenerateDocsCommand->handle(Object(L5Swagger\\GeneratorFactory))
#13 /Users/mariopazmino/Documents/GitHub/Untitled/app/vendor/laravel/framework/src/Illuminate/Container/Util.php(43): Illuminate\\Container\\BoundMethod::Illuminate\\Container\\{closure}()
#14 /Users/mariopazmino/Documents/GitHub/Untitled/app/vendor/laravel/framework/src/Illuminate/Container/BoundMethod.php(95): Illuminate\\Container\\Util::unwrapIfClosure(Object(Closure))
#15 /Users/mariopazmino/Documents/GitHub/Untitled/app/vendor/laravel/framework/src/Illuminate/Container/BoundMethod.php(35): Illuminate\\Container\\BoundMethod::callBoundMethod(Object(Illuminate\\Foundation\\Application), Array, Object(Closure))
#16 /Users/mariopazmino/Documents/GitHub/Untitled/app/vendor/laravel/framework/src/Illuminate/Container/Container.php(696): Illuminate\\Container\\BoundMethod::call(Object(Illuminate\\Foundation\\Application), Array, Array, NULL)
#17 /Users/mariopazmino/Documents/GitHub/Untitled/app/vendor/laravel/framework/src/Illuminate/Console/Command.php(213): Illuminate\\Container\\Container->call(Array)
#18 /Users/mariopazmino/Documents/GitHub/Untitled/app/vendor/symfony/console/Command/Command.php(341): Illuminate\\Console\\Command->execute(Object(Symfony\\Component\\Console\\Input\\ArgvInput), Object(Illuminate\\Console\\OutputStyle))
#19 /Users/mariopazmino/Documents/GitHub/Untitled/app/vendor/laravel/framework/src/Illuminate/Console/Command.php(182): Symfony\\Component\\Console\\Command\\Command->run(Object(Symfony\\Component\\Console\\Input\\ArgvInput), Object(Illuminate\\Console\\OutputStyle))
#20 /Users/mariopazmino/Documents/GitHub/Untitled/app/vendor/symfony/console/Application.php(1117): Illuminate\\Console\\Command->run(Object(Symfony\\Component\\Console\\Input\\ArgvInput), Object(Symfony\\Component\\Console\\Output\\ConsoleOutput))
#21 /Users/mariopazmino/Documents/GitHub/Untitled/app/vendor/symfony/console/Application.php(356): Symfony\\Component\\Console\\Application->doRunCommand(Object(L5Swagger\\Console\\GenerateDocsCommand), Object(Symfony\\Component\\Console\\Input\\ArgvInput), Object(Symfony\\Component\\Console\\Output\\ConsoleOutput))
#22 /Users/mariopazmino/Documents/GitHub/Untitled/app/vendor/symfony/console/Application.php(195): Symfony\\Component\\Console\\Application->doRun(Object(Symfony\\Component\\Console\\Input\\ArgvInput), Object(Symfony\\Component\\Console\\Output\\ConsoleOutput))
#23 /Users/mariopazmino/Documents/GitHub/Untitled/app/vendor/laravel/framework/src/Illuminate/Foundation/Console/Kernel.php(198): Symfony\\Component\\Console\\Application->run(Object(Symfony\\Component\\Console\\Input\\ArgvInput), Object(Symfony\\Component\\Console\\Output\\ConsoleOutput))
#24 /Users/mariopazmino/Documents/GitHub/Untitled/app/vendor/laravel/framework/src/Illuminate/Foundation/Application.php(1235): Illuminate\\Foundation\\Console\\Kernel->handle(Object(Symfony\\Component\\Console\\Input\\ArgvInput), Object(Symfony\\Component\\Console\\Output\\ConsoleOutput))
#25 /Users/mariopazmino/Documents/GitHub/Untitled/app/artisan(13): Illuminate\\Foundation\\Application->handleCommand(Object(Symfony\\Component\\Console\\Input\\ArgvInput))
#26 {main}
"} 
[2026-04-20 19:04:54] local.ERROR: Skipping unknown MyApp\Docs\SwaggerInfo {"exception":"[object] (ErrorException(code: 0): Skipping unknown MyApp\\Docs\\SwaggerInfo at /Users/mariopazmino/Documents/GitHub/Untitled/app/vendor/zircote/swagger-php/src/Loggers/DefaultLogger.php:23)
[stacktrace]
#0 /Users/mariopazmino/Documents/GitHub/Untitled/app/vendor/laravel/framework/src/Illuminate/Foundation/Bootstrap/HandleExceptions.php(258): Illuminate\\Foundation\\Bootstrap\\HandleExceptions->handleError(512, 'Skipping unknow...', '/Users/mariopaz...', 23)
#1 [internal function]: Illuminate\\Foundation\\Bootstrap\\HandleExceptions->Illuminate\\Foundation\\Bootstrap\\{closure}(512, 'Skipping unknow...', '/Users/mariopaz...', 23)
#2 /Users/mariopazmino/Documents/GitHub/Untitled/app/vendor/zircote/swagger-php/src/Loggers/DefaultLogger.php(23): trigger_error('Skipping unknow...', 512)
#3 /Users/mariopazmino/Documents/GitHub/Untitled/app/vendor/psr/log/src/LoggerTrait.php(61): OpenApi\\Loggers\\DefaultLogger->log('warning', 'Skipping unknow...', Array)
#4 /Users/mariopazmino/Documents/GitHub/Untitled/app/vendor/zircote/swagger-php/src/Analysers/ReflectionAnalyser.php(88): Psr\\Log\\AbstractLogger->warning('Skipping unknow...')
#5 /Users/mariopazmino/Documents/GitHub/Untitled/app/vendor/zircote/swagger-php/src/Analysers/ReflectionAnalyser.php(62): OpenApi\\Analysers\\ReflectionAnalyser->analyzeFqdn('MyApp\\\\Docs\\\\Swag...', Object(OpenApi\\Analysis), Array)
#6 /Users/mariopazmino/Documents/GitHub/Untitled/app/vendor/zircote/swagger-php/src/Generator.php(431): OpenApi\\Analysers\\ReflectionAnalyser->fromFile('/Users/mariopaz...', Object(OpenApi\\Context))
#7 /Users/mariopazmino/Documents/GitHub/Untitled/app/vendor/zircote/swagger-php/src/Generator.php(394): OpenApi\\Generator->scanSources(Object(OpenApi\\SourceFinder), Object(OpenApi\\Analysis), Object(OpenApi\\Context))
#8 /Users/mariopazmino/Documents/GitHub/Untitled/app/vendor/darkaonline/l5-swagger/src/Generator.php(177): OpenApi\\Generator->generate(Object(OpenApi\\SourceFinder), Object(OpenApi\\Analysis))
#9 /Users/mariopazmino/Documents/GitHub/Untitled/app/vendor/darkaonline/l5-swagger/src/Generator.php(118): L5Swagger\\Generator->scanFilesForDocumentation()
#10 /Users/mariopazmino/Documents/GitHub/Untitled/app/vendor/darkaonline/l5-swagger/src/Console/GenerateDocsCommand.php(73): L5Swagger\\Generator->generateDocs()
#11 /Users/mariopazmino/Documents/GitHub/Untitled/app/vendor/darkaonline/l5-swagger/src/Console/GenerateDocsCommand.php(56): L5Swagger\\Console\\GenerateDocsCommand->generateDocumentation(Object(L5Swagger\\GeneratorFactory), 'default')
#12 /Users/mariopazmino/Documents/GitHub/Untitled/app/vendor/laravel/framework/src/Illuminate/Container/BoundMethod.php(36): L5Swagger\\Console\\GenerateDocsCommand->handle(Object(L5Swagger\\GeneratorFactory))
#13 /Users/mariopazmino/Documents/GitHub/Untitled/app/vendor/laravel/framework/src/Illuminate/Container/Util.php(43): Illuminate\\Container\\BoundMethod::Illuminate\\Container\\{closure}()
#14 /Users/mariopazmino/Documents/GitHub/Untitled/app/vendor/laravel/framework/src/Illuminate/Container/BoundMethod.php(95): Illuminate\\Container\\Util::unwrapIfClosure(Object(Closure))
#15 /Users/mariopazmino/Documents/GitHub/Untitled/app/vendor/laravel/framework/src/Illuminate/Container/BoundMethod.php(35): Illuminate\\Container\\BoundMethod::callBoundMethod(Object(Illuminate\\Foundation\\Application), Array, Object(Closure))
#16 /Users/mariopazmino/Documents/GitHub/Untitled/app/vendor/laravel/framework/src/Illuminate/Container/Container.php(696): Illuminate\\Container\\BoundMethod::call(Object(Illuminate\\Foundation\\Application), Array, Array, NULL)
#17 /Users/mariopazmino/Documents/GitHub/Untitled/app/vendor/laravel/framework/src/Illuminate/Console/Command.php(213): Illuminate\\Container\\Container->call(Array)
#18 /Users/mariopazmino/Documents/GitHub/Untitled/app/vendor/symfony/console/Command/Command.php(341): Illuminate\\Console\\Command->execute(Object(Symfony\\Component\\Console\\Input\\ArgvInput), Object(Illuminate\\Console\\OutputStyle))
#19 /Users/mariopazmino/Documents/GitHub/Untitled/app/vendor/laravel/framework/src/Illuminate/Console/Command.php(182): Symfony\\Component\\Console\\Command\\Command->run(Object(Symfony\\Component\\Console\\Input\\ArgvInput), Object(Illuminate\\Console\\OutputStyle))
#20 /Users/mariopazmino/Documents/GitHub/Untitled/app/vendor/symfony/console/Application.php(1117): Illuminate\\Console\\Command->run(Object(Symfony\\Component\\Console\\Input\\ArgvInput), Object(Symfony\\Component\\Console\\Output\\ConsoleOutput))
#21 /Users/mariopazmino/Documents/GitHub/Untitled/app/vendor/symfony/console/Application.php(356): Symfony\\Component\\Console\\Application->doRunCommand(Object(L5Swagger\\Console\\GenerateDocsCommand), Object(Symfony\\Component\\Console\\Input\\ArgvInput), Object(Symfony\\Component\\Console\\Output\\ConsoleOutput))
#22 /Users/mariopazmino/Documents/GitHub/Untitled/app/vendor/symfony/console/Application.php(195): Symfony\\Component\\Console\\Application->doRun(Object(Symfony\\Component\\Console\\Input\\ArgvInput), Object(Symfony\\Component\\Console\\Output\\ConsoleOutput))
#23 /Users/mariopazmino/Documents/GitHub/Untitled/app/vendor/laravel/framework/src/Illuminate/Foundation/Console/Kernel.php(198): Symfony\\Component\\Console\\Application->run(Object(Symfony\\Component\\Console\\Input\\ArgvInput), Object(Symfony\\Component\\Console\\Output\\ConsoleOutput))
#24 /Users/mariopazmino/Documents/GitHub/Untitled/app/vendor/laravel/framework/src/Illuminate/Foundation/Application.php(1235): Illuminate\\Foundation\\Console\\Kernel->handle(Object(Symfony\\Component\\Console\\Input\\ArgvInput), Object(Symfony\\Component\\Console\\Output\\ConsoleOutput))
#25 /Users/mariopazmino/Documents/GitHub/Untitled/app/artisan(13): Illuminate\\Foundation\\Application->handleCommand(Object(Symfony\\Component\\Console\\Input\\ArgvInput))
#26 {main}
"} 
[2026-04-20 19:05:01] local.ERROR: Skipping unknown App\Http\Controllers\Docs\SwaggerInfo {"exception":"[object] (ErrorException(code: 0): Skipping unknown App\\Http\\Controllers\\Docs\\SwaggerInfo at /Users/mariopazmino/Documents/GitHub/Untitled/app/vendor/zircote/swagger-php/src/Loggers/DefaultLogger.php:23)
[stacktrace]
#0 /Users/mariopazmino/Documents/GitHub/Untitled/app/vendor/laravel/framework/src/Illuminate/Foundation/Bootstrap/HandleExceptions.php(258): Illuminate\\Foundation\\Bootstrap\\HandleExceptions->handleError(512, 'Skipping unknow...', '/Users/mariopaz...', 23)
#1 [internal function]: Illuminate\\Foundation\\Bootstrap\\HandleExceptions->Illuminate\\Foundation\\Bootstrap\\{closure}(512, 'Skipping unknow...', '/Users/mariopaz...', 23)
#2 /Users/mariopazmino/Documents/GitHub/Untitled/app/vendor/zircote/swagger-php/src/Loggers/DefaultLogger.php(23): trigger_error('Skipping unknow...', 512)
#3 /Users/mariopazmino/Documents/GitHub/Untitled/app/vendor/psr/log/src/LoggerTrait.php(61): OpenApi\\Loggers\\DefaultLogger->log('warning', 'Skipping unknow...', Array)
#4 /Users/mariopazmino/Documents/GitHub/Untitled/app/vendor/zircote/swagger-php/src/Analysers/ReflectionAnalyser.php(88): Psr\\Log\\AbstractLogger->warning('Skipping unknow...')
#5 /Users/mariopazmino/Documents/GitHub/Untitled/app/vendor/zircote/swagger-php/src/Analysers/ReflectionAnalyser.php(62): OpenApi\\Analysers\\ReflectionAnalyser->analyzeFqdn('App\\\\Http\\\\Contro...', Object(OpenApi\\Analysis), Array)
#6 /Users/mariopazmino/Documents/GitHub/Untitled/app/vendor/zircote/swagger-php/src/Generator.php(431): OpenApi\\Analysers\\ReflectionAnalyser->fromFile('/Users/mariopaz...', Object(OpenApi\\Context))
#7 /Users/mariopazmino/Documents/GitHub/Untitled/app/vendor/zircote/swagger-php/src/Generator.php(394): OpenApi\\Generator->scanSources(Object(OpenApi\\SourceFinder), Object(OpenApi\\Analysis), Object(OpenApi\\Context))
#8 /Users/mariopazmino/Documents/GitHub/Untitled/app/vendor/darkaonline/l5-swagger/src/Generator.php(177): OpenApi\\Generator->generate(Object(OpenApi\\SourceFinder), Object(OpenApi\\Analysis))
#9 /Users/mariopazmino/Documents/GitHub/Untitled/app/vendor/darkaonline/l5-swagger/src/Generator.php(118): L5Swagger\\Generator->scanFilesForDocumentation()
#10 /Users/mariopazmino/Documents/GitHub/Untitled/app/vendor/darkaonline/l5-swagger/src/Console/GenerateDocsCommand.php(73): L5Swagger\\Generator->generateDocs()
#11 /Users/mariopazmino/Documents/GitHub/Untitled/app/vendor/darkaonline/l5-swagger/src/Console/GenerateDocsCommand.php(56): L5Swagger\\Console\\GenerateDocsCommand->generateDocumentation(Object(L5Swagger\\GeneratorFactory), 'default')
#12 /Users/mariopazmino/Documents/GitHub/Untitled/app/vendor/laravel/framework/src/Illuminate/Container/BoundMethod.php(36): L5Swagger\\Console\\GenerateDocsCommand->handle(Object(L5Swagger\\GeneratorFactory))
#13 /Users/mariopazmino/Documents/GitHub/Untitled/app/vendor/laravel/framework/src/Illuminate/Container/Util.php(43): Illuminate\\Container\\BoundMethod::Illuminate\\Container\\{closure}()
#14 /Users/mariopazmino/Documents/GitHub/Untitled/app/vendor/laravel/framework/src/Illuminate/Container/BoundMethod.php(95): Illuminate\\Container\\Util::unwrapIfClosure(Object(Closure))
#15 /Users/mariopazmino/Documents/GitHub/Untitled/app/vendor/laravel/framework/src/Illuminate/Container/BoundMethod.php(35): Illuminate\\Container\\BoundMethod::callBoundMethod(Object(Illuminate\\Foundation\\Application), Array, Object(Closure))
#16 /Users/mariopazmino/Documents/GitHub/Untitled/app/vendor/laravel/framework/src/Illuminate/Container/Container.php(696): Illuminate\\Container\\BoundMethod::call(Object(Illuminate\\Foundation\\Application), Array, Array, NULL)
#17 /Users/mariopazmino/Documents/GitHub/Untitled/app/vendor/laravel/framework/src/Illuminate/Console/Command.php(213): Illuminate\\Container\\Container->call(Array)
#18 /Users/mariopazmino/Documents/GitHub/Untitled/app/vendor/symfony/console/Command/Command.php(341): Illuminate\\Console\\Command->execute(Object(Symfony\\Component\\Console\\Input\\ArgvInput), Object(Illuminate\\Console\\OutputStyle))
#19 /Users/mariopazmino/Documents/GitHub/Untitled/app/vendor/laravel/framework/src/Illuminate/Console/Command.php(182): Symfony\\Component\\Console\\Command\\Command->run(Object(Symfony\\Component\\Console\\Input\\ArgvInput), Object(Illuminate\\Console\\OutputStyle))
#20 /Users/mariopazmino/Documents/GitHub/Untitled/app/vendor/symfony/console/Application.php(1117): Illuminate\\Console\\Command->run(Object(Symfony\\Component\\Console\\Input\\ArgvInput), Object(Symfony\\Component\\Console\\Output\\ConsoleOutput))
#21 /Users/mariopazmino/Documents/GitHub/Untitled/app/vendor/symfony/console/Application.php(356): Symfony\\Component\\Console\\Application->doRunCommand(Object(L5Swagger\\Console\\GenerateDocsCommand), Object(Symfony\\Component\\Console\\Input\\ArgvInput), Object(Symfony\\Component\\Console\\Output\\ConsoleOutput))
#22 /Users/mariopazmino/Documents/GitHub/Untitled/app/vendor/symfony/console/Application.php(195): Symfony\\Component\\Console\\Application->doRun(Object(Symfony\\Component\\Console\\Input\\ArgvInput), Object(Symfony\\Component\\Console\\Output\\ConsoleOutput))
#23 /Users/mariopazmino/Documents/GitHub/Untitled/app/vendor/laravel/framework/src/Illuminate/Foundation/Console/Kernel.php(198): Symfony\\Component\\Console\\Application->run(Object(Symfony\\Component\\Console\\Input\\ArgvInput), Object(Symfony\\Component\\Console\\Output\\ConsoleOutput))
#24 /Users/mariopazmino/Documents/GitHub/Untitled/app/vendor/laravel/framework/src/Illuminate/Foundation/Application.php(1235): Illuminate\\Foundation\\Console\\Kernel->handle(Object(Symfony\\Component\\Console\\Input\\ArgvInput), Object(Symfony\\Component\\Console\\Output\\ConsoleOutput))
#25 /Users/mariopazmino/Documents/GitHub/Untitled/app/artisan(13): Illuminate\\Foundation\\Application->handleCommand(Object(Symfony\\Component\\Console\\Input\\ArgvInput))
#26 {main}
"} 
[2026-04-20 19:07:10] local.ERROR: Required @OA\Info() not found {"exception":"[object] (ErrorException(code: 0): Required @OA\\Info() not found at /Users/mariopazmino/Documents/GitHub/Untitled/app/vendor/zircote/swagger-php/src/Loggers/DefaultLogger.php:23)
[stacktrace]
#0 /Users/mariopazmino/Documents/GitHub/Untitled/app/vendor/laravel/framework/src/Illuminate/Foundation/Bootstrap/HandleExceptions.php(258): Illuminate\\Foundation\\Bootstrap\\HandleExceptions->handleError(512, 'Required @OA\\\\In...', '/Users/mariopaz...', 23)
#1 [internal function]: Illuminate\\Foundation\\Bootstrap\\HandleExceptions->Illuminate\\Foundation\\Bootstrap\\{closure}(512, 'Required @OA\\\\In...', '/Users/mariopaz...', 23)
#2 /Users/mariopazmino/Documents/GitHub/Untitled/app/vendor/zircote/swagger-php/src/Loggers/DefaultLogger.php(23): trigger_error('Required @OA\\\\In...', 512)
#3 /Users/mariopazmino/Documents/GitHub/Untitled/app/vendor/psr/log/src/LoggerTrait.php(61): OpenApi\\Loggers\\DefaultLogger->log('warning', 'Required @OA\\\\In...', Array)
#4 /Users/mariopazmino/Documents/GitHub/Untitled/app/vendor/zircote/swagger-php/src/Annotations/AbstractAnnotation.php(549): Psr\\Log\\AbstractLogger->warning('Required @OA\\\\In...')
#5 /Users/mariopazmino/Documents/GitHub/Untitled/app/vendor/zircote/swagger-php/src/Annotations/OpenApi.php(162): OpenApi\\Annotations\\AbstractAnnotation->validate(Object(OpenApi\\Analysis), '3.0.0', Object(stdClass))
#6 /Users/mariopazmino/Documents/GitHub/Untitled/app/vendor/zircote/swagger-php/src/Analysis.php(402): OpenApi\\Annotations\\OpenApi->validate(Object(OpenApi\\Analysis), '3.0.0', Object(stdClass))
#7 /Users/mariopazmino/Documents/GitHub/Untitled/app/vendor/zircote/swagger-php/src/Generator.php(408): OpenApi\\Analysis->validate()
#8 /Users/mariopazmino/Documents/GitHub/Untitled/app/vendor/darkaonline/l5-swagger/src/Generator.php(177): OpenApi\\Generator->generate(Object(OpenApi\\SourceFinder), Object(OpenApi\\Analysis))
#9 /Users/mariopazmino/Documents/GitHub/Untitled/app/vendor/darkaonline/l5-swagger/src/Generator.php(118): L5Swagger\\Generator->scanFilesForDocumentation()
#10 /Users/mariopazmino/Documents/GitHub/Untitled/app/vendor/darkaonline/l5-swagger/src/Console/GenerateDocsCommand.php(73): L5Swagger\\Generator->generateDocs()
#11 /Users/mariopazmino/Documents/GitHub/Untitled/app/vendor/darkaonline/l5-swagger/src/Console/GenerateDocsCommand.php(56): L5Swagger\\Console\\GenerateDocsCommand->generateDocumentation(Object(L5Swagger\\GeneratorFactory), 'default')
#12 /Users/mariopazmino/Documents/GitHub/Untitled/app/vendor/laravel/framework/src/Illuminate/Container/BoundMethod.php(36): L5Swagger\\Console\\GenerateDocsCommand->handle(Object(L5Swagger\\GeneratorFactory))
#13 /Users/mariopazmino/Documents/GitHub/Untitled/app/vendor/laravel/framework/src/Illuminate/Container/Util.php(43): Illuminate\\Container\\BoundMethod::Illuminate\\Container\\{closure}()
#14 /Users/mariopazmino/Documents/GitHub/Untitled/app/vendor/laravel/framework/src/Illuminate/Container/BoundMethod.php(95): Illuminate\\Container\\Util::unwrapIfClosure(Object(Closure))
#15 /Users/mariopazmino/Documents/GitHub/Untitled/app/vendor/laravel/framework/src/Illuminate/Container/BoundMethod.php(35): Illuminate\\Container\\BoundMethod::callBoundMethod(Object(Illuminate\\Foundation\\Application), Array, Object(Closure))
#16 /Users/mariopazmino/Documents/GitHub/Untitled/app/vendor/laravel/framework/src/Illuminate/Container/Container.php(696): Illuminate\\Container\\BoundMethod::call(Object(Illuminate\\Foundation\\Application), Array, Array, NULL)
#17 /Users/mariopazmino/Documents/GitHub/Untitled/app/vendor/laravel/framework/src/Illuminate/Console/Command.php(213): Illuminate\\Container\\Container->call(Array)
#18 /Users/mariopazmino/Documents/GitHub/Untitled/app/vendor/symfony/console/Command/Command.php(341): Illuminate\\Console\\Command->execute(Object(Symfony\\Component\\Console\\Input\\ArgvInput), Object(Illuminate\\Console\\OutputStyle))
#19 /Users/mariopazmino/Documents/GitHub/Untitled/app/vendor/laravel/framework/src/Illuminate/Console/Command.php(182): Symfony\\Component\\Console\\Command\\Command->run(Object(Symfony\\Component\\Console\\Input\\ArgvInput), Object(Illuminate\\Console\\OutputStyle))
#20 /Users/mariopazmino/Documents/GitHub/Untitled/app/vendor/symfony/console/Application.php(1117): Illuminate\\Console\\Command->run(Object(Symfony\\Component\\Console\\Input\\ArgvInput), Object(Symfony\\Component\\Console\\Output\\ConsoleOutput))
#21 /Users/mariopazmino/Documents/GitHub/Untitled/app/vendor/symfony/console/Application.php(356): Symfony\\Component\\Console\\Application->doRunCommand(Object(L5Swagger\\Console\\GenerateDocsCommand), Object(Symfony\\Component\\Console\\Input\\ArgvInput), Object(Symfony\\Component\\Console\\Output\\ConsoleOutput))
#22 /Users/mariopazmino/Documents/GitHub/Untitled/app/vendor/symfony/console/Application.php(195): Symfony\\Component\\Console\\Application->doRun(Object(Symfony\\Component\\Console\\Input\\ArgvInput), Object(Symfony\\Component\\Console\\Output\\ConsoleOutput))
#23 /Users/mariopazmino/Documents/GitHub/Untitled/app/vendor/laravel/framework/src/Illuminate/Foundation/Console/Kernel.php(198): Symfony\\Component\\Console\\Application->run(Object(Symfony\\Component\\Console\\Input\\ArgvInput), Object(Symfony\\Component\\Console\\Output\\ConsoleOutput))
#24 /Users/mariopazmino/Documents/GitHub/Untitled/app/vendor/laravel/framework/src/Illuminate/Foundation/Application.php(1235): Illuminate\\Foundation\\Console\\Kernel->handle(Object(Symfony\\Component\\Console\\Input\\ArgvInput), Object(Symfony\\Component\\Console\\Output\\ConsoleOutput))
#25 /Users/mariopazmino/Documents/GitHub/Untitled/app/artisan(13): Illuminate\\Foundation\\Application->handleCommand(Object(Symfony\\Component\\Console\\Input\\ArgvInput))
#26 {main}
"} 
[2026-04-20 19:09:01] local.ERROR: Required @OA\PathItem() not found {"exception":"[object] (ErrorException(code: 0): Required @OA\\PathItem() not found at /Users/mariopazmino/Documents/GitHub/Untitled/app/vendor/zircote/swagger-php/src/Loggers/DefaultLogger.php:23)
[stacktrace]
#0 /Users/mariopazmino/Documents/GitHub/Untitled/app/vendor/laravel/framework/src/Illuminate/Foundation/Bootstrap/HandleExceptions.php(258): Illuminate\\Foundation\\Bootstrap\\HandleExceptions->handleError(512, 'Required @OA\\\\Pa...', '/Users/mariopaz...', 23)
#1 [internal function]: Illuminate\\Foundation\\Bootstrap\\HandleExceptions->Illuminate\\Foundation\\Bootstrap\\{closure}(512, 'Required @OA\\\\Pa...', '/Users/mariopaz...', 23)
#2 /Users/mariopazmino/Documents/GitHub/Untitled/app/vendor/zircote/swagger-php/src/Loggers/DefaultLogger.php(23): trigger_error('Required @OA\\\\Pa...', 512)
#3 /Users/mariopazmino/Documents/GitHub/Untitled/app/vendor/psr/log/src/LoggerTrait.php(61): OpenApi\\Loggers\\DefaultLogger->log('warning', 'Required @OA\\\\Pa...', Array)
#4 /Users/mariopazmino/Documents/GitHub/Untitled/app/vendor/zircote/swagger-php/src/Annotations/OpenApi.php(167): Psr\\Log\\AbstractLogger->warning('Required @OA\\\\Pa...')
#5 /Users/mariopazmino/Documents/GitHub/Untitled/app/vendor/zircote/swagger-php/src/Analysis.php(427): OpenApi\\Annotations\\OpenApi->validate()
#6 /Users/mariopazmino/Documents/GitHub/Untitled/app/vendor/zircote/swagger-php/src/Generator.php(434): OpenApi\\Analysis->validate()
#7 /Users/mariopazmino/Documents/GitHub/Untitled/app/vendor/darkaonline/l5-swagger/src/Generator.php(177): OpenApi\\Generator->generate(Object(Symfony\\Component\\Finder\\Finder), Object(OpenApi\\Analysis))
#8 /Users/mariopazmino/Documents/GitHub/Untitled/app/vendor/darkaonline/l5-swagger/src/Generator.php(118): L5Swagger\\Generator->scanFilesForDocumentation()
#9 /Users/mariopazmino/Documents/GitHub/Untitled/app/vendor/darkaonline/l5-swagger/src/Console/GenerateDocsCommand.php(73): L5Swagger\\Generator->generateDocs()
#10 /Users/mariopazmino/Documents/GitHub/Untitled/app/vendor/darkaonline/l5-swagger/src/Console/GenerateDocsCommand.php(56): L5Swagger\\Console\\GenerateDocsCommand->generateDocumentation(Object(L5Swagger\\GeneratorFactory), 'default')
#11 /Users/mariopazmino/Documents/GitHub/Untitled/app/vendor/laravel/framework/src/Illuminate/Container/BoundMethod.php(36): L5Swagger\\Console\\GenerateDocsCommand->handle(Object(L5Swagger\\GeneratorFactory))
#12 /Users/mariopazmino/Documents/GitHub/Untitled/app/vendor/laravel/framework/src/Illuminate/Container/Util.php(43): Illuminate\\Container\\BoundMethod::Illuminate\\Container\\{closure}()
#13 /Users/mariopazmino/Documents/GitHub/Untitled/app/vendor/laravel/framework/src/Illuminate/Container/BoundMethod.php(95): Illuminate\\Container\\Util::unwrapIfClosure(Object(Closure))
#14 /Users/mariopazmino/Documents/GitHub/Untitled/app/vendor/laravel/framework/src/Illuminate/Container/BoundMethod.php(35): Illuminate\\Container\\BoundMethod::callBoundMethod(Object(Illuminate\\Foundation\\Application), Array, Object(Closure))
#15 /Users/mariopazmino/Documents/GitHub/Untitled/app/vendor/laravel/framework/src/Illuminate/Container/Container.php(696): Illuminate\\Container\\BoundMethod::call(Object(Illuminate\\Foundation\\Application), Array, Array, NULL)
#16 /Users/mariopazmino/Documents/GitHub/Untitled/app/vendor/laravel/framework/src/Illuminate/Console/Command.php(213): Illuminate\\Container\\Container->call(Array)
#17 /Users/mariopazmino/Documents/GitHub/Untitled/app/vendor/symfony/console/Command/Command.php(341): Illuminate\\Console\\Command->execute(Object(Symfony\\Component\\Console\\Input\\ArgvInput), Object(Illuminate\\Console\\OutputStyle))
#18 /Users/mariopazmino/Documents/GitHub/Untitled/app/vendor/laravel/framework/src/Illuminate/Console/Command.php(182): Symfony\\Component\\Console\\Command\\Command->run(Object(Symfony\\Component\\Console\\Input\\ArgvInput), Object(Illuminate\\Console\\OutputStyle))
#19 /Users/mariopazmino/Documents/GitHub/Untitled/app/vendor/symfony/console/Application.php(1117): Illuminate\\Console\\Command->run(Object(Symfony\\Component\\Console\\Input\\ArgvInput), Object(Symfony\\Component\\Console\\Output\\ConsoleOutput))
#20 /Users/mariopazmino/Documents/GitHub/Untitled/app/vendor/symfony/console/Application.php(356): Symfony\\Component\\Console\\Application->doRunCommand(Object(L5Swagger\\Console\\GenerateDocsCommand), Object(Symfony\\Component\\Console\\Input\\ArgvInput), Object(Symfony\\Component\\Console\\Output\\ConsoleOutput))
#21 /Users/mariopazmino/Documents/GitHub/Untitled/app/vendor/symfony/console/Application.php(195): Symfony\\Component\\Console\\Application->doRun(Object(Symfony\\Component\\Console\\Input\\ArgvInput), Object(Symfony\\Component\\Console\\Output\\ConsoleOutput))
#22 /Users/mariopazmino/Documents/GitHub/Untitled/app/vendor/laravel/framework/src/Illuminate/Foundation/Console/Kernel.php(198): Symfony\\Component\\Console\\Application->run(Object(Symfony\\Component\\Console\\Input\\ArgvInput), Object(Symfony\\Component\\Console\\Output\\ConsoleOutput))
#23 /Users/mariopazmino/Documents/GitHub/Untitled/app/vendor/laravel/framework/src/Illuminate/Foundation/Application.php(1235): Illuminate\\Foundation\\Console\\Kernel->handle(Object(Symfony\\Component\\Console\\Input\\ArgvInput), Object(Symfony\\Component\\Console\\Output\\ConsoleOutput))
#24 /Users/mariopazmino/Documents/GitHub/Untitled/app/artisan(13): Illuminate\\Foundation\\Application->handleCommand(Object(Symfony\\Component\\Console\\Input\\ArgvInput))
#25 {main}
"} 
[2026-04-20 19:09:29] local.ERROR: Required @OA\PathItem() not found {"exception":"[object] (ErrorException(code: 0): Required @OA\\PathItem() not found at /Users/mariopazmino/Documents/GitHub/Untitled/app/vendor/zircote/swagger-php/src/Loggers/DefaultLogger.php:23)
[stacktrace]
#0 /Users/mariopazmino/Documents/GitHub/Untitled/app/vendor/laravel/framework/src/Illuminate/Foundation/Bootstrap/HandleExceptions.php(258): Illuminate\\Foundation\\Bootstrap\\HandleExceptions->handleError(512, 'Required @OA\\\\Pa...', '/Users/mariopaz...', 23)
#1 [internal function]: Illuminate\\Foundation\\Bootstrap\\HandleExceptions->Illuminate\\Foundation\\Bootstrap\\{closure}(512, 'Required @OA\\\\Pa...', '/Users/mariopaz...', 23)
#2 /Users/mariopazmino/Documents/GitHub/Untitled/app/vendor/zircote/swagger-php/src/Loggers/DefaultLogger.php(23): trigger_error('Required @OA\\\\Pa...', 512)
#3 /Users/mariopazmino/Documents/GitHub/Untitled/app/vendor/psr/log/src/LoggerTrait.php(61): OpenApi\\Loggers\\DefaultLogger->log('warning', 'Required @OA\\\\Pa...', Array)
#4 /Users/mariopazmino/Documents/GitHub/Untitled/app/vendor/zircote/swagger-php/src/Annotations/OpenApi.php(167): Psr\\Log\\AbstractLogger->warning('Required @OA\\\\Pa...')
#5 /Users/mariopazmino/Documents/GitHub/Untitled/app/vendor/zircote/swagger-php/src/Analysis.php(427): OpenApi\\Annotations\\OpenApi->validate()
#6 /Users/mariopazmino/Documents/GitHub/Untitled/app/vendor/zircote/swagger-php/src/Generator.php(434): OpenApi\\Analysis->validate()
#7 /Users/mariopazmino/Documents/GitHub/Untitled/app/vendor/darkaonline/l5-swagger/src/Generator.php(177): OpenApi\\Generator->generate(Object(Symfony\\Component\\Finder\\Finder), Object(OpenApi\\Analysis))
#8 /Users/mariopazmino/Documents/GitHub/Untitled/app/vendor/darkaonline/l5-swagger/src/Generator.php(118): L5Swagger\\Generator->scanFilesForDocumentation()
#9 /Users/mariopazmino/Documents/GitHub/Untitled/app/vendor/darkaonline/l5-swagger/src/Console/GenerateDocsCommand.php(73): L5Swagger\\Generator->generateDocs()
#10 /Users/mariopazmino/Documents/GitHub/Untitled/app/vendor/darkaonline/l5-swagger/src/Console/GenerateDocsCommand.php(56): L5Swagger\\Console\\GenerateDocsCommand->generateDocumentation(Object(L5Swagger\\GeneratorFactory), 'default')
#11 /Users/mariopazmino/Documents/GitHub/Untitled/app/vendor/laravel/framework/src/Illuminate/Container/BoundMethod.php(36): L5Swagger\\Console\\GenerateDocsCommand->handle(Object(L5Swagger\\GeneratorFactory))
#12 /Users/mariopazmino/Documents/GitHub/Untitled/app/vendor/laravel/framework/src/Illuminate/Container/Util.php(43): Illuminate\\Container\\BoundMethod::Illuminate\\Container\\{closure}()
#13 /Users/mariopazmino/Documents/GitHub/Untitled/app/vendor/laravel/framework/src/Illuminate/Container/BoundMethod.php(95): Illuminate\\Container\\Util::unwrapIfClosure(Object(Closure))
#14 /Users/mariopazmino/Documents/GitHub/Untitled/app/vendor/laravel/framework/src/Illuminate/Container/BoundMethod.php(35): Illuminate\\Container\\BoundMethod::callBoundMethod(Object(Illuminate\\Foundation\\Application), Array, Object(Closure))
#15 /Users/mariopazmino/Documents/GitHub/Untitled/app/vendor/laravel/framework/src/Illuminate/Container/Container.php(696): Illuminate\\Container\\BoundMethod::call(Object(Illuminate\\Foundation\\Application), Array, Array, NULL)
#16 /Users/mariopazmino/Documents/GitHub/Untitled/app/vendor/laravel/framework/src/Illuminate/Console/Command.php(213): Illuminate\\Container\\Container->call(Array)
#17 /Users/mariopazmino/Documents/GitHub/Untitled/app/vendor/symfony/console/Command/Command.php(341): Illuminate\\Console\\Command->execute(Object(Symfony\\Component\\Console\\Input\\ArgvInput), Object(Illuminate\\Console\\OutputStyle))
#18 /Users/mariopazmino/Documents/GitHub/Untitled/app/vendor/laravel/framework/src/Illuminate/Console/Command.php(182): Symfony\\Component\\Console\\Command\\Command->run(Object(Symfony\\Component\\Console\\Input\\ArgvInput), Object(Illuminate\\Console\\OutputStyle))
#19 /Users/mariopazmino/Documents/GitHub/Untitled/app/vendor/symfony/console/Application.php(1117): Illuminate\\Console\\Command->run(Object(Symfony\\Component\\Console\\Input\\ArgvInput), Object(Symfony\\Component\\Console\\Output\\ConsoleOutput))
#20 /Users/mariopazmino/Documents/GitHub/Untitled/app/vendor/symfony/console/Application.php(356): Symfony\\Component\\Console\\Application->doRunCommand(Object(L5Swagger\\Console\\GenerateDocsCommand), Object(Symfony\\Component\\Console\\Input\\ArgvInput), Object(Symfony\\Component\\Console\\Output\\ConsoleOutput))
#21 /Users/mariopazmino/Documents/GitHub/Untitled/app/vendor/symfony/console/Application.php(195): Symfony\\Component\\Console\\Application->doRun(Object(Symfony\\Component\\Console\\Input\\ArgvInput), Object(Symfony\\Component\\Console\\Output\\ConsoleOutput))
#22 /Users/mariopazmino/Documents/GitHub/Untitled/app/vendor/laravel/framework/src/Illuminate/Foundation/Console/Kernel.php(198): Symfony\\Component\\Console\\Application->run(Object(Symfony\\Component\\Console\\Input\\ArgvInput), Object(Symfony\\Component\\Console\\Output\\ConsoleOutput))
#23 /Users/mariopazmino/Documents/GitHub/Untitled/app/vendor/laravel/framework/src/Illuminate/Foundation/Application.php(1235): Illuminate\\Foundation\\Console\\Kernel->handle(Object(Symfony\\Component\\Console\\Input\\ArgvInput), Object(Symfony\\Component\\Console\\Output\\ConsoleOutput))
#24 /Users/mariopazmino/Documents/GitHub/Untitled/app/artisan(13): Illuminate\\Foundation\\Application->handleCommand(Object(Symfony\\Component\\Console\\Input\\ArgvInput))
#25 {main}
"} 
[2026-04-20 19:09:37] local.ERROR: Required @OA\PathItem() not found {"exception":"[object] (ErrorException(code: 0): Required @OA\\PathItem() not found at /Users/mariopazmino/Documents/GitHub/Untitled/app/vendor/zircote/swagger-php/src/Loggers/DefaultLogger.php:23)
[stacktrace]
#0 /Users/mariopazmino/Documents/GitHub/Untitled/app/vendor/laravel/framework/src/Illuminate/Foundation/Bootstrap/HandleExceptions.php(258): Illuminate\\Foundation\\Bootstrap\\HandleExceptions->handleError(512, 'Required @OA\\\\Pa...', '/Users/mariopaz...', 23)
#1 [internal function]: Illuminate\\Foundation\\Bootstrap\\HandleExceptions->Illuminate\\Foundation\\Bootstrap\\{closure}(512, 'Required @OA\\\\Pa...', '/Users/mariopaz...', 23)
#2 /Users/mariopazmino/Documents/GitHub/Untitled/app/vendor/zircote/swagger-php/src/Loggers/DefaultLogger.php(23): trigger_error('Required @OA\\\\Pa...', 512)
#3 /Users/mariopazmino/Documents/GitHub/Untitled/app/vendor/psr/log/src/LoggerTrait.php(61): OpenApi\\Loggers\\DefaultLogger->log('warning', 'Required @OA\\\\Pa...', Array)
#4 /Users/mariopazmino/Documents/GitHub/Untitled/app/vendor/zircote/swagger-php/src/Annotations/OpenApi.php(167): Psr\\Log\\AbstractLogger->warning('Required @OA\\\\Pa...')
#5 /Users/mariopazmino/Documents/GitHub/Untitled/app/vendor/zircote/swagger-php/src/Analysis.php(427): OpenApi\\Annotations\\OpenApi->validate()
#6 /Users/mariopazmino/Documents/GitHub/Untitled/app/vendor/zircote/swagger-php/src/Generator.php(434): OpenApi\\Analysis->validate()
#7 /Users/mariopazmino/Documents/GitHub/Untitled/app/vendor/darkaonline/l5-swagger/src/Generator.php(177): OpenApi\\Generator->generate(Object(Symfony\\Component\\Finder\\Finder), Object(OpenApi\\Analysis))
#8 /Users/mariopazmino/Documents/GitHub/Untitled/app/vendor/darkaonline/l5-swagger/src/Generator.php(118): L5Swagger\\Generator->scanFilesForDocumentation()
#9 /Users/mariopazmino/Documents/GitHub/Untitled/app/vendor/darkaonline/l5-swagger/src/Console/GenerateDocsCommand.php(73): L5Swagger\\Generator->generateDocs()
#10 /Users/mariopazmino/Documents/GitHub/Untitled/app/vendor/darkaonline/l5-swagger/src/Console/GenerateDocsCommand.php(56): L5Swagger\\Console\\GenerateDocsCommand->generateDocumentation(Object(L5Swagger\\GeneratorFactory), 'default')
#11 /Users/mariopazmino/Documents/GitHub/Untitled/app/vendor/laravel/framework/src/Illuminate/Container/BoundMethod.php(36): L5Swagger\\Console\\GenerateDocsCommand->handle(Object(L5Swagger\\GeneratorFactory))
#12 /Users/mariopazmino/Documents/GitHub/Untitled/app/vendor/laravel/framework/src/Illuminate/Container/Util.php(43): Illuminate\\Container\\BoundMethod::Illuminate\\Container\\{closure}()
#13 /Users/mariopazmino/Documents/GitHub/Untitled/app/vendor/laravel/framework/src/Illuminate/Container/BoundMethod.php(95): Illuminate\\Container\\Util::unwrapIfClosure(Object(Closure))
#14 /Users/mariopazmino/Documents/GitHub/Untitled/app/vendor/laravel/framework/src/Illuminate/Container/BoundMethod.php(35): Illuminate\\Container\\BoundMethod::callBoundMethod(Object(Illuminate\\Foundation\\Application), Array, Object(Closure))
#15 /Users/mariopazmino/Documents/GitHub/Untitled/app/vendor/laravel/framework/src/Illuminate/Container/Container.php(696): Illuminate\\Container\\BoundMethod::call(Object(Illuminate\\Foundation\\Application), Array, Array, NULL)
#16 /Users/mariopazmino/Documents/GitHub/Untitled/app/vendor/laravel/framework/src/Illuminate/Console/Command.php(213): Illuminate\\Container\\Container->call(Array)
#17 /Users/mariopazmino/Documents/GitHub/Untitled/app/vendor/symfony/console/Command/Command.php(341): Illuminate\\Console\\Command->execute(Object(Symfony\\Component\\Console\\Input\\ArgvInput), Object(Illuminate\\Console\\OutputStyle))
#18 /Users/mariopazmino/Documents/GitHub/Untitled/app/vendor/laravel/framework/src/Illuminate/Console/Command.php(182): Symfony\\Component\\Console\\Command\\Command->run(Object(Symfony\\Component\\Console\\Input\\ArgvInput), Object(Illuminate\\Console\\OutputStyle))
#19 /Users/mariopazmino/Documents/GitHub/Untitled/app/vendor/symfony/console/Application.php(1117): Illuminate\\Console\\Command->run(Object(Symfony\\Component\\Console\\Input\\ArgvInput), Object(Symfony\\Component\\Console\\Output\\ConsoleOutput))
#20 /Users/mariopazmino/Documents/GitHub/Untitled/app/vendor/symfony/console/Application.php(356): Symfony\\Component\\Console\\Application->doRunCommand(Object(L5Swagger\\Console\\GenerateDocsCommand), Object(Symfony\\Component\\Console\\Input\\ArgvInput), Object(Symfony\\Component\\Console\\Output\\ConsoleOutput))
#21 /Users/mariopazmino/Documents/GitHub/Untitled/app/vendor/symfony/console/Application.php(195): Symfony\\Component\\Console\\Application->doRun(Object(Symfony\\Component\\Console\\Input\\ArgvInput), Object(Symfony\\Component\\Console\\Output\\ConsoleOutput))
#22 /Users/mariopazmino/Documents/GitHub/Untitled/app/vendor/laravel/framework/src/Illuminate/Foundation/Console/Kernel.php(198): Symfony\\Component\\Console\\Application->run(Object(Symfony\\Component\\Console\\Input\\ArgvInput), Object(Symfony\\Component\\Console\\Output\\ConsoleOutput))
#23 /Users/mariopazmino/Documents/GitHub/Untitled/app/vendor/laravel/framework/src/Illuminate/Foundation/Application.php(1235): Illuminate\\Foundation\\Console\\Kernel->handle(Object(Symfony\\Component\\Console\\Input\\ArgvInput), Object(Symfony\\Component\\Console\\Output\\ConsoleOutput))
#24 /Users/mariopazmino/Documents/GitHub/Untitled/app/artisan(13): Illuminate\\Foundation\\Application->handleCommand(Object(Symfony\\Component\\Console\\Input\\ArgvInput))
#25 {main}
"} 
[2026-04-20 19:09:48] local.ERROR: Only one @OA\Info() allowed for @OA\OpenApi() multiple found in:
    Using: /Users/mariopazmino/Documents/GitHub/Untitled/app/app/Docs/SwaggerInfo.php on line 23
  Skipped: /Users/mariopazmino/Documents/GitHub/Untitled/app/app/Http/Controllers/ApiDocController.php on line 25 {"exception":"[object] (ErrorException(code: 0): Only one @OA\\Info() allowed for @OA\\OpenApi() multiple found in:
    Using: /Users/mariopazmino/Documents/GitHub/Untitled/app/app/Docs/SwaggerInfo.php on line 23
  Skipped: /Users/mariopazmino/Documents/GitHub/Untitled/app/app/Http/Controllers/ApiDocController.php on line 25 at /Users/mariopazmino/Documents/GitHub/Untitled/app/vendor/zircote/swagger-php/src/Loggers/DefaultLogger.php:31)
[stacktrace]
#0 /Users/mariopazmino/Documents/GitHub/Untitled/app/vendor/laravel/framework/src/Illuminate/Foundation/Bootstrap/HandleExceptions.php(258): Illuminate\\Foundation\\Bootstrap\\HandleExceptions->handleError(512, 'Only one @OA\\\\In...', '/Users/mariopaz...', 31)
#1 [internal function]: Illuminate\\Foundation\\Bootstrap\\HandleExceptions->Illuminate\\Foundation\\Bootstrap\\{closure}(512, 'Only one @OA\\\\In...', '/Users/mariopaz...', 31)
#2 /Users/mariopazmino/Documents/GitHub/Untitled/app/vendor/zircote/swagger-php/src/Loggers/DefaultLogger.php(31): trigger_error('Only one @OA\\\\In...', 512)
#3 /Users/mariopazmino/Documents/GitHub/Untitled/app/vendor/psr/log/src/LoggerTrait.php(61): OpenApi\\Loggers\\DefaultLogger->log('warning', 'Only one @OA\\\\In...', Array)
#4 /Users/mariopazmino/Documents/GitHub/Untitled/app/vendor/zircote/swagger-php/src/Annotations/AbstractAnnotation.php(468): Psr\\Log\\AbstractLogger->warning('Only one @OA\\\\In...')
#5 /Users/mariopazmino/Documents/GitHub/Untitled/app/vendor/zircote/swagger-php/src/Annotations/OpenApi.php(170): OpenApi\\Annotations\\AbstractAnnotation->validate(Array, Array, '#', Object(stdClass))
#6 /Users/mariopazmino/Documents/GitHub/Untitled/app/vendor/zircote/swagger-php/src/Analysis.php(440): OpenApi\\Annotations\\OpenApi->validate()
#7 /Users/mariopazmino/Documents/GitHub/Untitled/app/vendor/zircote/swagger-php/src/Generator.php(511): OpenApi\\Analysis->validate()
#8 /Users/mariopazmino/Documents/GitHub/Untitled/app/vendor/darkaonline/l5-swagger/src/Generator.php(191): OpenApi\\Generator->generate(Object(Symfony\\Component\\Finder\\Finder), Object(OpenApi\\Analysis))
#9 /Users/mariopazmino/Documents/GitHub/Untitled/app/vendor/darkaonline/l5-swagger/src/Generator.php(132): L5Swagger\\Generator->scanFilesForDocumentation()
#10 /Users/mariopazmino/Documents/GitHub/Untitled/app/vendor/darkaonline/l5-swagger/src/Console/GenerateDocsCommand.php(72): L5Swagger\\Generator->generateDocs()
#11 /Users/mariopazmino/Documents/GitHub/Untitled/app/vendor/darkaonline/l5-swagger/src/Console/GenerateDocsCommand.php(58): L5Swagger\\Console\\GenerateDocsCommand->generateDocumentation(Object(L5Swagger\\GeneratorFactory), 'default')
#12 /Users/mariopazmino/Documents/GitHub/Untitled/app/vendor/laravel/framework/src/Illuminate/Container/BoundMethod.php(36): L5Swagger\\Console\\GenerateDocsCommand->handle(Object(L5Swagger\\GeneratorFactory))
#13 /Users/mariopazmino/Documents/GitHub/Untitled/app/vendor/laravel/framework/src/Illuminate/Container/Util.php(43): Illuminate\\Container\\BoundMethod::Illuminate\\Container\\{closure}()
#14 /Users/mariopazmino/Documents/GitHub/Untitled/app/vendor/laravel/framework/src/Illuminate/Container/BoundMethod.php(95): Illuminate\\Container\\Util::unwrapIfClosure(Object(Closure))
#15 /Users/mariopazmino/Documents/GitHub/Untitled/app/vendor/laravel/framework/src/Illuminate/Container/BoundMethod.php(35): Illuminate\\Container\\BoundMethod::callBoundMethod(Object(Illuminate\\Foundation\\Application), Array, Object(Closure))
#16 /Users/mariopazmino/Documents/GitHub/Untitled/app/vendor/laravel/framework/src/Illuminate/Container/Container.php(696): Illuminate\\Container\\BoundMethod::call(Object(Illuminate\\Foundation\\Application), Array, Array, NULL)
#17 /Users/mariopazmino/Documents/GitHub/Untitled/app/vendor/laravel/framework/src/Illuminate/Console/Command.php(213): Illuminate\\Container\\Container->call(Array)
#18 /Users/mariopazmino/Documents/GitHub/Untitled/app/vendor/symfony/console/Command/Command.php(341): Illuminate\\Console\\Command->execute(Object(Symfony\\Component\\Console\\Input\\ArgvInput), Object(Illuminate\\Console\\OutputStyle))
#19 /Users/mariopazmino/Documents/GitHub/Untitled/app/vendor/laravel/framework/src/Illuminate/Console/Command.php(182): Symfony\\Component\\Console\\Command\\Command->run(Object(Symfony\\Component\\Console\\Input\\ArgvInput), Object(Illuminate\\Console\\OutputStyle))
#20 /Users/mariopazmino/Documents/GitHub/Untitled/app/vendor/symfony/console/Application.php(1117): Illuminate\\Console\\Command->run(Object(Symfony\\Component\\Console\\Input\\ArgvInput), Object(Symfony\\Component\\Console\\Output\\ConsoleOutput))
#21 /Users/mariopazmino/Documents/GitHub/Untitled/app/vendor/symfony/console/Application.php(356): Symfony\\Component\\Console\\Application->doRunCommand(Object(L5Swagger\\Console\\GenerateDocsCommand), Object(Symfony\\Component\\Console\\Input\\ArgvInput), Object(Symfony\\Component\\Console\\Output\\ConsoleOutput))
#22 /Users/mariopazmino/Documents/GitHub/Untitled/app/vendor/symfony/console/Application.php(195): Symfony\\Component\\Console\\Application->doRun(Object(Symfony\\Component\\Console\\Input\\ArgvInput), Object(Symfony\\Component\\Console\\Output\\ConsoleOutput))
#23 /Users/mariopazmino/Documents/GitHub/Untitled/app/vendor/laravel/framework/src/Illuminate/Foundation/Console/Kernel.php(198): Symfony\\Component\\Console\\Application->run(Object(Symfony\\Component\\Console\\Input\\ArgvInput), Object(Symfony\\Component\\Console\\Output\\ConsoleOutput))
#24 /Users/mariopazmino/Documents/GitHub/Untitled/app/vendor/laravel/framework/src/Illuminate/Foundation/Application.php(1235): Illuminate\\Foundation\\Console\\Kernel->handle(Object(Symfony\\Component\\Console\\Input\\ArgvInput), Object(Symfony\\Component\\Console\\Output\\ConsoleOutput))
#25 /Users/mariopazmino/Documents/GitHub/Untitled/app/artisan(13): Illuminate\\Foundation\\Application->handleCommand(Object(Symfony\\Component\\Console\\Input\\ArgvInput))
#26 {main}
"} 
[2026-04-20 19:10:09] local.ERROR: Undefined variable $documentationTitle (View: /Users/mariopazmino/Documents/GitHub/Untitled/app/resources/views/vendor/l5-swagger/index.blade.php) {"exception":"[object] (Illuminate\\View\\ViewException(code: 0): Undefined variable $documentationTitle (View: /Users/mariopazmino/Documents/GitHub/Untitled/app/resources/views/vendor/l5-swagger/index.blade.php) at /Users/mariopazmino/Documents/GitHub/Untitled/app/storage/framework/views/b0068ab0ae0880eb534a2bdd0206f8b3.php:5)
[stacktrace]
#0 /Users/mariopazmino/Documents/GitHub/Untitled/app/vendor/laravel/framework/src/Illuminate/View/Engines/PhpEngine.php(60): Illuminate\\View\\Engines\\CompilerEngine->handleViewException(Object(ErrorException), 1)
#1 /Users/mariopazmino/Documents/GitHub/Untitled/app/vendor/laravel/framework/src/Illuminate/View/Engines/CompilerEngine.php(75): Illuminate\\View\\Engines\\PhpEngine->evaluatePath('/Users/mariopaz...', Array)
#2 /Users/mariopazmino/Documents/GitHub/Untitled/app/vendor/laravel/framework/src/Illuminate/View/View.php(209): Illuminate\\View\\Engines\\CompilerEngine->get('/Users/mariopaz...', Array)
#3 /Users/mariopazmino/Documents/GitHub/Untitled/app/vendor/laravel/framework/src/Illuminate/View/View.php(192): Illuminate\\View\\View->getContents()
#4 /Users/mariopazmino/Documents/GitHub/Untitled/app/vendor/laravel/framework/src/Illuminate/View/View.php(161): Illuminate\\View\\View->renderContents()
#5 /Users/mariopazmino/Documents/GitHub/Untitled/app/vendor/laravel/framework/src/Illuminate/Http/Response.php(79): Illuminate\\View\\View->render()
#6 /Users/mariopazmino/Documents/GitHub/Untitled/app/vendor/laravel/framework/src/Illuminate/Http/Response.php(35): Illuminate\\Http\\Response->setContent(Object(Illuminate\\View\\View))
#7 /Users/mariopazmino/Documents/GitHub/Untitled/app/vendor/laravel/framework/src/Illuminate/Routing/ResponseFactory.php(60): Illuminate\\Http\\Response->__construct(Object(Illuminate\\View\\View), 200, Array)
#8 /Users/mariopazmino/Documents/GitHub/Untitled/app/vendor/laravel/framework/src/Illuminate/Support/Facades/Facade.php(361): Illuminate\\Routing\\ResponseFactory->make(Object(Illuminate\\View\\View), 200)
#9 /Users/mariopazmino/Documents/GitHub/Untitled/app/vendor/darkaonline/l5-swagger/src/Http/Controllers/SwaggerController.php(119): Illuminate\\Support\\Facades\\Facade::__callStatic('make', Array)
#10 /Users/mariopazmino/Documents/GitHub/Untitled/app/vendor/laravel/framework/src/Illuminate/Routing/Controller.php(54): L5Swagger\\Http\\Controllers\\SwaggerController->api(Object(Illuminate\\Http\\Request))
#11 /Users/mariopazmino/Documents/GitHub/Untitled/app/vendor/laravel/framework/src/Illuminate/Routing/ControllerDispatcher.php(44): Illuminate\\Routing\\Controller->callAction('api', Array)
#12 /Users/mariopazmino/Documents/GitHub/Untitled/app/vendor/laravel/framework/src/Illuminate/Routing/Route.php(266): Illuminate\\Routing\\ControllerDispatcher->dispatch(Object(Illuminate\\Routing\\Route), Object(L5Swagger\\Http\\Controllers\\SwaggerController), 'api')
#13 /Users/mariopazmino/Documents/GitHub/Untitled/app/vendor/laravel/framework/src/Illuminate/Routing/Route.php(212): Illuminate\\Routing\\Route->runController()
#14 /Users/mariopazmino/Documents/GitHub/Untitled/app/vendor/laravel/framework/src/Illuminate/Routing/Router.php(808): Illuminate\\Routing\\Route->run()
#15 /Users/mariopazmino/Documents/GitHub/Untitled/app/vendor/laravel/framework/src/Illuminate/Pipeline/Pipeline.php(170): Illuminate\\Routing\\Router->Illuminate\\Routing\\{closure}(Object(Illuminate\\Http\\Request))
#16 /Users/mariopazmino/Documents/GitHub/Untitled/app/vendor/darkaonline/l5-swagger/src/Http/Middleware/Config.php(44): Illuminate\\Pipeline\\Pipeline->Illuminate\\Pipeline\\{closure}(Object(Illuminate\\Http\\Request))
#17 /Users/mariopazmino/Documents/GitHub/Untitled/app/vendor/laravel/framework/src/Illuminate/Pipeline/Pipeline.php(209): L5Swagger\\Http\\Middleware\\Config->handle(Object(Illuminate\\Http\\Request), Object(Closure))
#18 /Users/mariopazmino/Documents/GitHub/Untitled/app/vendor/laravel/framework/src/Illuminate/Pipeline/Pipeline.php(127): Illuminate\\Pipeline\\Pipeline->Illuminate\\Pipeline\\{closure}(Object(Illuminate\\Http\\Request))
#19 /Users/mariopazmino/Documents/GitHub/Untitled/app/vendor/laravel/framework/src/Illuminate/Routing/Router.php(807): Illuminate\\Pipeline\\Pipeline->then(Object(Closure))
#20 /Users/mariopazmino/Documents/GitHub/Untitled/app/vendor/laravel/framework/src/Illuminate/Routing/Router.php(786): Illuminate\\Routing\\Router->runRouteWithinStack(Object(Illuminate\\Routing\\Route), Object(Illuminate\\Http\\Request))
#21 /Users/mariopazmino/Documents/GitHub/Untitled/app/vendor/laravel/framework/src/Illuminate/Routing/Router.php(750): Illuminate\\Routing\\Router->runRoute(Object(Illuminate\\Http\\Request), Object(Illuminate\\Routing\\Route))
#22 /Users/mariopazmino/Documents/GitHub/Untitled/app/vendor/laravel/framework/src/Illuminate/Routing/Router.php(739): Illuminate\\Routing\\Router->dispatchToRoute(Object(Illuminate\\Http\\Request))
#23 /Users/mariopazmino/Documents/GitHub/Untitled/app/vendor/laravel/framework/src/Illuminate/Foundation/Http/Kernel.php(201): Illuminate\\Routing\\Router->dispatch(Object(Illuminate\\Http\\Request))
#24 /Users/mariopazmino/Documents/GitHub/Untitled/app/vendor/laravel/framework/src/Illuminate/Pipeline/Pipeline.php(170): Illuminate\\Foundation\\Http\\Kernel->Illuminate\\Foundation\\Http\\{closure}(Object(Illuminate\\Http\\Request))
#25 /Users/mariopazmino/Documents/GitHub/Untitled/app/vendor/laravel/framework/src/Illuminate/Foundation/Http/Middleware/TransformsRequest.php(21): Illuminate\\Pipeline\\Pipeline->Illuminate\\Pipeline\\{closure}(Object(Illuminate\\Http\\Request))
#26 /Users/mariopazmino/Documents/GitHub/Untitled/app/vendor/laravel/framework/src/Illuminate/Foundation/Http/Middleware/ConvertEmptyStringsToNull.php(31): Illuminate\\Foundation\\Http\\Middleware\\TransformsRequest->handle(Object(Illuminate\\Http\\Request), Object(Closure))
#27 /Users/mariopazmino/Documents/GitHub/Untitled/app/vendor/laravel/framework/src/Illuminate/Pipeline/Pipeline.php(209): Illuminate\\Foundation\\Http\\Middleware\\ConvertEmptyStringsToNull->handle(Object(Illuminate\\Http\\Request), Object(Closure))
#28 /Users/mariopazmino/Documents/GitHub/Untitled/app/vendor/laravel/framework/src/Illuminate/Foundation/Http/Middleware/TransformsRequest.php(21): Illuminate\\Pipeline\\Pipeline->Illuminate\\Pipeline\\{closure}(Object(Illuminate\\Http\\Request))
#29 /Users/mariopazmino/Documents/GitHub/Untitled/app/vendor/laravel/framework/src/Illuminate/Foundation/Http/Middleware/TrimStrings.php(51): Illuminate\\Foundation\\Http\\Middleware\\TransformsRequest->handle(Object(Illuminate\\Http\\Request), Object(Closure))
#30 /Users/mariopazmino/Documents/GitHub/Untitled/app/vendor/laravel/framework/src/Illuminate/Pipeline/Pipeline.php(209): Illuminate\\Foundation\\Http\\Middleware\\TrimStrings->handle(Object(Illuminate\\Http\\Request), Object(Closure))
#31 /Users/mariopazmino/Documents/GitHub/Untitled/app/vendor/laravel/framework/src/Illuminate/Http/Middleware/ValidatePostSize.php(27): Illuminate\\Pipeline\\Pipeline->Illuminate\\Pipeline\\{closure}(Object(Illuminate\\Http\\Request))
#32 /Users/mariopazmino/Documents/GitHub/Untitled/app/vendor/laravel/framework/src/Illuminate/Pipeline/Pipeline.php(209): Illuminate\\Http\\Middleware\\ValidatePostSize->handle(Object(Illuminate\\Http\\Request), Object(Closure))
#33 /Users/mariopazmino/Documents/GitHub/Untitled/app/vendor/laravel/framework/src/Illuminate/Foundation/Http/Middleware/PreventRequestsDuringMaintenance.php(110): Illuminate\\Pipeline\\Pipeline->Illuminate\\Pipeline\\{closure}(Object(Illuminate\\Http\\Request))
#34 /Users/mariopazmino/Documents/GitHub/Untitled/app/vendor/laravel/framework/src/Illuminate/Pipeline/Pipeline.php(209): Illuminate\\Foundation\\Http\\Middleware\\PreventRequestsDuringMaintenance->handle(Object(Illuminate\\Http\\Request), Object(Closure))
#35 /Users/mariopazmino/Documents/GitHub/Untitled/app/vendor/laravel/framework/src/Illuminate/Http/Middleware/HandleCors.php(62): Illuminate\\Pipeline\\Pipeline->Illuminate\\Pipeline\\{closure}(Object(Illuminate\\Http\\Request))
#36 /Users/mariopazmino/Documents/GitHub/Untitled/app/vendor/laravel/framework/src/Illuminate/Pipeline/Pipeline.php(209): Illuminate\\Http\\Middleware\\HandleCors->handle(Object(Illuminate\\Http\\Request), Object(Closure))
#37 /Users/mariopazmino/Documents/GitHub/Untitled/app/vendor/laravel/framework/src/Illuminate/Http/Middleware/TrustProxies.php(58): Illuminate\\Pipeline\\Pipeline->Illuminate\\Pipeline\\{closure}(Object(Illuminate\\Http\\Request))
#38 /Users/mariopazmino/Documents/GitHub/Untitled/app/vendor/laravel/framework/src/Illuminate/Pipeline/Pipeline.php(209): Illuminate\\Http\\Middleware\\TrustProxies->handle(Object(Illuminate\\Http\\Request), Object(Closure))
#39 /Users/mariopazmino/Documents/GitHub/Untitled/app/vendor/laravel/framework/src/Illuminate/Foundation/Http/Middleware/InvokeDeferredCallbacks.php(22): Illuminate\\Pipeline\\Pipeline->Illuminate\\Pipeline\\{closure}(Object(Illuminate\\Http\\Request))
#40 /Users/mariopazmino/Documents/GitHub/Untitled/app/vendor/laravel/framework/src/Illuminate/Pipeline/Pipeline.php(209): Illuminate\\Foundation\\Http\\Middleware\\InvokeDeferredCallbacks->handle(Object(Illuminate\\Http\\Request), Object(Closure))
#41 /Users/mariopazmino/Documents/GitHub/Untitled/app/vendor/laravel/framework/src/Illuminate/Pipeline/Pipeline.php(127): Illuminate\\Pipeline\\Pipeline->Illuminate\\Pipeline\\{closure}(Object(Illuminate\\Http\\Request))
#42 /Users/mariopazmino/Documents/GitHub/Untitled/app/vendor/laravel/framework/src/Illuminate/Foundation/Http/Kernel.php(176): Illuminate\\Pipeline\\Pipeline->then(Object(Closure))
#43 /Users/mariopazmino/Documents/GitHub/Untitled/app/vendor/laravel/framework/src/Illuminate/Foundation/Http/Kernel.php(145): Illuminate\\Foundation\\Http\\Kernel->sendRequestThroughRouter(Object(Illuminate\\Http\\Request))
#44 /Users/mariopazmino/Documents/GitHub/Untitled/app/vendor/laravel/framework/src/Illuminate/Foundation/Application.php(1220): Illuminate\\Foundation\\Http\\Kernel->handle(Object(Illuminate\\Http\\Request))
#45 /Users/mariopazmino/Documents/GitHub/Untitled/app/public/index.php(17): Illuminate\\Foundation\\Application->handleRequest(Object(Illuminate\\Http\\Request))
#46 /Users/mariopazmino/Documents/GitHub/Untitled/app/vendor/laravel/framework/src/Illuminate/Foundation/resources/server.php(23): require_once('/Users/mariopaz...')
#47 {main}

[previous exception] [object] (ErrorException(code: 0): Undefined variable $documentationTitle at /Users/mariopazmino/Documents/GitHub/Untitled/app/storage/framework/views/b0068ab0ae0880eb534a2bdd0206f8b3.php:5)
[stacktrace]
#0 /Users/mariopazmino/Documents/GitHub/Untitled/app/vendor/laravel/framework/src/Illuminate/Foundation/Bootstrap/HandleExceptions.php(258): Illuminate\\Foundation\\Bootstrap\\HandleExceptions->handleError(2, 'Undefined varia...', '/Users/mariopaz...', 5)
#1 /Users/mariopazmino/Documents/GitHub/Untitled/app/storage/framework/views/b0068ab0ae0880eb534a2bdd0206f8b3.php(5): Illuminate\\Foundation\\Bootstrap\\HandleExceptions->Illuminate\\Foundation\\Bootstrap\\{closure}(2, 'Undefined varia...', '/Users/mariopaz...', 5)
#2 /Users/mariopazmino/Documents/GitHub/Untitled/app/vendor/laravel/framework/src/Illuminate/Filesystem/Filesystem.php(123): require('/Users/mariopaz...')
#3 /Users/mariopazmino/Documents/GitHub/Untitled/app/vendor/laravel/framework/src/Illuminate/Filesystem/Filesystem.php(124): Illuminate\\Filesystem\\Filesystem::Illuminate\\Filesystem\\{closure}()
#4 /Users/mariopazmino/Documents/GitHub/Untitled/app/vendor/laravel/framework/src/Illuminate/View/Engines/PhpEngine.php(58): Illuminate\\Filesystem\\Filesystem->getRequire('/Users/mariopaz...', Array)
#5 /Users/mariopazmino/Documents/GitHub/Untitled/app/vendor/laravel/framework/src/Illuminate/View/Engines/CompilerEngine.php(75): Illuminate\\View\\Engines\\PhpEngine->evaluatePath('/Users/mariopaz...', Array)
#6 /Users/mariopazmino/Documents/GitHub/Untitled/app/vendor/laravel/framework/src/Illuminate/View/View.php(209): Illuminate\\View\\Engines\\CompilerEngine->get('/Users/mariopaz...', Array)
#7 /Users/mariopazmino/Documents/GitHub/Untitled/app/vendor/laravel/framework/src/Illuminate/View/View.php(192): Illuminate\\View\\View->getContents()
#8 /Users/mariopazmino/Documents/GitHub/Untitled/app/vendor/laravel/framework/src/Illuminate/View/View.php(161): Illuminate\\View\\View->renderContents()
#9 /Users/mariopazmino/Documents/GitHub/Untitled/app/vendor/laravel/framework/src/Illuminate/Http/Response.php(79): Illuminate\\View\\View->render()
#10 /Users/mariopazmino/Documents/GitHub/Untitled/app/vendor/laravel/framework/src/Illuminate/Http/Response.php(35): Illuminate\\Http\\Response->setContent(Object(Illuminate\\View\\View))
#11 /Users/mariopazmino/Documents/GitHub/Untitled/app/vendor/laravel/framework/src/Illuminate/Routing/ResponseFactory.php(60): Illuminate\\Http\\Response->__construct(Object(Illuminate\\View\\View), 200, Array)
#12 /Users/mariopazmino/Documents/GitHub/Untitled/app/vendor/laravel/framework/src/Illuminate/Support/Facades/Facade.php(361): Illuminate\\Routing\\ResponseFactory->make(Object(Illuminate\\View\\View), 200)
#13 /Users/mariopazmino/Documents/GitHub/Untitled/app/vendor/darkaonline/l5-swagger/src/Http/Controllers/SwaggerController.php(119): Illuminate\\Support\\Facades\\Facade::__callStatic('make', Array)
#14 /Users/mariopazmino/Documents/GitHub/Untitled/app/vendor/laravel/framework/src/Illuminate/Routing/Controller.php(54): L5Swagger\\Http\\Controllers\\SwaggerController->api(Object(Illuminate\\Http\\Request))
#15 /Users/mariopazmino/Documents/GitHub/Untitled/app/vendor/laravel/framework/src/Illuminate/Routing/ControllerDispatcher.php(44): Illuminate\\Routing\\Controller->callAction('api', Array)
#16 /Users/mariopazmino/Documents/GitHub/Untitled/app/vendor/laravel/framework/src/Illuminate/Routing/Route.php(266): Illuminate\\Routing\\ControllerDispatcher->dispatch(Object(Illuminate\\Routing\\Route), Object(L5Swagger\\Http\\Controllers\\SwaggerController), 'api')
#17 /Users/mariopazmino/Documents/GitHub/Untitled/app/vendor/laravel/framework/src/Illuminate/Routing/Route.php(212): Illuminate\\Routing\\Route->runController()
#18 /Users/mariopazmino/Documents/GitHub/Untitled/app/vendor/laravel/framework/src/Illuminate/Routing/Router.php(808): Illuminate\\Routing\\Route->run()
#19 /Users/mariopazmino/Documents/GitHub/Untitled/app/vendor/laravel/framework/src/Illuminate/Pipeline/Pipeline.php(170): Illuminate\\Routing\\Router->Illuminate\\Routing\\{closure}(Object(Illuminate\\Http\\Request))
#20 /Users/mariopazmino/Documents/GitHub/Untitled/app/vendor/darkaonline/l5-swagger/src/Http/Middleware/Config.php(44): Illuminate\\Pipeline\\Pipeline->Illuminate\\Pipeline\\{closure}(Object(Illuminate\\Http\\Request))
#21 /Users/mariopazmino/Documents/GitHub/Untitled/app/vendor/laravel/framework/src/Illuminate/Pipeline/Pipeline.php(209): L5Swagger\\Http\\Middleware\\Config->handle(Object(Illuminate\\Http\\Request), Object(Closure))
#22 /Users/mariopazmino/Documents/GitHub/Untitled/app/vendor/laravel/framework/src/Illuminate/Pipeline/Pipeline.php(127): Illuminate\\Pipeline\\Pipeline->Illuminate\\Pipeline\\{closure}(Object(Illuminate\\Http\\Request))
#23 /Users/mariopazmino/Documents/GitHub/Untitled/app/vendor/laravel/framework/src/Illuminate/Routing/Router.php(807): Illuminate\\Pipeline\\Pipeline->then(Object(Closure))
#24 /Users/mariopazmino/Documents/GitHub/Untitled/app/vendor/laravel/framework/src/Illuminate/Routing/Router.php(786): Illuminate\\Routing\\Router->runRouteWithinStack(Object(Illuminate\\Routing\\Route), Object(Illuminate\\Http\\Request))
#25 /Users/mariopazmino/Documents/GitHub/Untitled/app/vendor/laravel/framework/src/Illuminate/Routing/Router.php(750): Illuminate\\Routing\\Router->runRoute(Object(Illuminate\\Http\\Request), Object(Illuminate\\Routing\\Route))
#26 /Users/mariopazmino/Documents/GitHub/Untitled/app/vendor/laravel/framework/src/Illuminate/Routing/Router.php(739): Illuminate\\Routing\\Router->dispatchToRoute(Object(Illuminate\\Http\\Request))
#27 /Users/mariopazmino/Documents/GitHub/Untitled/app/vendor/laravel/framework/src/Illuminate/Foundation/Http/Kernel.php(201): Illuminate\\Routing\\Router->dispatch(Object(Illuminate\\Http\\Request))
#28 /Users/mariopazmino/Documents/GitHub/Untitled/app/vendor/laravel/framework/src/Illuminate/Pipeline/Pipeline.php(170): Illuminate\\Foundation\\Http\\Kernel->Illuminate\\Foundation\\Http\\{closure}(Object(Illuminate\\Http\\Request))
#29 /Users/mariopazmino/Documents/GitHub/Untitled/app/vendor/laravel/framework/src/Illuminate/Foundation/Http/Middleware/TransformsRequest.php(21): Illuminate\\Pipeline\\Pipeline->Illuminate\\Pipeline\\{closure}(Object(Illuminate\\Http\\Request))
#30 /Users/mariopazmino/Documents/GitHub/Untitled/app/vendor/laravel/framework/src/Illuminate/Foundation/Http/Middleware/ConvertEmptyStringsToNull.php(31): Illuminate\\Foundation\\Http\\Middleware\\TransformsRequest->handle(Object(Illuminate\\Http\\Request), Object(Closure))
#31 /Users/mariopazmino/Documents/GitHub/Untitled/app/vendor/laravel/framework/src/Illuminate/Pipeline/Pipeline.php(209): Illuminate\\Foundation\\Http\\Middleware\\ConvertEmptyStringsToNull->handle(Object(Illuminate\\Http\\Request), Object(Closure))
#32 /Users/mariopazmino/Documents/GitHub/Untitled/app/vendor/laravel/framework/src/Illuminate/Foundation/Http/Middleware/TransformsRequest.php(21): Illuminate\\Pipeline\\Pipeline->Illuminate\\Pipeline\\{closure}(Object(Illuminate\\Http\\Request))
#33 /Users/mariopazmino/Documents/GitHub/Untitled/app/vendor/laravel/framework/src/Illuminate/Foundation/Http/Middleware/TrimStrings.php(51): Illuminate\\Foundation\\Http\\Middleware\\TransformsRequest->handle(Object(Illuminate\\Http\\Request), Object(Closure))
#34 /Users/mariopazmino/Documents/GitHub/Untitled/app/vendor/laravel/framework/src/Illuminate/Pipeline/Pipeline.php(209): Illuminate\\Foundation\\Http\\Middleware\\TrimStrings->handle(Object(Illuminate\\Http\\Request), Object(Closure))
#35 /Users/mariopazmino/Documents/GitHub/Untitled/app/vendor/laravel/framework/src/Illuminate/Http/Middleware/ValidatePostSize.php(27): Illuminate\\Pipeline\\Pipeline->Illuminate\\Pipeline\\{closure}(Object(Illuminate\\Http\\Request))
#36 /Users/mariopazmino/Documents/GitHub/Untitled/app/vendor/laravel/framework/src/Illuminate/Pipeline/Pipeline.php(209): Illuminate\\Http\\Middleware\\ValidatePostSize->handle(Object(Illuminate\\Http\\Request), Object(Closure))
#37 /Users/mariopazmino/Documents/GitHub/Untitled/app/vendor/laravel/framework/src/Illuminate/Foundation/Http/Middleware/PreventRequestsDuringMaintenance.php(110): Illuminate\\Pipeline\\Pipeline->Illuminate\\Pipeline\\{closure}(Object(Illuminate\\Http\\Request))
#38 /Users/mariopazmino/Documents/GitHub/Untitled/app/vendor/laravel/framework/src/Illuminate/Pipeline/Pipeline.php(209): Illuminate\\Foundation\\Http\\Middleware\\PreventRequestsDuringMaintenance->handle(Object(Illuminate\\Http\\Request), Object(Closure))
#39 /Users/mariopazmino/Documents/GitHub/Untitled/app/vendor/laravel/framework/src/Illuminate/Http/Middleware/HandleCors.php(62): Illuminate\\Pipeline\\Pipeline->Illuminate\\Pipeline\\{closure}(Object(Illuminate\\Http\\Request))
#40 /Users/mariopazmino/Documents/GitHub/Untitled/app/vendor/laravel/framework/src/Illuminate/Pipeline/Pipeline.php(209): Illuminate\\Http\\Middleware\\HandleCors->handle(Object(Illuminate\\Http\\Request), Object(Closure))
#41 /Users/mariopazmino/Documents/GitHub/Untitled/app/vendor/laravel/framework/src/Illuminate/Http/Middleware/TrustProxies.php(58): Illuminate\\Pipeline\\Pipeline->Illuminate\\Pipeline\\{closure}(Object(Illuminate\\Http\\Request))
#42 /Users/mariopazmino/Documents/GitHub/Untitled/app/vendor/laravel/framework/src/Illuminate/Pipeline/Pipeline.php(209): Illuminate\\Http\\Middleware\\TrustProxies->handle(Object(Illuminate\\Http\\Request), Object(Closure))
#43 /Users/mariopazmino/Documents/GitHub/Untitled/app/vendor/laravel/framework/src/Illuminate/Foundation/Http/Middleware/InvokeDeferredCallbacks.php(22): Illuminate\\Pipeline\\Pipeline->Illuminate\\Pipeline\\{closure}(Object(Illuminate\\Http\\Request))
#44 /Users/mariopazmino/Documents/GitHub/Untitled/app/vendor/laravel/framework/src/Illuminate/Pipeline/Pipeline.php(209): Illuminate\\Foundation\\Http\\Middleware\\InvokeDeferredCallbacks->handle(Object(Illuminate\\Http\\Request), Object(Closure))
#45 /Users/mariopazmino/Documents/GitHub/Untitled/app/vendor/laravel/framework/src/Illuminate/Pipeline/Pipeline.php(127): Illuminate\\Pipeline\\Pipeline->Illuminate\\Pipeline\\{closure}(Object(Illuminate\\Http\\Request))
#46 /Users/mariopazmino/Documents/GitHub/Untitled/app/vendor/laravel/framework/src/Illuminate/Foundation/Http/Kernel.php(176): Illuminate\\Pipeline\\Pipeline->then(Object(Closure))
#47 /Users/mariopazmino/Documents/GitHub/Untitled/app/vendor/laravel/framework/src/Illuminate/Foundation/Http/Kernel.php(145): Illuminate\\Foundation\\Http\\Kernel->sendRequestThroughRouter(Object(Illuminate\\Http\\Request))
#48 /Users/mariopazmino/Documents/GitHub/Untitled/app/vendor/laravel/framework/src/Illuminate/Foundation/Application.php(1220): Illuminate\\Foundation\\Http\\Kernel->handle(Object(Illuminate\\Http\\Request))
#49 /Users/mariopazmino/Documents/GitHub/Untitled/app/public/index.php(17): Illuminate\\Foundation\\Application->handleRequest(Object(Illuminate\\Http\\Request))
#50 /Users/mariopazmino/Documents/GitHub/Untitled/app/vendor/laravel/framework/src/Illuminate/Foundation/resources/server.php(23): require_once('/Users/mariopaz...')
#51 {main}
"} 
[2026-04-20 19:10:16] local.ERROR: Undefined variable $documentationTitle (View: /Users/mariopazmino/Documents/GitHub/Untitled/app/resources/views/vendor/l5-swagger/index.blade.php) {"exception":"[object] (Illuminate\\View\\ViewException(code: 0): Undefined variable $documentationTitle (View: /Users/mariopazmino/Documents/GitHub/Untitled/app/resources/views/vendor/l5-swagger/index.blade.php) at /Users/mariopazmino/Documents/GitHub/Untitled/app/storage/framework/views/b0068ab0ae0880eb534a2bdd0206f8b3.php:5)
[stacktrace]
#0 /Users/mariopazmino/Documents/GitHub/Untitled/app/vendor/laravel/framework/src/Illuminate/View/Engines/PhpEngine.php(60): Illuminate\\View\\Engines\\CompilerEngine->handleViewException(Object(ErrorException), 1)
#1 /Users/mariopazmino/Documents/GitHub/Untitled/app/vendor/laravel/framework/src/Illuminate/View/Engines/CompilerEngine.php(75): Illuminate\\View\\Engines\\PhpEngine->evaluatePath('/Users/mariopaz...', Array)
#2 /Users/mariopazmino/Documents/GitHub/Untitled/app/vendor/laravel/framework/src/Illuminate/View/View.php(209): Illuminate\\View\\Engines\\CompilerEngine->get('/Users/mariopaz...', Array)
#3 /Users/mariopazmino/Documents/GitHub/Untitled/app/vendor/laravel/framework/src/Illuminate/View/View.php(192): Illuminate\\View\\View->getContents()
#4 /Users/mariopazmino/Documents/GitHub/Untitled/app/vendor/laravel/framework/src/Illuminate/View/View.php(161): Illuminate\\View\\View->renderContents()
#5 /Users/mariopazmino/Documents/GitHub/Untitled/app/vendor/laravel/framework/src/Illuminate/Http/Response.php(79): Illuminate\\View\\View->render()
#6 /Users/mariopazmino/Documents/GitHub/Untitled/app/vendor/laravel/framework/src/Illuminate/Http/Response.php(35): Illuminate\\Http\\Response->setContent(Object(Illuminate\\View\\View))
#7 /Users/mariopazmino/Documents/GitHub/Untitled/app/vendor/laravel/framework/src/Illuminate/Routing/ResponseFactory.php(60): Illuminate\\Http\\Response->__construct(Object(Illuminate\\View\\View), 200, Array)
#8 /Users/mariopazmino/Documents/GitHub/Untitled/app/vendor/laravel/framework/src/Illuminate/Support/Facades/Facade.php(361): Illuminate\\Routing\\ResponseFactory->make(Object(Illuminate\\View\\View), 200)
#9 /Users/mariopazmino/Documents/GitHub/Untitled/app/vendor/darkaonline/l5-swagger/src/Http/Controllers/SwaggerController.php(119): Illuminate\\Support\\Facades\\Facade::__callStatic('make', Array)
#10 /Users/mariopazmino/Documents/GitHub/Untitled/app/vendor/laravel/framework/src/Illuminate/Routing/Controller.php(54): L5Swagger\\Http\\Controllers\\SwaggerController->api(Object(Illuminate\\Http\\Request))
#11 /Users/mariopazmino/Documents/GitHub/Untitled/app/vendor/laravel/framework/src/Illuminate/Routing/ControllerDispatcher.php(44): Illuminate\\Routing\\Controller->callAction('api', Array)
#12 /Users/mariopazmino/Documents/GitHub/Untitled/app/vendor/laravel/framework/src/Illuminate/Routing/Route.php(266): Illuminate\\Routing\\ControllerDispatcher->dispatch(Object(Illuminate\\Routing\\Route), Object(L5Swagger\\Http\\Controllers\\SwaggerController), 'api')
#13 /Users/mariopazmino/Documents/GitHub/Untitled/app/vendor/laravel/framework/src/Illuminate/Routing/Route.php(212): Illuminate\\Routing\\Route->runController()
#14 /Users/mariopazmino/Documents/GitHub/Untitled/app/vendor/laravel/framework/src/Illuminate/Routing/Router.php(808): Illuminate\\Routing\\Route->run()
#15 /Users/mariopazmino/Documents/GitHub/Untitled/app/vendor/laravel/framework/src/Illuminate/Pipeline/Pipeline.php(170): Illuminate\\Routing\\Router->Illuminate\\Routing\\{closure}(Object(Illuminate\\Http\\Request))
#16 /Users/mariopazmino/Documents/GitHub/Untitled/app/vendor/darkaonline/l5-swagger/src/Http/Middleware/Config.php(44): Illuminate\\Pipeline\\Pipeline->Illuminate\\Pipeline\\{closure}(Object(Illuminate\\Http\\Request))
#17 /Users/mariopazmino/Documents/GitHub/Untitled/app/vendor/laravel/framework/src/Illuminate/Pipeline/Pipeline.php(209): L5Swagger\\Http\\Middleware\\Config->handle(Object(Illuminate\\Http\\Request), Object(Closure))
#18 /Users/mariopazmino/Documents/GitHub/Untitled/app/vendor/laravel/framework/src/Illuminate/Pipeline/Pipeline.php(127): Illuminate\\Pipeline\\Pipeline->Illuminate\\Pipeline\\{closure}(Object(Illuminate\\Http\\Request))
#19 /Users/mariopazmino/Documents/GitHub/Untitled/app/vendor/laravel/framework/src/Illuminate/Routing/Router.php(807): Illuminate\\Pipeline\\Pipeline->then(Object(Closure))
#20 /Users/mariopazmino/Documents/GitHub/Untitled/app/vendor/laravel/framework/src/Illuminate/Routing/Router.php(786): Illuminate\\Routing\\Router->runRouteWithinStack(Object(Illuminate\\Routing\\Route), Object(Illuminate\\Http\\Request))
#21 /Users/mariopazmino/Documents/GitHub/Untitled/app/vendor/laravel/framework/src/Illuminate/Routing/Router.php(750): Illuminate\\Routing\\Router->runRoute(Object(Illuminate\\Http\\Request), Object(Illuminate\\Routing\\Route))
#22 /Users/mariopazmino/Documents/GitHub/Untitled/app/vendor/laravel/framework/src/Illuminate/Routing/Router.php(739): Illuminate\\Routing\\Router->dispatchToRoute(Object(Illuminate\\Http\\Request))
#23 /Users/mariopazmino/Documents/GitHub/Untitled/app/vendor/laravel/framework/src/Illuminate/Foundation/Http/Kernel.php(201): Illuminate\\Routing\\Router->dispatch(Object(Illuminate\\Http\\Request))
#24 /Users/mariopazmino/Documents/GitHub/Untitled/app/vendor/laravel/framework/src/Illuminate/Pipeline/Pipeline.php(170): Illuminate\\Foundation\\Http\\Kernel->Illuminate\\Foundation\\Http\\{closure}(Object(Illuminate\\Http\\Request))
#25 /Users/mariopazmino/Documents/GitHub/Untitled/app/vendor/laravel/framework/src/Illuminate/Foundation/Http/Middleware/TransformsRequest.php(21): Illuminate\\Pipeline\\Pipeline->Illuminate\\Pipeline\\{closure}(Object(Illuminate\\Http\\Request))
#26 /Users/mariopazmino/Documents/GitHub/Untitled/app/vendor/laravel/framework/src/Illuminate/Foundation/Http/Middleware/ConvertEmptyStringsToNull.php(31): Illuminate\\Foundation\\Http\\Middleware\\TransformsRequest->handle(Object(Illuminate\\Http\\Request), Object(Closure))
#27 /Users/mariopazmino/Documents/GitHub/Untitled/app/vendor/laravel/framework/src/Illuminate/Pipeline/Pipeline.php(209): Illuminate\\Foundation\\Http\\Middleware\\ConvertEmptyStringsToNull->handle(Object(Illuminate\\Http\\Request), Object(Closure))
#28 /Users/mariopazmino/Documents/GitHub/Untitled/app/vendor/laravel/framework/src/Illuminate/Foundation/Http/Middleware/TransformsRequest.php(21): Illuminate\\Pipeline\\Pipeline->Illuminate\\Pipeline\\{closure}(Object(Illuminate\\Http\\Request))
#29 /Users/mariopazmino/Documents/GitHub/Untitled/app/vendor/laravel/framework/src/Illuminate/Foundation/Http/Middleware/TrimStrings.php(51): Illuminate\\Foundation\\Http\\Middleware\\TransformsRequest->handle(Object(Illuminate\\Http\\Request), Object(Closure))
#30 /Users/mariopazmino/Documents/GitHub/Untitled/app/vendor/laravel/framework/src/Illuminate/Pipeline/Pipeline.php(209): Illuminate\\Foundation\\Http\\Middleware\\TrimStrings->handle(Object(Illuminate\\Http\\Request), Object(Closure))
#31 /Users/mariopazmino/Documents/GitHub/Untitled/app/vendor/laravel/framework/src/Illuminate/Http/Middleware/ValidatePostSize.php(27): Illuminate\\Pipeline\\Pipeline->Illuminate\\Pipeline\\{closure}(Object(Illuminate\\Http\\Request))
#32 /Users/mariopazmino/Documents/GitHub/Untitled/app/vendor/laravel/framework/src/Illuminate/Pipeline/Pipeline.php(209): Illuminate\\Http\\Middleware\\ValidatePostSize->handle(Object(Illuminate\\Http\\Request), Object(Closure))
#33 /Users/mariopazmino/Documents/GitHub/Untitled/app/vendor/laravel/framework/src/Illuminate/Foundation/Http/Middleware/PreventRequestsDuringMaintenance.php(110): Illuminate\\Pipeline\\Pipeline->Illuminate\\Pipeline\\{closure}(Object(Illuminate\\Http\\Request))
#34 /Users/mariopazmino/Documents/GitHub/Untitled/app/vendor/laravel/framework/src/Illuminate/Pipeline/Pipeline.php(209): Illuminate\\Foundation\\Http\\Middleware\\PreventRequestsDuringMaintenance->handle(Object(Illuminate\\Http\\Request), Object(Closure))
#35 /Users/mariopazmino/Documents/GitHub/Untitled/app/vendor/laravel/framework/src/Illuminate/Http/Middleware/HandleCors.php(62): Illuminate\\Pipeline\\Pipeline->Illuminate\\Pipeline\\{closure}(Object(Illuminate\\Http\\Request))
#36 /Users/mariopazmino/Documents/GitHub/Untitled/app/vendor/laravel/framework/src/Illuminate/Pipeline/Pipeline.php(209): Illuminate\\Http\\Middleware\\HandleCors->handle(Object(Illuminate\\Http\\Request), Object(Closure))
#37 /Users/mariopazmino/Documents/GitHub/Untitled/app/vendor/laravel/framework/src/Illuminate/Http/Middleware/TrustProxies.php(58): Illuminate\\Pipeline\\Pipeline->Illuminate\\Pipeline\\{closure}(Object(Illuminate\\Http\\Request))
#38 /Users/mariopazmino/Documents/GitHub/Untitled/app/vendor/laravel/framework/src/Illuminate/Pipeline/Pipeline.php(209): Illuminate\\Http\\Middleware\\TrustProxies->handle(Object(Illuminate\\Http\\Request), Object(Closure))
#39 /Users/mariopazmino/Documents/GitHub/Untitled/app/vendor/laravel/framework/src/Illuminate/Foundation/Http/Middleware/InvokeDeferredCallbacks.php(22): Illuminate\\Pipeline\\Pipeline->Illuminate\\Pipeline\\{closure}(Object(Illuminate\\Http\\Request))
#40 /Users/mariopazmino/Documents/GitHub/Untitled/app/vendor/laravel/framework/src/Illuminate/Pipeline/Pipeline.php(209): Illuminate\\Foundation\\Http\\Middleware\\InvokeDeferredCallbacks->handle(Object(Illuminate\\Http\\Request), Object(Closure))
#41 /Users/mariopazmino/Documents/GitHub/Untitled/app/vendor/laravel/framework/src/Illuminate/Pipeline/Pipeline.php(127): Illuminate\\Pipeline\\Pipeline->Illuminate\\Pipeline\\{closure}(Object(Illuminate\\Http\\Request))
#42 /Users/mariopazmino/Documents/GitHub/Untitled/app/vendor/laravel/framework/src/Illuminate/Foundation/Http/Kernel.php(176): Illuminate\\Pipeline\\Pipeline->then(Object(Closure))
#43 /Users/mariopazmino/Documents/GitHub/Untitled/app/vendor/laravel/framework/src/Illuminate/Foundation/Http/Kernel.php(145): Illuminate\\Foundation\\Http\\Kernel->sendRequestThroughRouter(Object(Illuminate\\Http\\Request))
#44 /Users/mariopazmino/Documents/GitHub/Untitled/app/vendor/laravel/framework/src/Illuminate/Foundation/Application.php(1220): Illuminate\\Foundation\\Http\\Kernel->handle(Object(Illuminate\\Http\\Request))
#45 /Users/mariopazmino/Documents/GitHub/Untitled/app/public/index.php(17): Illuminate\\Foundation\\Application->handleRequest(Object(Illuminate\\Http\\Request))
#46 /Users/mariopazmino/Documents/GitHub/Untitled/app/vendor/laravel/framework/src/Illuminate/Foundation/resources/server.php(23): require_once('/Users/mariopaz...')
#47 {main}

[previous exception] [object] (ErrorException(code: 0): Undefined variable $documentationTitle at /Users/mariopazmino/Documents/GitHub/Untitled/app/storage/framework/views/b0068ab0ae0880eb534a2bdd0206f8b3.php:5)
[stacktrace]
#0 /Users/mariopazmino/Documents/GitHub/Untitled/app/vendor/laravel/framework/src/Illuminate/Foundation/Bootstrap/HandleExceptions.php(258): Illuminate\\Foundation\\Bootstrap\\HandleExceptions->handleError(2, 'Undefined varia...', '/Users/mariopaz...', 5)
#1 /Users/mariopazmino/Documents/GitHub/Untitled/app/storage/framework/views/b0068ab0ae0880eb534a2bdd0206f8b3.php(5): Illuminate\\Foundation\\Bootstrap\\HandleExceptions->Illuminate\\Foundation\\Bootstrap\\{closure}(2, 'Undefined varia...', '/Users/mariopaz...', 5)
#2 /Users/mariopazmino/Documents/GitHub/Untitled/app/vendor/laravel/framework/src/Illuminate/Filesystem/Filesystem.php(123): require('/Users/mariopaz...')
#3 /Users/mariopazmino/Documents/GitHub/Untitled/app/vendor/laravel/framework/src/Illuminate/Filesystem/Filesystem.php(124): Illuminate\\Filesystem\\Filesystem::Illuminate\\Filesystem\\{closure}()
#4 /Users/mariopazmino/Documents/GitHub/Untitled/app/vendor/laravel/framework/src/Illuminate/View/Engines/PhpEngine.php(58): Illuminate\\Filesystem\\Filesystem->getRequire('/Users/mariopaz...', Array)
#5 /Users/mariopazmino/Documents/GitHub/Untitled/app/vendor/laravel/framework/src/Illuminate/View/Engines/CompilerEngine.php(75): Illuminate\\View\\Engines\\PhpEngine->evaluatePath('/Users/mariopaz...', Array)
#6 /Users/mariopazmino/Documents/GitHub/Untitled/app/vendor/laravel/framework/src/Illuminate/View/View.php(209): Illuminate\\View\\Engines\\CompilerEngine->get('/Users/mariopaz...', Array)
#7 /Users/mariopazmino/Documents/GitHub/Untitled/app/vendor/laravel/framework/src/Illuminate/View/View.php(192): Illuminate\\View\\View->getContents()
#8 /Users/mariopazmino/Documents/GitHub/Untitled/app/vendor/laravel/framework/src/Illuminate/View/View.php(161): Illuminate\\View\\View->renderContents()
#9 /Users/mariopazmino/Documents/GitHub/Untitled/app/vendor/laravel/framework/src/Illuminate/Http/Response.php(79): Illuminate\\View\\View->render()
#10 /Users/mariopazmino/Documents/GitHub/Untitled/app/vendor/laravel/framework/src/Illuminate/Http/Response.php(35): Illuminate\\Http\\Response->setContent(Object(Illuminate\\View\\View))
#11 /Users/mariopazmino/Documents/GitHub/Untitled/app/vendor/laravel/framework/src/Illuminate/Routing/ResponseFactory.php(60): Illuminate\\Http\\Response->__construct(Object(Illuminate\\View\\View), 200, Array)
#12 /Users/mariopazmino/Documents/GitHub/Untitled/app/vendor/laravel/framework/src/Illuminate/Support/Facades/Facade.php(361): Illuminate\\Routing\\ResponseFactory->make(Object(Illuminate\\View\\View), 200)
#13 /Users/mariopazmino/Documents/GitHub/Untitled/app/vendor/darkaonline/l5-swagger/src/Http/Controllers/SwaggerController.php(119): Illuminate\\Support\\Facades\\Facade::__callStatic('make', Array)
#14 /Users/mariopazmino/Documents/GitHub/Untitled/app/vendor/laravel/framework/src/Illuminate/Routing/Controller.php(54): L5Swagger\\Http\\Controllers\\SwaggerController->api(Object(Illuminate\\Http\\Request))
#15 /Users/mariopazmino/Documents/GitHub/Untitled/app/vendor/laravel/framework/src/Illuminate/Routing/ControllerDispatcher.php(44): Illuminate\\Routing\\Controller->callAction('api', Array)
#16 /Users/mariopazmino/Documents/GitHub/Untitled/app/vendor/laravel/framework/src/Illuminate/Routing/Route.php(266): Illuminate\\Routing\\ControllerDispatcher->dispatch(Object(Illuminate\\Routing\\Route), Object(L5Swagger\\Http\\Controllers\\SwaggerController), 'api')
#17 /Users/mariopazmino/Documents/GitHub/Untitled/app/vendor/laravel/framework/src/Illuminate/Routing/Route.php(212): Illuminate\\Routing\\Route->runController()
#18 /Users/mariopazmino/Documents/GitHub/Untitled/app/vendor/laravel/framework/src/Illuminate/Routing/Router.php(808): Illuminate\\Routing\\Route->run()
#19 /Users/mariopazmino/Documents/GitHub/Untitled/app/vendor/laravel/framework/src/Illuminate/Pipeline/Pipeline.php(170): Illuminate\\Routing\\Router->Illuminate\\Routing\\{closure}(Object(Illuminate\\Http\\Request))
#20 /Users/mariopazmino/Documents/GitHub/Untitled/app/vendor/darkaonline/l5-swagger/src/Http/Middleware/Config.php(44): Illuminate\\Pipeline\\Pipeline->Illuminate\\Pipeline\\{closure}(Object(Illuminate\\Http\\Request))
#21 /Users/mariopazmino/Documents/GitHub/Untitled/app/vendor/laravel/framework/src/Illuminate/Pipeline/Pipeline.php(209): L5Swagger\\Http\\Middleware\\Config->handle(Object(Illuminate\\Http\\Request), Object(Closure))
#22 /Users/mariopazmino/Documents/GitHub/Untitled/app/vendor/laravel/framework/src/Illuminate/Pipeline/Pipeline.php(127): Illuminate\\Pipeline\\Pipeline->Illuminate\\Pipeline\\{closure}(Object(Illuminate\\Http\\Request))
#23 /Users/mariopazmino/Documents/GitHub/Untitled/app/vendor/laravel/framework/src/Illuminate/Routing/Router.php(807): Illuminate\\Pipeline\\Pipeline->then(Object(Closure))
#24 /Users/mariopazmino/Documents/GitHub/Untitled/app/vendor/laravel/framework/src/Illuminate/Routing/Router.php(786): Illuminate\\Routing\\Router->runRouteWithinStack(Object(Illuminate\\Routing\\Route), Object(Illuminate\\Http\\Request))
#25 /Users/mariopazmino/Documents/GitHub/Untitled/app/vendor/laravel/framework/src/Illuminate/Routing/Router.php(750): Illuminate\\Routing\\Router->runRoute(Object(Illuminate\\Http\\Request), Object(Illuminate\\Routing\\Route))
#26 /Users/mariopazmino/Documents/GitHub/Untitled/app/vendor/laravel/framework/src/Illuminate/Routing/Router.php(739): Illuminate\\Routing\\Router->dispatchToRoute(Object(Illuminate\\Http\\Request))
#27 /Users/mariopazmino/Documents/GitHub/Untitled/app/vendor/laravel/framework/src/Illuminate/Foundation/Http/Kernel.php(201): Illuminate\\Routing\\Router->dispatch(Object(Illuminate\\Http\\Request))
#28 /Users/mariopazmino/Documents/GitHub/Untitled/app/vendor/laravel/framework/src/Illuminate/Pipeline/Pipeline.php(170): Illuminate\\Foundation\\Http\\Kernel->Illuminate\\Foundation\\Http\\{closure}(Object(Illuminate\\Http\\Request))
#29 /Users/mariopazmino/Documents/GitHub/Untitled/app/vendor/laravel/framework/src/Illuminate/Foundation/Http/Middleware/TransformsRequest.php(21): Illuminate\\Pipeline\\Pipeline->Illuminate\\Pipeline\\{closure}(Object(Illuminate\\Http\\Request))
#30 /Users/mariopazmino/Documents/GitHub/Untitled/app/vendor/laravel/framework/src/Illuminate/Foundation/Http/Middleware/ConvertEmptyStringsToNull.php(31): Illuminate\\Foundation\\Http\\Middleware\\TransformsRequest->handle(Object(Illuminate\\Http\\Request), Object(Closure))
#31 /Users/mariopazmino/Documents/GitHub/Untitled/app/vendor/laravel/framework/src/Illuminate/Pipeline/Pipeline.php(209): Illuminate\\Foundation\\Http\\Middleware\\ConvertEmptyStringsToNull->handle(Object(Illuminate\\Http\\Request), Object(Closure))
#32 /Users/mariopazmino/Documents/GitHub/Untitled/app/vendor/laravel/framework/src/Illuminate/Foundation/Http/Middleware/TransformsRequest.php(21): Illuminate\\Pipeline\\Pipeline->Illuminate\\Pipeline\\{closure}(Object(Illuminate\\Http\\Request))
#33 /Users/mariopazmino/Documents/GitHub/Untitled/app/vendor/laravel/framework/src/Illuminate/Foundation/Http/Middleware/TrimStrings.php(51): Illuminate\\Foundation\\Http\\Middleware\\TransformsRequest->handle(Object(Illuminate\\Http\\Request), Object(Closure))
#34 /Users/mariopazmino/Documents/GitHub/Untitled/app/vendor/laravel/framework/src/Illuminate/Pipeline/Pipeline.php(209): Illuminate\\Foundation\\Http\\Middleware\\TrimStrings->handle(Object(Illuminate\\Http\\Request), Object(Closure))
#35 /Users/mariopazmino/Documents/GitHub/Untitled/app/vendor/laravel/framework/src/Illuminate/Http/Middleware/ValidatePostSize.php(27): Illuminate\\Pipeline\\Pipeline->Illuminate\\Pipeline\\{closure}(Object(Illuminate\\Http\\Request))
#36 /Users/mariopazmino/Documents/GitHub/Untitled/app/vendor/laravel/framework/src/Illuminate/Pipeline/Pipeline.php(209): Illuminate\\Http\\Middleware\\ValidatePostSize->handle(Object(Illuminate\\Http\\Request), Object(Closure))
#37 /Users/mariopazmino/Documents/GitHub/Untitled/app/vendor/laravel/framework/src/Illuminate/Foundation/Http/Middleware/PreventRequestsDuringMaintenance.php(110): Illuminate\\Pipeline\\Pipeline->Illuminate\\Pipeline\\{closure}(Object(Illuminate\\Http\\Request))
#38 /Users/mariopazmino/Documents/GitHub/Untitled/app/vendor/laravel/framework/src/Illuminate/Pipeline/Pipeline.php(209): Illuminate\\Foundation\\Http\\Middleware\\PreventRequestsDuringMaintenance->handle(Object(Illuminate\\Http\\Request), Object(Closure))
#39 /Users/mariopazmino/Documents/GitHub/Untitled/app/vendor/laravel/framework/src/Illuminate/Http/Middleware/HandleCors.php(62): Illuminate\\Pipeline\\Pipeline->Illuminate\\Pipeline\\{closure}(Object(Illuminate\\Http\\Request))
#40 /Users/mariopazmino/Documents/GitHub/Untitled/app/vendor/laravel/framework/src/Illuminate/Pipeline/Pipeline.php(209): Illuminate\\Http\\Middleware\\HandleCors->handle(Object(Illuminate\\Http\\Request), Object(Closure))
#41 /Users/mariopazmino/Documents/GitHub/Untitled/app/vendor/laravel/framework/src/Illuminate/Http/Middleware/TrustProxies.php(58): Illuminate\\Pipeline\\Pipeline->Illuminate\\Pipeline\\{closure}(Object(Illuminate\\Http\\Request))
#42 /Users/mariopazmino/Documents/GitHub/Untitled/app/vendor/laravel/framework/src/Illuminate/Pipeline/Pipeline.php(209): Illuminate\\Http\\Middleware\\TrustProxies->handle(Object(Illuminate\\Http\\Request), Object(Closure))
#43 /Users/mariopazmino/Documents/GitHub/Untitled/app/vendor/laravel/framework/src/Illuminate/Foundation/Http/Middleware/InvokeDeferredCallbacks.php(22): Illuminate\\Pipeline\\Pipeline->Illuminate\\Pipeline\\{closure}(Object(Illuminate\\Http\\Request))
#44 /Users/mariopazmino/Documents/GitHub/Untitled/app/vendor/laravel/framework/src/Illuminate/Pipeline/Pipeline.php(209): Illuminate\\Foundation\\Http\\Middleware\\InvokeDeferredCallbacks->handle(Object(Illuminate\\Http\\Request), Object(Closure))
#45 /Users/mariopazmino/Documents/GitHub/Untitled/app/vendor/laravel/framework/src/Illuminate/Pipeline/Pipeline.php(127): Illuminate\\Pipeline\\Pipeline->Illuminate\\Pipeline\\{closure}(Object(Illuminate\\Http\\Request))
#46 /Users/mariopazmino/Documents/GitHub/Untitled/app/vendor/laravel/framework/src/Illuminate/Foundation/Http/Kernel.php(176): Illuminate\\Pipeline\\Pipeline->then(Object(Closure))
#47 /Users/mariopazmino/Documents/GitHub/Untitled/app/vendor/laravel/framework/src/Illuminate/Foundation/Http/Kernel.php(145): Illuminate\\Foundation\\Http\\Kernel->sendRequestThroughRouter(Object(Illuminate\\Http\\Request))
#48 /Users/mariopazmino/Documents/GitHub/Untitled/app/vendor/laravel/framework/src/Illuminate/Foundation/Application.php(1220): Illuminate\\Foundation\\Http\\Kernel->handle(Object(Illuminate\\Http\\Request))
#49 /Users/mariopazmino/Documents/GitHub/Untitled/app/public/index.php(17): Illuminate\\Foundation\\Application->handleRequest(Object(Illuminate\\Http\\Request))
#50 /Users/mariopazmino/Documents/GitHub/Untitled/app/vendor/laravel/framework/src/Illuminate/Foundation/resources/server.php(23): require_once('/Users/mariopaz...')
#51 {main}
"} 
[2026-04-20 19:10:25] local.ERROR: Undefined variable $documentationTitle (View: /Users/mariopazmino/Documents/GitHub/Untitled/app/resources/views/vendor/l5-swagger/index.blade.php) {"exception":"[object] (Illuminate\\View\\ViewException(code: 0): Undefined variable $documentationTitle (View: /Users/mariopazmino/Documents/GitHub/Untitled/app/resources/views/vendor/l5-swagger/index.blade.php) at /Users/mariopazmino/Documents/GitHub/Untitled/app/storage/framework/views/b0068ab0ae0880eb534a2bdd0206f8b3.php:5)
[stacktrace]
#0 /Users/mariopazmino/Documents/GitHub/Untitled/app/vendor/laravel/framework/src/Illuminate/View/Engines/PhpEngine.php(60): Illuminate\\View\\Engines\\CompilerEngine->handleViewException(Object(ErrorException), 1)
#1 /Users/mariopazmino/Documents/GitHub/Untitled/app/vendor/laravel/framework/src/Illuminate/View/Engines/CompilerEngine.php(75): Illuminate\\View\\Engines\\PhpEngine->evaluatePath('/Users/mariopaz...', Array)
#2 /Users/mariopazmino/Documents/GitHub/Untitled/app/vendor/laravel/framework/src/Illuminate/View/View.php(209): Illuminate\\View\\Engines\\CompilerEngine->get('/Users/mariopaz...', Array)
#3 /Users/mariopazmino/Documents/GitHub/Untitled/app/vendor/laravel/framework/src/Illuminate/View/View.php(192): Illuminate\\View\\View->getContents()
#4 /Users/mariopazmino/Documents/GitHub/Untitled/app/vendor/laravel/framework/src/Illuminate/View/View.php(161): Illuminate\\View\\View->renderContents()
#5 /Users/mariopazmino/Documents/GitHub/Untitled/app/vendor/laravel/framework/src/Illuminate/Http/Response.php(79): Illuminate\\View\\View->render()
#6 /Users/mariopazmino/Documents/GitHub/Untitled/app/vendor/laravel/framework/src/Illuminate/Http/Response.php(35): Illuminate\\Http\\Response->setContent(Object(Illuminate\\View\\View))
#7 /Users/mariopazmino/Documents/GitHub/Untitled/app/vendor/laravel/framework/src/Illuminate/Routing/ResponseFactory.php(60): Illuminate\\Http\\Response->__construct(Object(Illuminate\\View\\View), 200, Array)
#8 /Users/mariopazmino/Documents/GitHub/Untitled/app/vendor/laravel/framework/src/Illuminate/Support/Facades/Facade.php(361): Illuminate\\Routing\\ResponseFactory->make(Object(Illuminate\\View\\View), 200)
#9 /Users/mariopazmino/Documents/GitHub/Untitled/app/vendor/darkaonline/l5-swagger/src/Http/Controllers/SwaggerController.php(119): Illuminate\\Support\\Facades\\Facade::__callStatic('make', Array)
#10 /Users/mariopazmino/Documents/GitHub/Untitled/app/vendor/laravel/framework/src/Illuminate/Routing/Controller.php(54): L5Swagger\\Http\\Controllers\\SwaggerController->api(Object(Illuminate\\Http\\Request))
#11 /Users/mariopazmino/Documents/GitHub/Untitled/app/vendor/laravel/framework/src/Illuminate/Routing/ControllerDispatcher.php(44): Illuminate\\Routing\\Controller->callAction('api', Array)
#12 /Users/mariopazmino/Documents/GitHub/Untitled/app/vendor/laravel/framework/src/Illuminate/Routing/Route.php(266): Illuminate\\Routing\\ControllerDispatcher->dispatch(Object(Illuminate\\Routing\\Route), Object(L5Swagger\\Http\\Controllers\\SwaggerController), 'api')
#13 /Users/mariopazmino/Documents/GitHub/Untitled/app/vendor/laravel/framework/src/Illuminate/Routing/Route.php(212): Illuminate\\Routing\\Route->runController()
#14 /Users/mariopazmino/Documents/GitHub/Untitled/app/vendor/laravel/framework/src/Illuminate/Routing/Router.php(808): Illuminate\\Routing\\Route->run()
#15 /Users/mariopazmino/Documents/GitHub/Untitled/app/vendor/laravel/framework/src/Illuminate/Pipeline/Pipeline.php(170): Illuminate\\Routing\\Router->Illuminate\\Routing\\{closure}(Object(Illuminate\\Http\\Request))
#16 /Users/mariopazmino/Documents/GitHub/Untitled/app/vendor/darkaonline/l5-swagger/src/Http/Middleware/Config.php(44): Illuminate\\Pipeline\\Pipeline->Illuminate\\Pipeline\\{closure}(Object(Illuminate\\Http\\Request))
#17 /Users/mariopazmino/Documents/GitHub/Untitled/app/vendor/laravel/framework/src/Illuminate/Pipeline/Pipeline.php(209): L5Swagger\\Http\\Middleware\\Config->handle(Object(Illuminate\\Http\\Request), Object(Closure))
#18 /Users/mariopazmino/Documents/GitHub/Untitled/app/vendor/laravel/framework/src/Illuminate/Pipeline/Pipeline.php(127): Illuminate\\Pipeline\\Pipeline->Illuminate\\Pipeline\\{closure}(Object(Illuminate\\Http\\Request))
#19 /Users/mariopazmino/Documents/GitHub/Untitled/app/vendor/laravel/framework/src/Illuminate/Routing/Router.php(807): Illuminate\\Pipeline\\Pipeline->then(Object(Closure))
#20 /Users/mariopazmino/Documents/GitHub/Untitled/app/vendor/laravel/framework/src/Illuminate/Routing/Router.php(786): Illuminate\\Routing\\Router->runRouteWithinStack(Object(Illuminate\\Routing\\Route), Object(Illuminate\\Http\\Request))
#21 /Users/mariopazmino/Documents/GitHub/Untitled/app/vendor/laravel/framework/src/Illuminate/Routing/Router.php(750): Illuminate\\Routing\\Router->runRoute(Object(Illuminate\\Http\\Request), Object(Illuminate\\Routing\\Route))
#22 /Users/mariopazmino/Documents/GitHub/Untitled/app/vendor/laravel/framework/src/Illuminate/Routing/Router.php(739): Illuminate\\Routing\\Router->dispatchToRoute(Object(Illuminate\\Http\\Request))
#23 /Users/mariopazmino/Documents/GitHub/Untitled/app/vendor/laravel/framework/src/Illuminate/Foundation/Http/Kernel.php(201): Illuminate\\Routing\\Router->dispatch(Object(Illuminate\\Http\\Request))
#24 /Users/mariopazmino/Documents/GitHub/Untitled/app/vendor/laravel/framework/src/Illuminate/Pipeline/Pipeline.php(170): Illuminate\\Foundation\\Http\\Kernel->Illuminate\\Foundation\\Http\\{closure}(Object(Illuminate\\Http\\Request))
#25 /Users/mariopazmino/Documents/GitHub/Untitled/app/vendor/laravel/framework/src/Illuminate/Foundation/Http/Middleware/TransformsRequest.php(21): Illuminate\\Pipeline\\Pipeline->Illuminate\\Pipeline\\{closure}(Object(Illuminate\\Http\\Request))
#26 /Users/mariopazmino/Documents/GitHub/Untitled/app/vendor/laravel/framework/src/Illuminate/Foundation/Http/Middleware/ConvertEmptyStringsToNull.php(31): Illuminate\\Foundation\\Http\\Middleware\\TransformsRequest->handle(Object(Illuminate\\Http\\Request), Object(Closure))
#27 /Users/mariopazmino/Documents/GitHub/Untitled/app/vendor/laravel/framework/src/Illuminate/Pipeline/Pipeline.php(209): Illuminate\\Foundation\\Http\\Middleware\\ConvertEmptyStringsToNull->handle(Object(Illuminate\\Http\\Request), Object(Closure))
#28 /Users/mariopazmino/Documents/GitHub/Untitled/app/vendor/laravel/framework/src/Illuminate/Foundation/Http/Middleware/TransformsRequest.php(21): Illuminate\\Pipeline\\Pipeline->Illuminate\\Pipeline\\{closure}(Object(Illuminate\\Http\\Request))
#29 /Users/mariopazmino/Documents/GitHub/Untitled/app/vendor/laravel/framework/src/Illuminate/Foundation/Http/Middleware/TrimStrings.php(51): Illuminate\\Foundation\\Http\\Middleware\\TransformsRequest->handle(Object(Illuminate\\Http\\Request), Object(Closure))
#30 /Users/mariopazmino/Documents/GitHub/Untitled/app/vendor/laravel/framework/src/Illuminate/Pipeline/Pipeline.php(209): Illuminate\\Foundation\\Http\\Middleware\\TrimStrings->handle(Object(Illuminate\\Http\\Request), Object(Closure))
#31 /Users/mariopazmino/Documents/GitHub/Untitled/app/vendor/laravel/framework/src/Illuminate/Http/Middleware/ValidatePostSize.php(27): Illuminate\\Pipeline\\Pipeline->Illuminate\\Pipeline\\{closure}(Object(Illuminate\\Http\\Request))
#32 /Users/mariopazmino/Documents/GitHub/Untitled/app/vendor/laravel/framework/src/Illuminate/Pipeline/Pipeline.php(209): Illuminate\\Http\\Middleware\\ValidatePostSize->handle(Object(Illuminate\\Http\\Request), Object(Closure))
#33 /Users/mariopazmino/Documents/GitHub/Untitled/app/vendor/laravel/framework/src/Illuminate/Foundation/Http/Middleware/PreventRequestsDuringMaintenance.php(110): Illuminate\\Pipeline\\Pipeline->Illuminate\\Pipeline\\{closure}(Object(Illuminate\\Http\\Request))
#34 /Users/mariopazmino/Documents/GitHub/Untitled/app/vendor/laravel/framework/src/Illuminate/Pipeline/Pipeline.php(209): Illuminate\\Foundation\\Http\\Middleware\\PreventRequestsDuringMaintenance->handle(Object(Illuminate\\Http\\Request), Object(Closure))
#35 /Users/mariopazmino/Documents/GitHub/Untitled/app/vendor/laravel/framework/src/Illuminate/Http/Middleware/HandleCors.php(62): Illuminate\\Pipeline\\Pipeline->Illuminate\\Pipeline\\{closure}(Object(Illuminate\\Http\\Request))
#36 /Users/mariopazmino/Documents/GitHub/Untitled/app/vendor/laravel/framework/src/Illuminate/Pipeline/Pipeline.php(209): Illuminate\\Http\\Middleware\\HandleCors->handle(Object(Illuminate\\Http\\Request), Object(Closure))
#37 /Users/mariopazmino/Documents/GitHub/Untitled/app/vendor/laravel/framework/src/Illuminate/Http/Middleware/TrustProxies.php(58): Illuminate\\Pipeline\\Pipeline->Illuminate\\Pipeline\\{closure}(Object(Illuminate\\Http\\Request))
#38 /Users/mariopazmino/Documents/GitHub/Untitled/app/vendor/laravel/framework/src/Illuminate/Pipeline/Pipeline.php(209): Illuminate\\Http\\Middleware\\TrustProxies->handle(Object(Illuminate\\Http\\Request), Object(Closure))
#39 /Users/mariopazmino/Documents/GitHub/Untitled/app/vendor/laravel/framework/src/Illuminate/Foundation/Http/Middleware/InvokeDeferredCallbacks.php(22): Illuminate\\Pipeline\\Pipeline->Illuminate\\Pipeline\\{closure}(Object(Illuminate\\Http\\Request))
#40 /Users/mariopazmino/Documents/GitHub/Untitled/app/vendor/laravel/framework/src/Illuminate/Pipeline/Pipeline.php(209): Illuminate\\Foundation\\Http\\Middleware\\InvokeDeferredCallbacks->handle(Object(Illuminate\\Http\\Request), Object(Closure))
#41 /Users/mariopazmino/Documents/GitHub/Untitled/app/vendor/laravel/framework/src/Illuminate/Pipeline/Pipeline.php(127): Illuminate\\Pipeline\\Pipeline->Illuminate\\Pipeline\\{closure}(Object(Illuminate\\Http\\Request))
#42 /Users/mariopazmino/Documents/GitHub/Untitled/app/vendor/laravel/framework/src/Illuminate/Foundation/Http/Kernel.php(176): Illuminate\\Pipeline\\Pipeline->then(Object(Closure))
#43 /Users/mariopazmino/Documents/GitHub/Untitled/app/vendor/laravel/framework/src/Illuminate/Foundation/Http/Kernel.php(145): Illuminate\\Foundation\\Http\\Kernel->sendRequestThroughRouter(Object(Illuminate\\Http\\Request))
#44 /Users/mariopazmino/Documents/GitHub/Untitled/app/vendor/laravel/framework/src/Illuminate/Foundation/Application.php(1220): Illuminate\\Foundation\\Http\\Kernel->handle(Object(Illuminate\\Http\\Request))
#45 /Users/mariopazmino/Documents/GitHub/Untitled/app/public/index.php(17): Illuminate\\Foundation\\Application->handleRequest(Object(Illuminate\\Http\\Request))
#46 /Users/mariopazmino/Documents/GitHub/Untitled/app/vendor/laravel/framework/src/Illuminate/Foundation/resources/server.php(23): require_once('/Users/mariopaz...')
#47 {main}

[previous exception] [object] (ErrorException(code: 0): Undefined variable $documentationTitle at /Users/mariopazmino/Documents/GitHub/Untitled/app/storage/framework/views/b0068ab0ae0880eb534a2bdd0206f8b3.php:5)
[stacktrace]
#0 /Users/mariopazmino/Documents/GitHub/Untitled/app/vendor/laravel/framework/src/Illuminate/Foundation/Bootstrap/HandleExceptions.php(258): Illuminate\\Foundation\\Bootstrap\\HandleExceptions->handleError(2, 'Undefined varia...', '/Users/mariopaz...', 5)
#1 /Users/mariopazmino/Documents/GitHub/Untitled/app/storage/framework/views/b0068ab0ae0880eb534a2bdd0206f8b3.php(5): Illuminate\\Foundation\\Bootstrap\\HandleExceptions->Illuminate\\Foundation\\Bootstrap\\{closure}(2, 'Undefined varia...', '/Users/mariopaz...', 5)
#2 /Users/mariopazmino/Documents/GitHub/Untitled/app/vendor/laravel/framework/src/Illuminate/Filesystem/Filesystem.php(123): require('/Users/mariopaz...')
#3 /Users/mariopazmino/Documents/GitHub/Untitled/app/vendor/laravel/framework/src/Illuminate/Filesystem/Filesystem.php(124): Illuminate\\Filesystem\\Filesystem::Illuminate\\Filesystem\\{closure}()
#4 /Users/mariopazmino/Documents/GitHub/Untitled/app/vendor/laravel/framework/src/Illuminate/View/Engines/PhpEngine.php(58): Illuminate\\Filesystem\\Filesystem->getRequire('/Users/mariopaz...', Array)
#5 /Users/mariopazmino/Documents/GitHub/Untitled/app/vendor/laravel/framework/src/Illuminate/View/Engines/CompilerEngine.php(75): Illuminate\\View\\Engines\\PhpEngine->evaluatePath('/Users/mariopaz...', Array)
#6 /Users/mariopazmino/Documents/GitHub/Untitled/app/vendor/laravel/framework/src/Illuminate/View/View.php(209): Illuminate\\View\\Engines\\CompilerEngine->get('/Users/mariopaz...', Array)
#7 /Users/mariopazmino/Documents/GitHub/Untitled/app/vendor/laravel/framework/src/Illuminate/View/View.php(192): Illuminate\\View\\View->getContents()
#8 /Users/mariopazmino/Documents/GitHub/Untitled/app/vendor/laravel/framework/src/Illuminate/View/View.php(161): Illuminate\\View\\View->renderContents()
#9 /Users/mariopazmino/Documents/GitHub/Untitled/app/vendor/laravel/framework/src/Illuminate/Http/Response.php(79): Illuminate\\View\\View->render()
#10 /Users/mariopazmino/Documents/GitHub/Untitled/app/vendor/laravel/framework/src/Illuminate/Http/Response.php(35): Illuminate\\Http\\Response->setContent(Object(Illuminate\\View\\View))
#11 /Users/mariopazmino/Documents/GitHub/Untitled/app/vendor/laravel/framework/src/Illuminate/Routing/ResponseFactory.php(60): Illuminate\\Http\\Response->__construct(Object(Illuminate\\View\\View), 200, Array)
#12 /Users/mariopazmino/Documents/GitHub/Untitled/app/vendor/laravel/framework/src/Illuminate/Support/Facades/Facade.php(361): Illuminate\\Routing\\ResponseFactory->make(Object(Illuminate\\View\\View), 200)
#13 /Users/mariopazmino/Documents/GitHub/Untitled/app/vendor/darkaonline/l5-swagger/src/Http/Controllers/SwaggerController.php(119): Illuminate\\Support\\Facades\\Facade::__callStatic('make', Array)
#14 /Users/mariopazmino/Documents/GitHub/Untitled/app/vendor/laravel/framework/src/Illuminate/Routing/Controller.php(54): L5Swagger\\Http\\Controllers\\SwaggerController->api(Object(Illuminate\\Http\\Request))
#15 /Users/mariopazmino/Documents/GitHub/Untitled/app/vendor/laravel/framework/src/Illuminate/Routing/ControllerDispatcher.php(44): Illuminate\\Routing\\Controller->callAction('api', Array)
#16 /Users/mariopazmino/Documents/GitHub/Untitled/app/vendor/laravel/framework/src/Illuminate/Routing/Route.php(266): Illuminate\\Routing\\ControllerDispatcher->dispatch(Object(Illuminate\\Routing\\Route), Object(L5Swagger\\Http\\Controllers\\SwaggerController), 'api')
#17 /Users/mariopazmino/Documents/GitHub/Untitled/app/vendor/laravel/framework/src/Illuminate/Routing/Route.php(212): Illuminate\\Routing\\Route->runController()
#18 /Users/mariopazmino/Documents/GitHub/Untitled/app/vendor/laravel/framework/src/Illuminate/Routing/Router.php(808): Illuminate\\Routing\\Route->run()
#19 /Users/mariopazmino/Documents/GitHub/Untitled/app/vendor/laravel/framework/src/Illuminate/Pipeline/Pipeline.php(170): Illuminate\\Routing\\Router->Illuminate\\Routing\\{closure}(Object(Illuminate\\Http\\Request))
#20 /Users/mariopazmino/Documents/GitHub/Untitled/app/vendor/darkaonline/l5-swagger/src/Http/Middleware/Config.php(44): Illuminate\\Pipeline\\Pipeline->Illuminate\\Pipeline\\{closure}(Object(Illuminate\\Http\\Request))
#21 /Users/mariopazmino/Documents/GitHub/Untitled/app/vendor/laravel/framework/src/Illuminate/Pipeline/Pipeline.php(209): L5Swagger\\Http\\Middleware\\Config->handle(Object(Illuminate\\Http\\Request), Object(Closure))
#22 /Users/mariopazmino/Documents/GitHub/Untitled/app/vendor/laravel/framework/src/Illuminate/Pipeline/Pipeline.php(127): Illuminate\\Pipeline\\Pipeline->Illuminate\\Pipeline\\{closure}(Object(Illuminate\\Http\\Request))
#23 /Users/mariopazmino/Documents/GitHub/Untitled/app/vendor/laravel/framework/src/Illuminate/Routing/Router.php(807): Illuminate\\Pipeline\\Pipeline->then(Object(Closure))
#24 /Users/mariopazmino/Documents/GitHub/Untitled/app/vendor/laravel/framework/src/Illuminate/Routing/Router.php(786): Illuminate\\Routing\\Router->runRouteWithinStack(Object(Illuminate\\Routing\\Route), Object(Illuminate\\Http\\Request))
#25 /Users/mariopazmino/Documents/GitHub/Untitled/app/vendor/laravel/framework/src/Illuminate/Routing/Router.php(750): Illuminate\\Routing\\Router->runRoute(Object(Illuminate\\Http\\Request), Object(Illuminate\\Routing\\Route))
#26 /Users/mariopazmino/Documents/GitHub/Untitled/app/vendor/laravel/framework/src/Illuminate/Routing/Router.php(739): Illuminate\\Routing\\Router->dispatchToRoute(Object(Illuminate\\Http\\Request))
#27 /Users/mariopazmino/Documents/GitHub/Untitled/app/vendor/laravel/framework/src/Illuminate/Foundation/Http/Kernel.php(201): Illuminate\\Routing\\Router->dispatch(Object(Illuminate\\Http\\Request))
#28 /Users/mariopazmino/Documents/GitHub/Untitled/app/vendor/laravel/framework/src/Illuminate/Pipeline/Pipeline.php(170): Illuminate\\Foundation\\Http\\Kernel->Illuminate\\Foundation\\Http\\{closure}(Object(Illuminate\\Http\\Request))
#29 /Users/mariopazmino/Documents/GitHub/Untitled/app/vendor/laravel/framework/src/Illuminate/Foundation/Http/Middleware/TransformsRequest.php(21): Illuminate\\Pipeline\\Pipeline->Illuminate\\Pipeline\\{closure}(Object(Illuminate\\Http\\Request))
#30 /Users/mariopazmino/Documents/GitHub/Untitled/app/vendor/laravel/framework/src/Illuminate/Foundation/Http/Middleware/ConvertEmptyStringsToNull.php(31): Illuminate\\Foundation\\Http\\Middleware\\TransformsRequest->handle(Object(Illuminate\\Http\\Request), Object(Closure))
#31 /Users/mariopazmino/Documents/GitHub/Untitled/app/vendor/laravel/framework/src/Illuminate/Pipeline/Pipeline.php(209): Illuminate\\Foundation\\Http\\Middleware\\ConvertEmptyStringsToNull->handle(Object(Illuminate\\Http\\Request), Object(Closure))
#32 /Users/mariopazmino/Documents/GitHub/Untitled/app/vendor/laravel/framework/src/Illuminate/Foundation/Http/Middleware/TransformsRequest.php(21): Illuminate\\Pipeline\\Pipeline->Illuminate\\Pipeline\\{closure}(Object(Illuminate\\Http\\Request))
#33 /Users/mariopazmino/Documents/GitHub/Untitled/app/vendor/laravel/framework/src/Illuminate/Foundation/Http/Middleware/TrimStrings.php(51): Illuminate\\Foundation\\Http\\Middleware\\TransformsRequest->handle(Object(Illuminate\\Http\\Request), Object(Closure))
#34 /Users/mariopazmino/Documents/GitHub/Untitled/app/vendor/laravel/framework/src/Illuminate/Pipeline/Pipeline.php(209): Illuminate\\Foundation\\Http\\Middleware\\TrimStrings->handle(Object(Illuminate\\Http\\Request), Object(Closure))
#35 /Users/mariopazmino/Documents/GitHub/Untitled/app/vendor/laravel/framework/src/Illuminate/Http/Middleware/ValidatePostSize.php(27): Illuminate\\Pipeline\\Pipeline->Illuminate\\Pipeline\\{closure}(Object(Illuminate\\Http\\Request))
#36 /Users/mariopazmino/Documents/GitHub/Untitled/app/vendor/laravel/framework/src/Illuminate/Pipeline/Pipeline.php(209): Illuminate\\Http\\Middleware\\ValidatePostSize->handle(Object(Illuminate\\Http\\Request), Object(Closure))
#37 /Users/mariopazmino/Documents/GitHub/Untitled/app/vendor/laravel/framework/src/Illuminate/Foundation/Http/Middleware/PreventRequestsDuringMaintenance.php(110): Illuminate\\Pipeline\\Pipeline->Illuminate\\Pipeline\\{closure}(Object(Illuminate\\Http\\Request))
#38 /Users/mariopazmino/Documents/GitHub/Untitled/app/vendor/laravel/framework/src/Illuminate/Pipeline/Pipeline.php(209): Illuminate\\Foundation\\Http\\Middleware\\PreventRequestsDuringMaintenance->handle(Object(Illuminate\\Http\\Request), Object(Closure))
#39 /Users/mariopazmino/Documents/GitHub/Untitled/app/vendor/laravel/framework/src/Illuminate/Http/Middleware/HandleCors.php(62): Illuminate\\Pipeline\\Pipeline->Illuminate\\Pipeline\\{closure}(Object(Illuminate\\Http\\Request))
#40 /Users/mariopazmino/Documents/GitHub/Untitled/app/vendor/laravel/framework/src/Illuminate/Pipeline/Pipeline.php(209): Illuminate\\Http\\Middleware\\HandleCors->handle(Object(Illuminate\\Http\\Request), Object(Closure))
#41 /Users/mariopazmino/Documents/GitHub/Untitled/app/vendor/laravel/framework/src/Illuminate/Http/Middleware/TrustProxies.php(58): Illuminate\\Pipeline\\Pipeline->Illuminate\\Pipeline\\{closure}(Object(Illuminate\\Http\\Request))
#42 /Users/mariopazmino/Documents/GitHub/Untitled/app/vendor/laravel/framework/src/Illuminate/Pipeline/Pipeline.php(209): Illuminate\\Http\\Middleware\\TrustProxies->handle(Object(Illuminate\\Http\\Request), Object(Closure))
#43 /Users/mariopazmino/Documents/GitHub/Untitled/app/vendor/laravel/framework/src/Illuminate/Foundation/Http/Middleware/InvokeDeferredCallbacks.php(22): Illuminate\\Pipeline\\Pipeline->Illuminate\\Pipeline\\{closure}(Object(Illuminate\\Http\\Request))
#44 /Users/mariopazmino/Documents/GitHub/Untitled/app/vendor/laravel/framework/src/Illuminate/Pipeline/Pipeline.php(209): Illuminate\\Foundation\\Http\\Middleware\\InvokeDeferredCallbacks->handle(Object(Illuminate\\Http\\Request), Object(Closure))
#45 /Users/mariopazmino/Documents/GitHub/Untitled/app/vendor/laravel/framework/src/Illuminate/Pipeline/Pipeline.php(127): Illuminate\\Pipeline\\Pipeline->Illuminate\\Pipeline\\{closure}(Object(Illuminate\\Http\\Request))
#46 /Users/mariopazmino/Documents/GitHub/Untitled/app/vendor/laravel/framework/src/Illuminate/Foundation/Http/Kernel.php(176): Illuminate\\Pipeline\\Pipeline->then(Object(Closure))
#47 /Users/mariopazmino/Documents/GitHub/Untitled/app/vendor/laravel/framework/src/Illuminate/Foundation/Http/Kernel.php(145): Illuminate\\Foundation\\Http\\Kernel->sendRequestThroughRouter(Object(Illuminate\\Http\\Request))
#48 /Users/mariopazmino/Documents/GitHub/Untitled/app/vendor/laravel/framework/src/Illuminate/Foundation/Application.php(1220): Illuminate\\Foundation\\Http\\Kernel->handle(Object(Illuminate\\Http\\Request))
#49 /Users/mariopazmino/Documents/GitHub/Untitled/app/public/index.php(17): Illuminate\\Foundation\\Application->handleRequest(Object(Illuminate\\Http\\Request))
#50 /Users/mariopazmino/Documents/GitHub/Untitled/app/vendor/laravel/framework/src/Illuminate/Foundation/resources/server.php(23): require_once('/Users/mariopaz...')
#51 {main}
"} 
[2026-04-20 19:10:32] local.ERROR: Undefined variable $documentationTitle (View: /Users/mariopazmino/Documents/GitHub/Untitled/app/resources/views/vendor/l5-swagger/index.blade.php) {"exception":"[object] (Illuminate\\View\\ViewException(code: 0): Undefined variable $documentationTitle (View: /Users/mariopazmino/Documents/GitHub/Untitled/app/resources/views/vendor/l5-swagger/index.blade.php) at /Users/mariopazmino/Documents/GitHub/Untitled/app/storage/framework/views/b0068ab0ae0880eb534a2bdd0206f8b3.php:5)
[stacktrace]
#0 /Users/mariopazmino/Documents/GitHub/Untitled/app/vendor/laravel/framework/src/Illuminate/View/Engines/PhpEngine.php(60): Illuminate\\View\\Engines\\CompilerEngine->handleViewException(Object(ErrorException), 1)
#1 /Users/mariopazmino/Documents/GitHub/Untitled/app/vendor/laravel/framework/src/Illuminate/View/Engines/CompilerEngine.php(75): Illuminate\\View\\Engines\\PhpEngine->evaluatePath('/Users/mariopaz...', Array)
#2 /Users/mariopazmino/Documents/GitHub/Untitled/app/vendor/laravel/framework/src/Illuminate/View/View.php(209): Illuminate\\View\\Engines\\CompilerEngine->get('/Users/mariopaz...', Array)
#3 /Users/mariopazmino/Documents/GitHub/Untitled/app/vendor/laravel/framework/src/Illuminate/View/View.php(192): Illuminate\\View\\View->getContents()
#4 /Users/mariopazmino/Documents/GitHub/Untitled/app/vendor/laravel/framework/src/Illuminate/View/View.php(161): Illuminate\\View\\View->renderContents()
#5 /Users/mariopazmino/Documents/GitHub/Untitled/app/vendor/laravel/framework/src/Illuminate/Http/Response.php(79): Illuminate\\View\\View->render()
#6 /Users/mariopazmino/Documents/GitHub/Untitled/app/vendor/laravel/framework/src/Illuminate/Http/Response.php(35): Illuminate\\Http\\Response->setContent(Object(Illuminate\\View\\View))
#7 /Users/mariopazmino/Documents/GitHub/Untitled/app/vendor/laravel/framework/src/Illuminate/Routing/ResponseFactory.php(60): Illuminate\\Http\\Response->__construct(Object(Illuminate\\View\\View), 200, Array)
#8 /Users/mariopazmino/Documents/GitHub/Untitled/app/vendor/laravel/framework/src/Illuminate/Support/Facades/Facade.php(361): Illuminate\\Routing\\ResponseFactory->make(Object(Illuminate\\View\\View), 200)
#9 /Users/mariopazmino/Documents/GitHub/Untitled/app/vendor/darkaonline/l5-swagger/src/Http/Controllers/SwaggerController.php(119): Illuminate\\Support\\Facades\\Facade::__callStatic('make', Array)
#10 /Users/mariopazmino/Documents/GitHub/Untitled/app/vendor/laravel/framework/src/Illuminate/Routing/Controller.php(54): L5Swagger\\Http\\Controllers\\SwaggerController->api(Object(Illuminate\\Http\\Request))
#11 /Users/mariopazmino/Documents/GitHub/Untitled/app/vendor/laravel/framework/src/Illuminate/Routing/ControllerDispatcher.php(44): Illuminate\\Routing\\Controller->callAction('api', Array)
#12 /Users/mariopazmino/Documents/GitHub/Untitled/app/vendor/laravel/framework/src/Illuminate/Routing/Route.php(266): Illuminate\\Routing\\ControllerDispatcher->dispatch(Object(Illuminate\\Routing\\Route), Object(L5Swagger\\Http\\Controllers\\SwaggerController), 'api')
#13 /Users/mariopazmino/Documents/GitHub/Untitled/app/vendor/laravel/framework/src/Illuminate/Routing/Route.php(212): Illuminate\\Routing\\Route->runController()
#14 /Users/mariopazmino/Documents/GitHub/Untitled/app/vendor/laravel/framework/src/Illuminate/Routing/Router.php(808): Illuminate\\Routing\\Route->run()
#15 /Users/mariopazmino/Documents/GitHub/Untitled/app/vendor/laravel/framework/src/Illuminate/Pipeline/Pipeline.php(170): Illuminate\\Routing\\Router->Illuminate\\Routing\\{closure}(Object(Illuminate\\Http\\Request))
#16 /Users/mariopazmino/Documents/GitHub/Untitled/app/vendor/darkaonline/l5-swagger/src/Http/Middleware/Config.php(44): Illuminate\\Pipeline\\Pipeline->Illuminate\\Pipeline\\{closure}(Object(Illuminate\\Http\\Request))
#17 /Users/mariopazmino/Documents/GitHub/Untitled/app/vendor/laravel/framework/src/Illuminate/Pipeline/Pipeline.php(209): L5Swagger\\Http\\Middleware\\Config->handle(Object(Illuminate\\Http\\Request), Object(Closure))
#18 /Users/mariopazmino/Documents/GitHub/Untitled/app/vendor/laravel/framework/src/Illuminate/Pipeline/Pipeline.php(127): Illuminate\\Pipeline\\Pipeline->Illuminate\\Pipeline\\{closure}(Object(Illuminate\\Http\\Request))
#19 /Users/mariopazmino/Documents/GitHub/Untitled/app/vendor/laravel/framework/src/Illuminate/Routing/Router.php(807): Illuminate\\Pipeline\\Pipeline->then(Object(Closure))
#20 /Users/mariopazmino/Documents/GitHub/Untitled/app/vendor/laravel/framework/src/Illuminate/Routing/Router.php(786): Illuminate\\Routing\\Router->runRouteWithinStack(Object(Illuminate\\Routing\\Route), Object(Illuminate\\Http\\Request))
#21 /Users/mariopazmino/Documents/GitHub/Untitled/app/vendor/laravel/framework/src/Illuminate/Routing/Router.php(750): Illuminate\\Routing\\Router->runRoute(Object(Illuminate\\Http\\Request), Object(Illuminate\\Routing\\Route))
#22 /Users/mariopazmino/Documents/GitHub/Untitled/app/vendor/laravel/framework/src/Illuminate/Routing/Router.php(739): Illuminate\\Routing\\Router->dispatchToRoute(Object(Illuminate\\Http\\Request))
#23 /Users/mariopazmino/Documents/GitHub/Untitled/app/vendor/laravel/framework/src/Illuminate/Foundation/Http/Kernel.php(201): Illuminate\\Routing\\Router->dispatch(Object(Illuminate\\Http\\Request))
#24 /Users/mariopazmino/Documents/GitHub/Untitled/app/vendor/laravel/framework/src/Illuminate/Pipeline/Pipeline.php(170): Illuminate\\Foundation\\Http\\Kernel->Illuminate\\Foundation\\Http\\{closure}(Object(Illuminate\\Http\\Request))
#25 /Users/mariopazmino/Documents/GitHub/Untitled/app/vendor/laravel/framework/src/Illuminate/Foundation/Http/Middleware/TransformsRequest.php(21): Illuminate\\Pipeline\\Pipeline->Illuminate\\Pipeline\\{closure}(Object(Illuminate\\Http\\Request))
#26 /Users/mariopazmino/Documents/GitHub/Untitled/app/vendor/laravel/framework/src/Illuminate/Foundation/Http/Middleware/ConvertEmptyStringsToNull.php(31): Illuminate\\Foundation\\Http\\Middleware\\TransformsRequest->handle(Object(Illuminate\\Http\\Request), Object(Closure))
#27 /Users/mariopazmino/Documents/GitHub/Untitled/app/vendor/laravel/framework/src/Illuminate/Pipeline/Pipeline.php(209): Illuminate\\Foundation\\Http\\Middleware\\ConvertEmptyStringsToNull->handle(Object(Illuminate\\Http\\Request), Object(Closure))
#28 /Users/mariopazmino/Documents/GitHub/Untitled/app/vendor/laravel/framework/src/Illuminate/Foundation/Http/Middleware/TransformsRequest.php(21): Illuminate\\Pipeline\\Pipeline->Illuminate\\Pipeline\\{closure}(Object(Illuminate\\Http\\Request))
#29 /Users/mariopazmino/Documents/GitHub/Untitled/app/vendor/laravel/framework/src/Illuminate/Foundation/Http/Middleware/TrimStrings.php(51): Illuminate\\Foundation\\Http\\Middleware\\TransformsRequest->handle(Object(Illuminate\\Http\\Request), Object(Closure))
#30 /Users/mariopazmino/Documents/GitHub/Untitled/app/vendor/laravel/framework/src/Illuminate/Pipeline/Pipeline.php(209): Illuminate\\Foundation\\Http\\Middleware\\TrimStrings->handle(Object(Illuminate\\Http\\Request), Object(Closure))
#31 /Users/mariopazmino/Documents/GitHub/Untitled/app/vendor/laravel/framework/src/Illuminate/Http/Middleware/ValidatePostSize.php(27): Illuminate\\Pipeline\\Pipeline->Illuminate\\Pipeline\\{closure}(Object(Illuminate\\Http\\Request))
#32 /Users/mariopazmino/Documents/GitHub/Untitled/app/vendor/laravel/framework/src/Illuminate/Pipeline/Pipeline.php(209): Illuminate\\Http\\Middleware\\ValidatePostSize->handle(Object(Illuminate\\Http\\Request), Object(Closure))
#33 /Users/mariopazmino/Documents/GitHub/Untitled/app/vendor/laravel/framework/src/Illuminate/Foundation/Http/Middleware/PreventRequestsDuringMaintenance.php(110): Illuminate\\Pipeline\\Pipeline->Illuminate\\Pipeline\\{closure}(Object(Illuminate\\Http\\Request))
#34 /Users/mariopazmino/Documents/GitHub/Untitled/app/vendor/laravel/framework/src/Illuminate/Pipeline/Pipeline.php(209): Illuminate\\Foundation\\Http\\Middleware\\PreventRequestsDuringMaintenance->handle(Object(Illuminate\\Http\\Request), Object(Closure))
#35 /Users/mariopazmino/Documents/GitHub/Untitled/app/vendor/laravel/framework/src/Illuminate/Http/Middleware/HandleCors.php(62): Illuminate\\Pipeline\\Pipeline->Illuminate\\Pipeline\\{closure}(Object(Illuminate\\Http\\Request))
#36 /Users/mariopazmino/Documents/GitHub/Untitled/app/vendor/laravel/framework/src/Illuminate/Pipeline/Pipeline.php(209): Illuminate\\Http\\Middleware\\HandleCors->handle(Object(Illuminate\\Http\\Request), Object(Closure))
#37 /Users/mariopazmino/Documents/GitHub/Untitled/app/vendor/laravel/framework/src/Illuminate/Http/Middleware/TrustProxies.php(58): Illuminate\\Pipeline\\Pipeline->Illuminate\\Pipeline\\{closure}(Object(Illuminate\\Http\\Request))
#38 /Users/mariopazmino/Documents/GitHub/Untitled/app/vendor/laravel/framework/src/Illuminate/Pipeline/Pipeline.php(209): Illuminate\\Http\\Middleware\\TrustProxies->handle(Object(Illuminate\\Http\\Request), Object(Closure))
#39 /Users/mariopazmino/Documents/GitHub/Untitled/app/vendor/laravel/framework/src/Illuminate/Foundation/Http/Middleware/InvokeDeferredCallbacks.php(22): Illuminate\\Pipeline\\Pipeline->Illuminate\\Pipeline\\{closure}(Object(Illuminate\\Http\\Request))
#40 /Users/mariopazmino/Documents/GitHub/Untitled/app/vendor/laravel/framework/src/Illuminate/Pipeline/Pipeline.php(209): Illuminate\\Foundation\\Http\\Middleware\\InvokeDeferredCallbacks->handle(Object(Illuminate\\Http\\Request), Object(Closure))
#41 /Users/mariopazmino/Documents/GitHub/Untitled/app/vendor/laravel/framework/src/Illuminate/Pipeline/Pipeline.php(127): Illuminate\\Pipeline\\Pipeline->Illuminate\\Pipeline\\{closure}(Object(Illuminate\\Http\\Request))
#42 /Users/mariopazmino/Documents/GitHub/Untitled/app/vendor/laravel/framework/src/Illuminate/Foundation/Http/Kernel.php(176): Illuminate\\Pipeline\\Pipeline->then(Object(Closure))
#43 /Users/mariopazmino/Documents/GitHub/Untitled/app/vendor/laravel/framework/src/Illuminate/Foundation/Http/Kernel.php(145): Illuminate\\Foundation\\Http\\Kernel->sendRequestThroughRouter(Object(Illuminate\\Http\\Request))
#44 /Users/mariopazmino/Documents/GitHub/Untitled/app/vendor/laravel/framework/src/Illuminate/Foundation/Application.php(1220): Illuminate\\Foundation\\Http\\Kernel->handle(Object(Illuminate\\Http\\Request))
#45 /Users/mariopazmino/Documents/GitHub/Untitled/app/public/index.php(17): Illuminate\\Foundation\\Application->handleRequest(Object(Illuminate\\Http\\Request))
#46 /Users/mariopazmino/Documents/GitHub/Untitled/app/vendor/laravel/framework/src/Illuminate/Foundation/resources/server.php(23): require_once('/Users/mariopaz...')
#47 {main}

[previous exception] [object] (ErrorException(code: 0): Undefined variable $documentationTitle at /Users/mariopazmino/Documents/GitHub/Untitled/app/storage/framework/views/b0068ab0ae0880eb534a2bdd0206f8b3.php:5)
[stacktrace]
#0 /Users/mariopazmino/Documents/GitHub/Untitled/app/vendor/laravel/framework/src/Illuminate/Foundation/Bootstrap/HandleExceptions.php(258): Illuminate\\Foundation\\Bootstrap\\HandleExceptions->handleError(2, 'Undefined varia...', '/Users/mariopaz...', 5)
#1 /Users/mariopazmino/Documents/GitHub/Untitled/app/storage/framework/views/b0068ab0ae0880eb534a2bdd0206f8b3.php(5): Illuminate\\Foundation\\Bootstrap\\HandleExceptions->Illuminate\\Foundation\\Bootstrap\\{closure}(2, 'Undefined varia...', '/Users/mariopaz...', 5)
#2 /Users/mariopazmino/Documents/GitHub/Untitled/app/vendor/laravel/framework/src/Illuminate/Filesystem/Filesystem.php(123): require('/Users/mariopaz...')
#3 /Users/mariopazmino/Documents/GitHub/Untitled/app/vendor/laravel/framework/src/Illuminate/Filesystem/Filesystem.php(124): Illuminate\\Filesystem\\Filesystem::Illuminate\\Filesystem\\{closure}()
#4 /Users/mariopazmino/Documents/GitHub/Untitled/app/vendor/laravel/framework/src/Illuminate/View/Engines/PhpEngine.php(58): Illuminate\\Filesystem\\Filesystem->getRequire('/Users/mariopaz...', Array)
#5 /Users/mariopazmino/Documents/GitHub/Untitled/app/vendor/laravel/framework/src/Illuminate/View/Engines/CompilerEngine.php(75): Illuminate\\View\\Engines\\PhpEngine->evaluatePath('/Users/mariopaz...', Array)
#6 /Users/mariopazmino/Documents/GitHub/Untitled/app/vendor/laravel/framework/src/Illuminate/View/View.php(209): Illuminate\\View\\Engines\\CompilerEngine->get('/Users/mariopaz...', Array)
#7 /Users/mariopazmino/Documents/GitHub/Untitled/app/vendor/laravel/framework/src/Illuminate/View/View.php(192): Illuminate\\View\\View->getContents()
#8 /Users/mariopazmino/Documents/GitHub/Untitled/app/vendor/laravel/framework/src/Illuminate/View/View.php(161): Illuminate\\View\\View->renderContents()
#9 /Users/mariopazmino/Documents/GitHub/Untitled/app/vendor/laravel/framework/src/Illuminate/Http/Response.php(79): Illuminate\\View\\View->render()
#10 /Users/mariopazmino/Documents/GitHub/Untitled/app/vendor/laravel/framework/src/Illuminate/Http/Response.php(35): Illuminate\\Http\\Response->setContent(Object(Illuminate\\View\\View))
#11 /Users/mariopazmino/Documents/GitHub/Untitled/app/vendor/laravel/framework/src/Illuminate/Routing/ResponseFactory.php(60): Illuminate\\Http\\Response->__construct(Object(Illuminate\\View\\View), 200, Array)
#12 /Users/mariopazmino/Documents/GitHub/Untitled/app/vendor/laravel/framework/src/Illuminate/Support/Facades/Facade.php(361): Illuminate\\Routing\\ResponseFactory->make(Object(Illuminate\\View\\View), 200)
#13 /Users/mariopazmino/Documents/GitHub/Untitled/app/vendor/darkaonline/l5-swagger/src/Http/Controllers/SwaggerController.php(119): Illuminate\\Support\\Facades\\Facade::__callStatic('make', Array)
#14 /Users/mariopazmino/Documents/GitHub/Untitled/app/vendor/laravel/framework/src/Illuminate/Routing/Controller.php(54): L5Swagger\\Http\\Controllers\\SwaggerController->api(Object(Illuminate\\Http\\Request))
#15 /Users/mariopazmino/Documents/GitHub/Untitled/app/vendor/laravel/framework/src/Illuminate/Routing/ControllerDispatcher.php(44): Illuminate\\Routing\\Controller->callAction('api', Array)
#16 /Users/mariopazmino/Documents/GitHub/Untitled/app/vendor/laravel/framework/src/Illuminate/Routing/Route.php(266): Illuminate\\Routing\\ControllerDispatcher->dispatch(Object(Illuminate\\Routing\\Route), Object(L5Swagger\\Http\\Controllers\\SwaggerController), 'api')
#17 /Users/mariopazmino/Documents/GitHub/Untitled/app/vendor/laravel/framework/src/Illuminate/Routing/Route.php(212): Illuminate\\Routing\\Route->runController()
#18 /Users/mariopazmino/Documents/GitHub/Untitled/app/vendor/laravel/framework/src/Illuminate/Routing/Router.php(808): Illuminate\\Routing\\Route->run()
#19 /Users/mariopazmino/Documents/GitHub/Untitled/app/vendor/laravel/framework/src/Illuminate/Pipeline/Pipeline.php(170): Illuminate\\Routing\\Router->Illuminate\\Routing\\{closure}(Object(Illuminate\\Http\\Request))
#20 /Users/mariopazmino/Documents/GitHub/Untitled/app/vendor/darkaonline/l5-swagger/src/Http/Middleware/Config.php(44): Illuminate\\Pipeline\\Pipeline->Illuminate\\Pipeline\\{closure}(Object(Illuminate\\Http\\Request))
#21 /Users/mariopazmino/Documents/GitHub/Untitled/app/vendor/laravel/framework/src/Illuminate/Pipeline/Pipeline.php(209): L5Swagger\\Http\\Middleware\\Config->handle(Object(Illuminate\\Http\\Request), Object(Closure))
#22 /Users/mariopazmino/Documents/GitHub/Untitled/app/vendor/laravel/framework/src/Illuminate/Pipeline/Pipeline.php(127): Illuminate\\Pipeline\\Pipeline->Illuminate\\Pipeline\\{closure}(Object(Illuminate\\Http\\Request))
#23 /Users/mariopazmino/Documents/GitHub/Untitled/app/vendor/laravel/framework/src/Illuminate/Routing/Router.php(807): Illuminate\\Pipeline\\Pipeline->then(Object(Closure))
#24 /Users/mariopazmino/Documents/GitHub/Untitled/app/vendor/laravel/framework/src/Illuminate/Routing/Router.php(786): Illuminate\\Routing\\Router->runRouteWithinStack(Object(Illuminate\\Routing\\Route), Object(Illuminate\\Http\\Request))
#25 /Users/mariopazmino/Documents/GitHub/Untitled/app/vendor/laravel/framework/src/Illuminate/Routing/Router.php(750): Illuminate\\Routing\\Router->runRoute(Object(Illuminate\\Http\\Request), Object(Illuminate\\Routing\\Route))
#26 /Users/mariopazmino/Documents/GitHub/Untitled/app/vendor/laravel/framework/src/Illuminate/Routing/Router.php(739): Illuminate\\Routing\\Router->dispatchToRoute(Object(Illuminate\\Http\\Request))
#27 /Users/mariopazmino/Documents/GitHub/Untitled/app/vendor/laravel/framework/src/Illuminate/Foundation/Http/Kernel.php(201): Illuminate\\Routing\\Router->dispatch(Object(Illuminate\\Http\\Request))
#28 /Users/mariopazmino/Documents/GitHub/Untitled/app/vendor/laravel/framework/src/Illuminate/Pipeline/Pipeline.php(170): Illuminate\\Foundation\\Http\\Kernel->Illuminate\\Foundation\\Http\\{closure}(Object(Illuminate\\Http\\Request))
#29 /Users/mariopazmino/Documents/GitHub/Untitled/app/vendor/laravel/framework/src/Illuminate/Foundation/Http/Middleware/TransformsRequest.php(21): Illuminate\\Pipeline\\Pipeline->Illuminate\\Pipeline\\{closure}(Object(Illuminate\\Http\\Request))
#30 /Users/mariopazmino/Documents/GitHub/Untitled/app/vendor/laravel/framework/src/Illuminate/Foundation/Http/Middleware/ConvertEmptyStringsToNull.php(31): Illuminate\\Foundation\\Http\\Middleware\\TransformsRequest->handle(Object(Illuminate\\Http\\Request), Object(Closure))
#31 /Users/mariopazmino/Documents/GitHub/Untitled/app/vendor/laravel/framework/src/Illuminate/Pipeline/Pipeline.php(209): Illuminate\\Foundation\\Http\\Middleware\\ConvertEmptyStringsToNull->handle(Object(Illuminate\\Http\\Request), Object(Closure))
#32 /Users/mariopazmino/Documents/GitHub/Untitled/app/vendor/laravel/framework/src/Illuminate/Foundation/Http/Middleware/TransformsRequest.php(21): Illuminate\\Pipeline\\Pipeline->Illuminate\\Pipeline\\{closure}(Object(Illuminate\\Http\\Request))
#33 /Users/mariopazmino/Documents/GitHub/Untitled/app/vendor/laravel/framework/src/Illuminate/Foundation/Http/Middleware/TrimStrings.php(51): Illuminate\\Foundation\\Http\\Middleware\\TransformsRequest->handle(Object(Illuminate\\Http\\Request), Object(Closure))
#34 /Users/mariopazmino/Documents/GitHub/Untitled/app/vendor/laravel/framework/src/Illuminate/Pipeline/Pipeline.php(209): Illuminate\\Foundation\\Http\\Middleware\\TrimStrings->handle(Object(Illuminate\\Http\\Request), Object(Closure))
#35 /Users/mariopazmino/Documents/GitHub/Untitled/app/vendor/laravel/framework/src/Illuminate/Http/Middleware/ValidatePostSize.php(27): Illuminate\\Pipeline\\Pipeline->Illuminate\\Pipeline\\{closure}(Object(Illuminate\\Http\\Request))
#36 /Users/mariopazmino/Documents/GitHub/Untitled/app/vendor/laravel/framework/src/Illuminate/Pipeline/Pipeline.php(209): Illuminate\\Http\\Middleware\\ValidatePostSize->handle(Object(Illuminate\\Http\\Request), Object(Closure))
#37 /Users/mariopazmino/Documents/GitHub/Untitled/app/vendor/laravel/framework/src/Illuminate/Foundation/Http/Middleware/PreventRequestsDuringMaintenance.php(110): Illuminate\\Pipeline\\Pipeline->Illuminate\\Pipeline\\{closure}(Object(Illuminate\\Http\\Request))
#38 /Users/mariopazmino/Documents/GitHub/Untitled/app/vendor/laravel/framework/src/Illuminate/Pipeline/Pipeline.php(209): Illuminate\\Foundation\\Http\\Middleware\\PreventRequestsDuringMaintenance->handle(Object(Illuminate\\Http\\Request), Object(Closure))
#39 /Users/mariopazmino/Documents/GitHub/Untitled/app/vendor/laravel/framework/src/Illuminate/Http/Middleware/HandleCors.php(62): Illuminate\\Pipeline\\Pipeline->Illuminate\\Pipeline\\{closure}(Object(Illuminate\\Http\\Request))
#40 /Users/mariopazmino/Documents/GitHub/Untitled/app/vendor/laravel/framework/src/Illuminate/Pipeline/Pipeline.php(209): Illuminate\\Http\\Middleware\\HandleCors->handle(Object(Illuminate\\Http\\Request), Object(Closure))
#41 /Users/mariopazmino/Documents/GitHub/Untitled/app/vendor/laravel/framework/src/Illuminate/Http/Middleware/TrustProxies.php(58): Illuminate\\Pipeline\\Pipeline->Illuminate\\Pipeline\\{closure}(Object(Illuminate\\Http\\Request))
#42 /Users/mariopazmino/Documents/GitHub/Untitled/app/vendor/laravel/framework/src/Illuminate/Pipeline/Pipeline.php(209): Illuminate\\Http\\Middleware\\TrustProxies->handle(Object(Illuminate\\Http\\Request), Object(Closure))
#43 /Users/mariopazmino/Documents/GitHub/Untitled/app/vendor/laravel/framework/src/Illuminate/Foundation/Http/Middleware/InvokeDeferredCallbacks.php(22): Illuminate\\Pipeline\\Pipeline->Illuminate\\Pipeline\\{closure}(Object(Illuminate\\Http\\Request))
#44 /Users/mariopazmino/Documents/GitHub/Untitled/app/vendor/laravel/framework/src/Illuminate/Pipeline/Pipeline.php(209): Illuminate\\Foundation\\Http\\Middleware\\InvokeDeferredCallbacks->handle(Object(Illuminate\\Http\\Request), Object(Closure))
#45 /Users/mariopazmino/Documents/GitHub/Untitled/app/vendor/laravel/framework/src/Illuminate/Pipeline/Pipeline.php(127): Illuminate\\Pipeline\\Pipeline->Illuminate\\Pipeline\\{closure}(Object(Illuminate\\Http\\Request))
#46 /Users/mariopazmino/Documents/GitHub/Untitled/app/vendor/laravel/framework/src/Illuminate/Foundation/Http/Kernel.php(176): Illuminate\\Pipeline\\Pipeline->then(Object(Closure))
#47 /Users/mariopazmino/Documents/GitHub/Untitled/app/vendor/laravel/framework/src/Illuminate/Foundation/Http/Kernel.php(145): Illuminate\\Foundation\\Http\\Kernel->sendRequestThroughRouter(Object(Illuminate\\Http\\Request))
#48 /Users/mariopazmino/Documents/GitHub/Untitled/app/vendor/laravel/framework/src/Illuminate/Foundation/Application.php(1220): Illuminate\\Foundation\\Http\\Kernel->handle(Object(Illuminate\\Http\\Request))
#49 /Users/mariopazmino/Documents/GitHub/Untitled/app/public/index.php(17): Illuminate\\Foundation\\Application->handleRequest(Object(Illuminate\\Http\\Request))
#50 /Users/mariopazmino/Documents/GitHub/Untitled/app/vendor/laravel/framework/src/Illuminate/Foundation/resources/server.php(23): require_once('/Users/mariopaz...')
#51 {main}
"} 
[2026-04-20 19:15:06] local.ERROR: The "--working-dir" option does not exist. {"exception":"[object] (Symfony\\Component\\Console\\Exception\\RuntimeException(code: 0): The \"--working-dir\" option does not exist. at /Users/mariopazmino/Documents/GitHub/Untitled/app/vendor/symfony/console/Input/ArgvInput.php:226)
[stacktrace]
#0 /Users/mariopazmino/Documents/GitHub/Untitled/app/vendor/symfony/console/Input/ArgvInput.php(153): Symfony\\Component\\Console\\Input\\ArgvInput->addLongOption('working-dir', '/Users/mariopaz...')
#1 /Users/mariopazmino/Documents/GitHub/Untitled/app/vendor/symfony/console/Input/ArgvInput.php(88): Symfony\\Component\\Console\\Input\\ArgvInput->parseLongOption('--working-dir=/...')
#2 /Users/mariopazmino/Documents/GitHub/Untitled/app/vendor/symfony/console/Input/ArgvInput.php(77): Symfony\\Component\\Console\\Input\\ArgvInput->parseToken('--working-dir=/...', true)
#3 /Users/mariopazmino/Documents/GitHub/Untitled/app/vendor/symfony/console/Input/Input.php(53): Symfony\\Component\\Console\\Input\\ArgvInput->parse()
#4 /Users/mariopazmino/Documents/GitHub/Untitled/app/vendor/symfony/console/Command/Command.php(295): Symfony\\Component\\Console\\Input\\Input->bind(Object(Symfony\\Component\\Console\\Input\\InputDefinition))
#5 /Users/mariopazmino/Documents/GitHub/Untitled/app/vendor/laravel/framework/src/Illuminate/Console/Command.php(182): Symfony\\Component\\Console\\Command\\Command->run(Object(Symfony\\Component\\Console\\Input\\ArgvInput), Object(Illuminate\\Console\\OutputStyle))
#6 /Users/mariopazmino/Documents/GitHub/Untitled/app/vendor/symfony/console/Application.php(1117): Illuminate\\Console\\Command->run(Object(Symfony\\Component\\Console\\Input\\ArgvInput), Object(Symfony\\Component\\Console\\Output\\ConsoleOutput))
#7 /Users/mariopazmino/Documents/GitHub/Untitled/app/vendor/symfony/console/Application.php(356): Symfony\\Component\\Console\\Application->doRunCommand(Object(L5Swagger\\Console\\GenerateDocsCommand), Object(Symfony\\Component\\Console\\Input\\ArgvInput), Object(Symfony\\Component\\Console\\Output\\ConsoleOutput))
#8 /Users/mariopazmino/Documents/GitHub/Untitled/app/vendor/symfony/console/Application.php(195): Symfony\\Component\\Console\\Application->doRun(Object(Symfony\\Component\\Console\\Input\\ArgvInput), Object(Symfony\\Component\\Console\\Output\\ConsoleOutput))
#9 /Users/mariopazmino/Documents/GitHub/Untitled/app/vendor/laravel/framework/src/Illuminate/Foundation/Console/Kernel.php(198): Symfony\\Component\\Console\\Application->run(Object(Symfony\\Component\\Console\\Input\\ArgvInput), Object(Symfony\\Component\\Console\\Output\\ConsoleOutput))
#10 /Users/mariopazmino/Documents/GitHub/Untitled/app/vendor/laravel/framework/src/Illuminate/Foundation/Application.php(1235): Illuminate\\Foundation\\Console\\Kernel->handle(Object(Symfony\\Component\\Console\\Input\\ArgvInput), Object(Symfony\\Component\\Console\\Output\\ConsoleOutput))
#11 /Users/mariopazmino/Documents/GitHub/Untitled/app/artisan(13): Illuminate\\Foundation\\Application->handleCommand(Object(Symfony\\Component\\Console\\Input\\ArgvInput))
#12 {main}
"} 
[2026-04-20 19:15:13] local.ERROR: Undefined variable $urlsToDocs (View: /Users/mariopazmino/Documents/GitHub/Untitled/app/resources/views/vendor/l5-swagger/index.blade.php) {"exception":"[object] (Illuminate\\View\\ViewException(code: 0): Undefined variable $urlsToDocs (View: /Users/mariopazmino/Documents/GitHub/Untitled/app/resources/views/vendor/l5-swagger/index.blade.php) at /Users/mariopazmino/Documents/GitHub/Untitled/app/storage/framework/views/b0068ab0ae0880eb534a2bdd0206f8b3.php:128)
[stacktrace]
#0 /Users/mariopazmino/Documents/GitHub/Untitled/app/vendor/laravel/framework/src/Illuminate/View/Engines/PhpEngine.php(60): Illuminate\\View\\Engines\\CompilerEngine->handleViewException(Object(ErrorException), 1)
#1 /Users/mariopazmino/Documents/GitHub/Untitled/app/vendor/laravel/framework/src/Illuminate/View/Engines/CompilerEngine.php(75): Illuminate\\View\\Engines\\PhpEngine->evaluatePath('/Users/mariopaz...', Array)
#2 /Users/mariopazmino/Documents/GitHub/Untitled/app/vendor/laravel/framework/src/Illuminate/View/View.php(209): Illuminate\\View\\Engines\\CompilerEngine->get('/Users/mariopaz...', Array)
#3 /Users/mariopazmino/Documents/GitHub/Untitled/app/vendor/laravel/framework/src/Illuminate/View/View.php(192): Illuminate\\View\\View->getContents()
#4 /Users/mariopazmino/Documents/GitHub/Untitled/app/vendor/laravel/framework/src/Illuminate/View/View.php(161): Illuminate\\View\\View->renderContents()
#5 /Users/mariopazmino/Documents/GitHub/Untitled/app/vendor/laravel/framework/src/Illuminate/Http/Response.php(79): Illuminate\\View\\View->render()
#6 /Users/mariopazmino/Documents/GitHub/Untitled/app/vendor/laravel/framework/src/Illuminate/Http/Response.php(35): Illuminate\\Http\\Response->setContent(Object(Illuminate\\View\\View))
#7 /Users/mariopazmino/Documents/GitHub/Untitled/app/vendor/laravel/framework/src/Illuminate/Routing/ResponseFactory.php(60): Illuminate\\Http\\Response->__construct(Object(Illuminate\\View\\View), 200, Array)
#8 /Users/mariopazmino/Documents/GitHub/Untitled/app/vendor/laravel/framework/src/Illuminate/Support/Facades/Facade.php(361): Illuminate\\Routing\\ResponseFactory->make(Object(Illuminate\\View\\View), 200)
#9 /Users/mariopazmino/Documents/GitHub/Untitled/app/vendor/darkaonline/l5-swagger/src/Http/Controllers/SwaggerController.php(119): Illuminate\\Support\\Facades\\Facade::__callStatic('make', Array)
#10 /Users/mariopazmino/Documents/GitHub/Untitled/app/vendor/laravel/framework/src/Illuminate/Routing/Controller.php(54): L5Swagger\\Http\\Controllers\\SwaggerController->api(Object(Illuminate\\Http\\Request))
#11 /Users/mariopazmino/Documents/GitHub/Untitled/app/vendor/laravel/framework/src/Illuminate/Routing/ControllerDispatcher.php(44): Illuminate\\Routing\\Controller->callAction('api', Array)
#12 /Users/mariopazmino/Documents/GitHub/Untitled/app/vendor/laravel/framework/src/Illuminate/Routing/Route.php(266): Illuminate\\Routing\\ControllerDispatcher->dispatch(Object(Illuminate\\Routing\\Route), Object(L5Swagger\\Http\\Controllers\\SwaggerController), 'api')
#13 /Users/mariopazmino/Documents/GitHub/Untitled/app/vendor/laravel/framework/src/Illuminate/Routing/Route.php(212): Illuminate\\Routing\\Route->runController()
#14 /Users/mariopazmino/Documents/GitHub/Untitled/app/vendor/laravel/framework/src/Illuminate/Routing/Router.php(808): Illuminate\\Routing\\Route->run()
#15 /Users/mariopazmino/Documents/GitHub/Untitled/app/vendor/laravel/framework/src/Illuminate/Pipeline/Pipeline.php(170): Illuminate\\Routing\\Router->Illuminate\\Routing\\{closure}(Object(Illuminate\\Http\\Request))
#16 /Users/mariopazmino/Documents/GitHub/Untitled/app/vendor/darkaonline/l5-swagger/src/Http/Middleware/Config.php(44): Illuminate\\Pipeline\\Pipeline->Illuminate\\Pipeline\\{closure}(Object(Illuminate\\Http\\Request))
#17 /Users/mariopazmino/Documents/GitHub/Untitled/app/vendor/laravel/framework/src/Illuminate/Pipeline/Pipeline.php(209): L5Swagger\\Http\\Middleware\\Config->handle(Object(Illuminate\\Http\\Request), Object(Closure))
#18 /Users/mariopazmino/Documents/GitHub/Untitled/app/vendor/laravel/framework/src/Illuminate/Pipeline/Pipeline.php(127): Illuminate\\Pipeline\\Pipeline->Illuminate\\Pipeline\\{closure}(Object(Illuminate\\Http\\Request))
#19 /Users/mariopazmino/Documents/GitHub/Untitled/app/vendor/laravel/framework/src/Illuminate/Routing/Router.php(807): Illuminate\\Pipeline\\Pipeline->then(Object(Closure))
#20 /Users/mariopazmino/Documents/GitHub/Untitled/app/vendor/laravel/framework/src/Illuminate/Routing/Router.php(786): Illuminate\\Routing\\Router->runRouteWithinStack(Object(Illuminate\\Routing\\Route), Object(Illuminate\\Http\\Request))
#21 /Users/mariopazmino/Documents/GitHub/Untitled/app/vendor/laravel/framework/src/Illuminate/Routing/Router.php(750): Illuminate\\Routing\\Router->runRoute(Object(Illuminate\\Http\\Request), Object(Illuminate\\Routing\\Route))
#22 /Users/mariopazmino/Documents/GitHub/Untitled/app/vendor/laravel/framework/src/Illuminate/Routing/Router.php(739): Illuminate\\Routing\\Router->dispatchToRoute(Object(Illuminate\\Http\\Request))
#23 /Users/mariopazmino/Documents/GitHub/Untitled/app/vendor/laravel/framework/src/Illuminate/Foundation/Http/Kernel.php(201): Illuminate\\Routing\\Router->dispatch(Object(Illuminate\\Http\\Request))
#24 /Users/mariopazmino/Documents/GitHub/Untitled/app/vendor/laravel/framework/src/Illuminate/Pipeline/Pipeline.php(170): Illuminate\\Foundation\\Http\\Kernel->Illuminate\\Foundation\\Http\\{closure}(Object(Illuminate\\Http\\Request))
#25 /Users/mariopazmino/Documents/GitHub/Untitled/app/vendor/laravel/framework/src/Illuminate/Foundation/Http/Middleware/TransformsRequest.php(21): Illuminate\\Pipeline\\Pipeline->Illuminate\\Pipeline\\{closure}(Object(Illuminate\\Http\\Request))
#26 /Users/mariopazmino/Documents/GitHub/Untitled/app/vendor/laravel/framework/src/Illuminate/Foundation/Http/Middleware/ConvertEmptyStringsToNull.php(31): Illuminate\\Foundation\\Http\\Middleware\\TransformsRequest->handle(Object(Illuminate\\Http\\Request), Object(Closure))
#27 /Users/mariopazmino/Documents/GitHub/Untitled/app/vendor/laravel/framework/src/Illuminate/Pipeline/Pipeline.php(209): Illuminate\\Foundation\\Http\\Middleware\\ConvertEmptyStringsToNull->handle(Object(Illuminate\\Http\\Request), Object(Closure))
#28 /Users/mariopazmino/Documents/GitHub/Untitled/app/vendor/laravel/framework/src/Illuminate/Foundation/Http/Middleware/TransformsRequest.php(21): Illuminate\\Pipeline\\Pipeline->Illuminate\\Pipeline\\{closure}(Object(Illuminate\\Http\\Request))
#29 /Users/mariopazmino/Documents/GitHub/Untitled/app/vendor/laravel/framework/src/Illuminate/Foundation/Http/Middleware/TrimStrings.php(51): Illuminate\\Foundation\\Http\\Middleware\\TransformsRequest->handle(Object(Illuminate\\Http\\Request), Object(Closure))
#30 /Users/mariopazmino/Documents/GitHub/Untitled/app/vendor/laravel/framework/src/Illuminate/Pipeline/Pipeline.php(209): Illuminate\\Foundation\\Http\\Middleware\\TrimStrings->handle(Object(Illuminate\\Http\\Request), Object(Closure))
#31 /Users/mariopazmino/Documents/GitHub/Untitled/app/vendor/laravel/framework/src/Illuminate/Http/Middleware/ValidatePostSize.php(27): Illuminate\\Pipeline\\Pipeline->Illuminate\\Pipeline\\{closure}(Object(Illuminate\\Http\\Request))
#32 /Users/mariopazmino/Documents/GitHub/Untitled/app/vendor/laravel/framework/src/Illuminate/Pipeline/Pipeline.php(209): Illuminate\\Http\\Middleware\\ValidatePostSize->handle(Object(Illuminate\\Http\\Request), Object(Closure))
#33 /Users/mariopazmino/Documents/GitHub/Untitled/app/vendor/laravel/framework/src/Illuminate/Foundation/Http/Middleware/PreventRequestsDuringMaintenance.php(110): Illuminate\\Pipeline\\Pipeline->Illuminate\\Pipeline\\{closure}(Object(Illuminate\\Http\\Request))
#34 /Users/mariopazmino/Documents/GitHub/Untitled/app/vendor/laravel/framework/src/Illuminate/Pipeline/Pipeline.php(209): Illuminate\\Foundation\\Http\\Middleware\\PreventRequestsDuringMaintenance->handle(Object(Illuminate\\Http\\Request), Object(Closure))
#35 /Users/mariopazmino/Documents/GitHub/Untitled/app/vendor/laravel/framework/src/Illuminate/Http/Middleware/HandleCors.php(62): Illuminate\\Pipeline\\Pipeline->Illuminate\\Pipeline\\{closure}(Object(Illuminate\\Http\\Request))
#36 /Users/mariopazmino/Documents/GitHub/Untitled/app/vendor/laravel/framework/src/Illuminate/Pipeline/Pipeline.php(209): Illuminate\\Http\\Middleware\\HandleCors->handle(Object(Illuminate\\Http\\Request), Object(Closure))
#37 /Users/mariopazmino/Documents/GitHub/Untitled/app/vendor/laravel/framework/src/Illuminate/Http/Middleware/TrustProxies.php(58): Illuminate\\Pipeline\\Pipeline->Illuminate\\Pipeline\\{closure}(Object(Illuminate\\Http\\Request))
#38 /Users/mariopazmino/Documents/GitHub/Untitled/app/vendor/laravel/framework/src/Illuminate/Pipeline/Pipeline.php(209): Illuminate\\Http\\Middleware\\TrustProxies->handle(Object(Illuminate\\Http\\Request), Object(Closure))
#39 /Users/mariopazmino/Documents/GitHub/Untitled/app/vendor/laravel/framework/src/Illuminate/Foundation/Http/Middleware/InvokeDeferredCallbacks.php(22): Illuminate\\Pipeline\\Pipeline->Illuminate\\Pipeline\\{closure}(Object(Illuminate\\Http\\Request))
#40 /Users/mariopazmino/Documents/GitHub/Untitled/app/vendor/laravel/framework/src/Illuminate/Pipeline/Pipeline.php(209): Illuminate\\Foundation\\Http\\Middleware\\InvokeDeferredCallbacks->handle(Object(Illuminate\\Http\\Request), Object(Closure))
#41 /Users/mariopazmino/Documents/GitHub/Untitled/app/vendor/laravel/framework/src/Illuminate/Pipeline/Pipeline.php(127): Illuminate\\Pipeline\\Pipeline->Illuminate\\Pipeline\\{closure}(Object(Illuminate\\Http\\Request))
#42 /Users/mariopazmino/Documents/GitHub/Untitled/app/vendor/laravel/framework/src/Illuminate/Foundation/Http/Kernel.php(176): Illuminate\\Pipeline\\Pipeline->then(Object(Closure))
#43 /Users/mariopazmino/Documents/GitHub/Untitled/app/vendor/laravel/framework/src/Illuminate/Foundation/Http/Kernel.php(145): Illuminate\\Foundation\\Http\\Kernel->sendRequestThroughRouter(Object(Illuminate\\Http\\Request))
#44 /Users/mariopazmino/Documents/GitHub/Untitled/app/vendor/laravel/framework/src/Illuminate/Foundation/Application.php(1220): Illuminate\\Foundation\\Http\\Kernel->handle(Object(Illuminate\\Http\\Request))
#45 /Users/mariopazmino/Documents/GitHub/Untitled/app/public/index.php(17): Illuminate\\Foundation\\Application->handleRequest(Object(Illuminate\\Http\\Request))
#46 /Users/mariopazmino/Documents/GitHub/Untitled/app/vendor/laravel/framework/src/Illuminate/Foundation/resources/server.php(23): require_once('/Users/mariopaz...')
#47 {main}

[previous exception] [object] (ErrorException(code: 0): Undefined variable $urlsToDocs at /Users/mariopazmino/Documents/GitHub/Untitled/app/storage/framework/views/b0068ab0ae0880eb534a2bdd0206f8b3.php:128)
[stacktrace]
#0 /Users/mariopazmino/Documents/GitHub/Untitled/app/vendor/laravel/framework/src/Illuminate/Foundation/Bootstrap/HandleExceptions.php(258): Illuminate\\Foundation\\Bootstrap\\HandleExceptions->handleError(2, 'Undefined varia...', '/Users/mariopaz...', 128)
#1 /Users/mariopazmino/Documents/GitHub/Untitled/app/storage/framework/views/b0068ab0ae0880eb534a2bdd0206f8b3.php(128): Illuminate\\Foundation\\Bootstrap\\HandleExceptions->Illuminate\\Foundation\\Bootstrap\\{closure}(2, 'Undefined varia...', '/Users/mariopaz...', 128)
#2 /Users/mariopazmino/Documents/GitHub/Untitled/app/vendor/laravel/framework/src/Illuminate/Filesystem/Filesystem.php(123): require('/Users/mariopaz...')
#3 /Users/mariopazmino/Documents/GitHub/Untitled/app/vendor/laravel/framework/src/Illuminate/Filesystem/Filesystem.php(124): Illuminate\\Filesystem\\Filesystem::Illuminate\\Filesystem\\{closure}()
#4 /Users/mariopazmino/Documents/GitHub/Untitled/app/vendor/laravel/framework/src/Illuminate/View/Engines/PhpEngine.php(58): Illuminate\\Filesystem\\Filesystem->getRequire('/Users/mariopaz...', Array)
#5 /Users/mariopazmino/Documents/GitHub/Untitled/app/vendor/laravel/framework/src/Illuminate/View/Engines/CompilerEngine.php(75): Illuminate\\View\\Engines\\PhpEngine->evaluatePath('/Users/mariopaz...', Array)
#6 /Users/mariopazmino/Documents/GitHub/Untitled/app/vendor/laravel/framework/src/Illuminate/View/View.php(209): Illuminate\\View\\Engines\\CompilerEngine->get('/Users/mariopaz...', Array)
#7 /Users/mariopazmino/Documents/GitHub/Untitled/app/vendor/laravel/framework/src/Illuminate/View/View.php(192): Illuminate\\View\\View->getContents()
#8 /Users/mariopazmino/Documents/GitHub/Untitled/app/vendor/laravel/framework/src/Illuminate/View/View.php(161): Illuminate\\View\\View->renderContents()
#9 /Users/mariopazmino/Documents/GitHub/Untitled/app/vendor/laravel/framework/src/Illuminate/Http/Response.php(79): Illuminate\\View\\View->render()
#10 /Users/mariopazmino/Documents/GitHub/Untitled/app/vendor/laravel/framework/src/Illuminate/Http/Response.php(35): Illuminate\\Http\\Response->setContent(Object(Illuminate\\View\\View))
#11 /Users/mariopazmino/Documents/GitHub/Untitled/app/vendor/laravel/framework/src/Illuminate/Routing/ResponseFactory.php(60): Illuminate\\Http\\Response->__construct(Object(Illuminate\\View\\View), 200, Array)
#12 /Users/mariopazmino/Documents/GitHub/Untitled/app/vendor/laravel/framework/src/Illuminate/Support/Facades/Facade.php(361): Illuminate\\Routing\\ResponseFactory->make(Object(Illuminate\\View\\View), 200)
#13 /Users/mariopazmino/Documents/GitHub/Untitled/app/vendor/darkaonline/l5-swagger/src/Http/Controllers/SwaggerController.php(119): Illuminate\\Support\\Facades\\Facade::__callStatic('make', Array)
#14 /Users/mariopazmino/Documents/GitHub/Untitled/app/vendor/laravel/framework/src/Illuminate/Routing/Controller.php(54): L5Swagger\\Http\\Controllers\\SwaggerController->api(Object(Illuminate\\Http\\Request))
#15 /Users/mariopazmino/Documents/GitHub/Untitled/app/vendor/laravel/framework/src/Illuminate/Routing/ControllerDispatcher.php(44): Illuminate\\Routing\\Controller->callAction('api', Array)
#16 /Users/mariopazmino/Documents/GitHub/Untitled/app/vendor/laravel/framework/src/Illuminate/Routing/Route.php(266): Illuminate\\Routing\\ControllerDispatcher->dispatch(Object(Illuminate\\Routing\\Route), Object(L5Swagger\\Http\\Controllers\\SwaggerController), 'api')
#17 /Users/mariopazmino/Documents/GitHub/Untitled/app/vendor/laravel/framework/src/Illuminate/Routing/Route.php(212): Illuminate\\Routing\\Route->runController()
#18 /Users/mariopazmino/Documents/GitHub/Untitled/app/vendor/laravel/framework/src/Illuminate/Routing/Router.php(808): Illuminate\\Routing\\Route->run()
#19 /Users/mariopazmino/Documents/GitHub/Untitled/app/vendor/laravel/framework/src/Illuminate/Pipeline/Pipeline.php(170): Illuminate\\Routing\\Router->Illuminate\\Routing\\{closure}(Object(Illuminate\\Http\\Request))
#20 /Users/mariopazmino/Documents/GitHub/Untitled/app/vendor/darkaonline/l5-swagger/src/Http/Middleware/Config.php(44): Illuminate\\Pipeline\\Pipeline->Illuminate\\Pipeline\\{closure}(Object(Illuminate\\Http\\Request))
#21 /Users/mariopazmino/Documents/GitHub/Untitled/app/vendor/laravel/framework/src/Illuminate/Pipeline/Pipeline.php(209): L5Swagger\\Http\\Middleware\\Config->handle(Object(Illuminate\\Http\\Request), Object(Closure))
#22 /Users/mariopazmino/Documents/GitHub/Untitled/app/vendor/laravel/framework/src/Illuminate/Pipeline/Pipeline.php(127): Illuminate\\Pipeline\\Pipeline->Illuminate\\Pipeline\\{closure}(Object(Illuminate\\Http\\Request))
#23 /Users/mariopazmino/Documents/GitHub/Untitled/app/vendor/laravel/framework/src/Illuminate/Routing/Router.php(807): Illuminate\\Pipeline\\Pipeline->then(Object(Closure))
#24 /Users/mariopazmino/Documents/GitHub/Untitled/app/vendor/laravel/framework/src/Illuminate/Routing/Router.php(786): Illuminate\\Routing\\Router->runRouteWithinStack(Object(Illuminate\\Routing\\Route), Object(Illuminate\\Http\\Request))
#25 /Users/mariopazmino/Documents/GitHub/Untitled/app/vendor/laravel/framework/src/Illuminate/Routing/Router.php(750): Illuminate\\Routing\\Router->runRoute(Object(Illuminate\\Http\\Request), Object(Illuminate\\Routing\\Route))
#26 /Users/mariopazmino/Documents/GitHub/Untitled/app/vendor/laravel/framework/src/Illuminate/Routing/Router.php(739): Illuminate\\Routing\\Router->dispatchToRoute(Object(Illuminate\\Http\\Request))
#27 /Users/mariopazmino/Documents/GitHub/Untitled/app/vendor/laravel/framework/src/Illuminate/Foundation/Http/Kernel.php(201): Illuminate\\Routing\\Router->dispatch(Object(Illuminate\\Http\\Request))
#28 /Users/mariopazmino/Documents/GitHub/Untitled/app/vendor/laravel/framework/src/Illuminate/Pipeline/Pipeline.php(170): Illuminate\\Foundation\\Http\\Kernel->Illuminate\\Foundation\\Http\\{closure}(Object(Illuminate\\Http\\Request))
#29 /Users/mariopazmino/Documents/GitHub/Untitled/app/vendor/laravel/framework/src/Illuminate/Foundation/Http/Middleware/TransformsRequest.php(21): Illuminate\\Pipeline\\Pipeline->Illuminate\\Pipeline\\{closure}(Object(Illuminate\\Http\\Request))
#30 /Users/mariopazmino/Documents/GitHub/Untitled/app/vendor/laravel/framework/src/Illuminate/Foundation/Http/Middleware/ConvertEmptyStringsToNull.php(31): Illuminate\\Foundation\\Http\\Middleware\\TransformsRequest->handle(Object(Illuminate\\Http\\Request), Object(Closure))
#31 /Users/mariopazmino/Documents/GitHub/Untitled/app/vendor/laravel/framework/src/Illuminate/Pipeline/Pipeline.php(209): Illuminate\\Foundation\\Http\\Middleware\\ConvertEmptyStringsToNull->handle(Object(Illuminate\\Http\\Request), Object(Closure))
#32 /Users/mariopazmino/Documents/GitHub/Untitled/app/vendor/laravel/framework/src/Illuminate/Foundation/Http/Middleware/TransformsRequest.php(21): Illuminate\\Pipeline\\Pipeline->Illuminate\\Pipeline\\{closure}(Object(Illuminate\\Http\\Request))
#33 /Users/mariopazmino/Documents/GitHub/Untitled/app/vendor/laravel/framework/src/Illuminate/Foundation/Http/Middleware/TrimStrings.php(51): Illuminate\\Foundation\\Http\\Middleware\\TransformsRequest->handle(Object(Illuminate\\Http\\Request), Object(Closure))
#34 /Users/mariopazmino/Documents/GitHub/Untitled/app/vendor/laravel/framework/src/Illuminate/Pipeline/Pipeline.php(209): Illuminate\\Foundation\\Http\\Middleware\\TrimStrings->handle(Object(Illuminate\\Http\\Request), Object(Closure))
#35 /Users/mariopazmino/Documents/GitHub/Untitled/app/vendor/laravel/framework/src/Illuminate/Http/Middleware/ValidatePostSize.php(27): Illuminate\\Pipeline\\Pipeline->Illuminate\\Pipeline\\{closure}(Object(Illuminate\\Http\\Request))
#36 /Users/mariopazmino/Documents/GitHub/Untitled/app/vendor/laravel/framework/src/Illuminate/Pipeline/Pipeline.php(209): Illuminate\\Http\\Middleware\\ValidatePostSize->handle(Object(Illuminate\\Http\\Request), Object(Closure))
#37 /Users/mariopazmino/Documents/GitHub/Untitled/app/vendor/laravel/framework/src/Illuminate/Foundation/Http/Middleware/PreventRequestsDuringMaintenance.php(110): Illuminate\\Pipeline\\Pipeline->Illuminate\\Pipeline\\{closure}(Object(Illuminate\\Http\\Request))
#38 /Users/mariopazmino/Documents/GitHub/Untitled/app/vendor/laravel/framework/src/Illuminate/Pipeline/Pipeline.php(209): Illuminate\\Foundation\\Http\\Middleware\\PreventRequestsDuringMaintenance->handle(Object(Illuminate\\Http\\Request), Object(Closure))
#39 /Users/mariopazmino/Documents/GitHub/Untitled/app/vendor/laravel/framework/src/Illuminate/Http/Middleware/HandleCors.php(62): Illuminate\\Pipeline\\Pipeline->Illuminate\\Pipeline\\{closure}(Object(Illuminate\\Http\\Request))
#40 /Users/mariopazmino/Documents/GitHub/Untitled/app/vendor/laravel/framework/src/Illuminate/Pipeline/Pipeline.php(209): Illuminate\\Http\\Middleware\\HandleCors->handle(Object(Illuminate\\Http\\Request), Object(Closure))
#41 /Users/mariopazmino/Documents/GitHub/Untitled/app/vendor/laravel/framework/src/Illuminate/Http/Middleware/TrustProxies.php(58): Illuminate\\Pipeline\\Pipeline->Illuminate\\Pipeline\\{closure}(Object(Illuminate\\Http\\Request))
#42 /Users/mariopazmino/Documents/GitHub/Untitled/app/vendor/laravel/framework/src/Illuminate/Pipeline/Pipeline.php(209): Illuminate\\Http\\Middleware\\TrustProxies->handle(Object(Illuminate\\Http\\Request), Object(Closure))
#43 /Users/mariopazmino/Documents/GitHub/Untitled/app/vendor/laravel/framework/src/Illuminate/Foundation/Http/Middleware/InvokeDeferredCallbacks.php(22): Illuminate\\Pipeline\\Pipeline->Illuminate\\Pipeline\\{closure}(Object(Illuminate\\Http\\Request))
#44 /Users/mariopazmino/Documents/GitHub/Untitled/app/vendor/laravel/framework/src/Illuminate/Pipeline/Pipeline.php(209): Illuminate\\Foundation\\Http\\Middleware\\InvokeDeferredCallbacks->handle(Object(Illuminate\\Http\\Request), Object(Closure))
#45 /Users/mariopazmino/Documents/GitHub/Untitled/app/vendor/laravel/framework/src/Illuminate/Pipeline/Pipeline.php(127): Illuminate\\Pipeline\\Pipeline->Illuminate\\Pipeline\\{closure}(Object(Illuminate\\Http\\Request))
#46 /Users/mariopazmino/Documents/GitHub/Untitled/app/vendor/laravel/framework/src/Illuminate/Foundation/Http/Kernel.php(176): Illuminate\\Pipeline\\Pipeline->then(Object(Closure))
#47 /Users/mariopazmino/Documents/GitHub/Untitled/app/vendor/laravel/framework/src/Illuminate/Foundation/Http/Kernel.php(145): Illuminate\\Foundation\\Http\\Kernel->sendRequestThroughRouter(Object(Illuminate\\Http\\Request))
#48 /Users/mariopazmino/Documents/GitHub/Untitled/app/vendor/laravel/framework/src/Illuminate/Foundation/Application.php(1220): Illuminate\\Foundation\\Http\\Kernel->handle(Object(Illuminate\\Http\\Request))
#49 /Users/mariopazmino/Documents/GitHub/Untitled/app/public/index.php(17): Illuminate\\Foundation\\Application->handleRequest(Object(Illuminate\\Http\\Request))
#50 /Users/mariopazmino/Documents/GitHub/Untitled/app/vendor/laravel/framework/src/Illuminate/Foundation/resources/server.php(23): require_once('/Users/mariopaz...')
#51 {main}
"} 
[2026-04-20 19:32:26] local.ERROR: SQLSTATE[42S01]: Base table or view already exists: 1050 Table 'users' already exists (Connection: mysql, SQL: create table `users` (`id` bigint unsigned not null auto_increment primary key, `name` varchar(255) not null, `email` varchar(255) not null, `email_verified_at` timestamp null, `password` varchar(255) not null, `remember_token` varchar(100) null, `created_at` timestamp null, `updated_at` timestamp null) default character set utf8mb4 collate 'utf8mb4_unicode_ci') {"exception":"[object] (Illuminate\\Database\\QueryException(code: 42S01): SQLSTATE[42S01]: Base table or view already exists: 1050 Table 'users' already exists (Connection: mysql, SQL: create table `users` (`id` bigint unsigned not null auto_increment primary key, `name` varchar(255) not null, `email` varchar(255) not null, `email_verified_at` timestamp null, `password` varchar(255) not null, `remember_token` varchar(100) null, `created_at` timestamp null, `updated_at` timestamp null) default character set utf8mb4 collate 'utf8mb4_unicode_ci') at /Users/mariopazmino/Documents/GitHub/Untitled/app/vendor/laravel/framework/src/Illuminate/Database/Connection.php:825)
[stacktrace]
#0 /Users/mariopazmino/Documents/GitHub/Untitled/app/vendor/laravel/framework/src/Illuminate/Database/Connection.php(779): Illuminate\\Database\\Connection->runQueryCallback('create table `u...', Array, Object(Closure))
#1 /Users/mariopazmino/Documents/GitHub/Untitled/app/vendor/laravel/framework/src/Illuminate/Database/Connection.php(560): Illuminate\\Database\\Connection->run('create table `u...', Array, Object(Closure))
#2 /Users/mariopazmino/Documents/GitHub/Untitled/app/vendor/laravel/framework/src/Illuminate/Database/Schema/Blueprint.php(118): Illuminate\\Database\\Connection->statement('create table `u...')
#3 /Users/mariopazmino/Documents/GitHub/Untitled/app/vendor/laravel/framework/src/Illuminate/Database/Schema/Builder.php(564): Illuminate\\Database\\Schema\\Blueprint->build(Object(Illuminate\\Database\\MySqlConnection), Object(Illuminate\\Database\\Schema\\Grammars\\MySqlGrammar))
#4 /Users/mariopazmino/Documents/GitHub/Untitled/app/vendor/laravel/framework/src/Illuminate/Database/Schema/Builder.php(418): Illuminate\\Database\\Schema\\Builder->build(Object(Illuminate\\Database\\Schema\\Blueprint))
#5 /Users/mariopazmino/Documents/GitHub/Untitled/app/vendor/laravel/framework/src/Illuminate/Support/Facades/Facade.php(361): Illuminate\\Database\\Schema\\Builder->create('users', Object(Closure))
#6 /Users/mariopazmino/Documents/GitHub/Untitled/app/database/migrations/0001_01_01_000000_create_users_table.php(14): Illuminate\\Support\\Facades\\Facade::__callStatic('create', Array)
#7 /Users/mariopazmino/Documents/GitHub/Untitled/app/vendor/laravel/framework/src/Illuminate/Database/Migrations/Migrator.php(507): Illuminate\\Database\\Migrations\\Migration@anonymous->up()
#8 /Users/mariopazmino/Documents/GitHub/Untitled/app/vendor/laravel/framework/src/Illuminate/Database/Migrations/Migrator.php(432): Illuminate\\Database\\Migrations\\Migrator->runMethod(Object(Illuminate\\Database\\MySqlConnection), Object(Illuminate\\Database\\Migrations\\Migration@anonymous), 'up')
#9 /Users/mariopazmino/Documents/GitHub/Untitled/app/vendor/laravel/framework/src/Illuminate/Database/Migrations/Migrator.php(441): Illuminate\\Database\\Migrations\\Migrator->Illuminate\\Database\\Migrations\\{closure}()
#10 /Users/mariopazmino/Documents/GitHub/Untitled/app/vendor/laravel/framework/src/Illuminate/Database/Migrations/Migrator.php(244): Illuminate\\Database\\Migrations\\Migrator->runMigration(Object(Illuminate\\Database\\Migrations\\Migration@anonymous), 'up')
#11 /Users/mariopazmino/Documents/GitHub/Untitled/app/vendor/laravel/framework/src/Illuminate/Console/View/Components/Task.php(40): Illuminate\\Database\\Migrations\\Migrator->Illuminate\\Database\\Migrations\\{closure}()
#12 /Users/mariopazmino/Documents/GitHub/Untitled/app/vendor/laravel/framework/src/Illuminate/Database/Migrations/Migrator.php(798): Illuminate\\Console\\View\\Components\\Task->render('0001_01_01_0000...', Object(Closure))
#13 /Users/mariopazmino/Documents/GitHub/Untitled/app/vendor/laravel/framework/src/Illuminate/Database/Migrations/Migrator.php(244): Illuminate\\Database\\Migrations\\Migrator->write('Illuminate\\\\Cons...', '0001_01_01_0000...', Object(Closure))
#14 /Users/mariopazmino/Documents/GitHub/Untitled/app/vendor/laravel/framework/src/Illuminate/Database/Migrations/Migrator.php(211): Illuminate\\Database\\Migrations\\Migrator->runUp('/Users/mariopaz...', 11, false)
#15 /Users/mariopazmino/Documents/GitHub/Untitled/app/vendor/laravel/framework/src/Illuminate/Database/Migrations/Migrator.php(138): Illuminate\\Database\\Migrations\\Migrator->runPending(Array, Array)
#16 /Users/mariopazmino/Documents/GitHub/Untitled/app/vendor/laravel/framework/src/Illuminate/Database/Console/Migrations/MigrateCommand.php(117): Illuminate\\Database\\Migrations\\Migrator->run(Array, Array)
#17 /Users/mariopazmino/Documents/GitHub/Untitled/app/vendor/laravel/framework/src/Illuminate/Database/Migrations/Migrator.php(658): Illuminate\\Database\\Console\\Migrations\\MigrateCommand->Illuminate\\Database\\Console\\Migrations\\{closure}()
#18 /Users/mariopazmino/Documents/GitHub/Untitled/app/vendor/laravel/framework/src/Illuminate/Database/Console/Migrations/MigrateCommand.php(110): Illuminate\\Database\\Migrations\\Migrator->usingConnection(NULL, Object(Closure))
#19 /Users/mariopazmino/Documents/GitHub/Untitled/app/vendor/laravel/framework/src/Illuminate/Database/Console/Migrations/MigrateCommand.php(89): Illuminate\\Database\\Console\\Migrations\\MigrateCommand->runMigrations()
#20 /Users/mariopazmino/Documents/GitHub/Untitled/app/vendor/laravel/framework/src/Illuminate/Container/BoundMethod.php(36): Illuminate\\Database\\Console\\Migrations\\MigrateCommand->handle()
#21 /Users/mariopazmino/Documents/GitHub/Untitled/app/vendor/laravel/framework/src/Illuminate/Container/Util.php(43): Illuminate\\Container\\BoundMethod::Illuminate\\Container\\{closure}()
#22 /Users/mariopazmino/Documents/GitHub/Untitled/app/vendor/laravel/framework/src/Illuminate/Container/BoundMethod.php(95): Illuminate\\Container\\Util::unwrapIfClosure(Object(Closure))
#23 /Users/mariopazmino/Documents/GitHub/Untitled/app/vendor/laravel/framework/src/Illuminate/Container/BoundMethod.php(35): Illuminate\\Container\\BoundMethod::callBoundMethod(Object(Illuminate\\Foundation\\Application), Array, Object(Closure))
#24 /Users/mariopazmino/Documents/GitHub/Untitled/app/vendor/laravel/framework/src/Illuminate/Container/Container.php(696): Illuminate\\Container\\BoundMethod::call(Object(Illuminate\\Foundation\\Application), Array, Array, NULL)
#25 /Users/mariopazmino/Documents/GitHub/Untitled/app/vendor/laravel/framework/src/Illuminate/Console/Command.php(213): Illuminate\\Container\\Container->call(Array)
#26 /Users/mariopazmino/Documents/GitHub/Untitled/app/vendor/symfony/console/Command/Command.php(341): Illuminate\\Console\\Command->execute(Object(Symfony\\Component\\Console\\Input\\ArgvInput), Object(Illuminate\\Console\\OutputStyle))
#27 /Users/mariopazmino/Documents/GitHub/Untitled/app/vendor/laravel/framework/src/Illuminate/Console/Command.php(182): Symfony\\Component\\Console\\Command\\Command->run(Object(Symfony\\Component\\Console\\Input\\ArgvInput), Object(Illuminate\\Console\\OutputStyle))
#28 /Users/mariopazmino/Documents/GitHub/Untitled/app/vendor/symfony/console/Application.php(1117): Illuminate\\Console\\Command->run(Object(Symfony\\Component\\Console\\Input\\ArgvInput), Object(Symfony\\Component\\Console\\Output\\ConsoleOutput))
#29 /Users/mariopazmino/Documents/GitHub/Untitled/app/vendor/symfony/console/Application.php(356): Symfony\\Component\\Console\\Application->doRunCommand(Object(Illuminate\\Database\\Console\\Migrations\\MigrateCommand), Object(Symfony\\Component\\Console\\Input\\ArgvInput), Object(Symfony\\Component\\Console\\Output\\ConsoleOutput))
#30 /Users/mariopazmino/Documents/GitHub/Untitled/app/vendor/symfony/console/Application.php(195): Symfony\\Component\\Console\\Application->doRun(Object(Symfony\\Component\\Console\\Input\\ArgvInput), Object(Symfony\\Component\\Console\\Output\\ConsoleOutput))
#31 /Users/mariopazmino/Documents/GitHub/Untitled/app/vendor/laravel/framework/src/Illuminate/Foundation/Console/Kernel.php(198): Symfony\\Component\\Console\\Application->run(Object(Symfony\\Component\\Console\\Input\\ArgvInput), Object(Symfony\\Component\\Console\\Output\\ConsoleOutput))
#32 /Users/mariopazmino/Documents/GitHub/Untitled/app/vendor/laravel/framework/src/Illuminate/Foundation/Application.php(1235): Illuminate\\Foundation\\Console\\Kernel->handle(Object(Symfony\\Component\\Console\\Input\\ArgvInput), Object(Symfony\\Component\\Console\\Output\\ConsoleOutput))
#33 /Users/mariopazmino/Documents/GitHub/Untitled/app/artisan(13): Illuminate\\Foundation\\Application->handleCommand(Object(Symfony\\Component\\Console\\Input\\ArgvInput))
#34 {main}

[previous exception] [object] (PDOException(code: 42S01): SQLSTATE[42S01]: Base table or view already exists: 1050 Table 'users' already exists at /Users/mariopazmino/Documents/GitHub/Untitled/app/vendor/laravel/framework/src/Illuminate/Database/Connection.php:571)
[stacktrace]
#0 /Users/mariopazmino/Documents/GitHub/Untitled/app/vendor/laravel/framework/src/Illuminate/Database/Connection.php(571): PDOStatement->execute()
#1 /Users/mariopazmino/Documents/GitHub/Untitled/app/vendor/laravel/framework/src/Illuminate/Database/Connection.php(812): Illuminate\\Database\\Connection->Illuminate\\Database\\{closure}('create table `u...', Array)
#2 /Users/mariopazmino/Documents/GitHub/Untitled/app/vendor/laravel/framework/src/Illuminate/Database/Connection.php(779): Illuminate\\Database\\Connection->runQueryCallback('create table `u...', Array, Object(Closure))
#3 /Users/mariopazmino/Documents/GitHub/Untitled/app/vendor/laravel/framework/src/Illuminate/Database/Connection.php(560): Illuminate\\Database\\Connection->run('create table `u...', Array, Object(Closure))
#4 /Users/mariopazmino/Documents/GitHub/Untitled/app/vendor/laravel/framework/src/Illuminate/Database/Schema/Blueprint.php(118): Illuminate\\Database\\Connection->statement('create table `u...')
#5 /Users/mariopazmino/Documents/GitHub/Untitled/app/vendor/laravel/framework/src/Illuminate/Database/Schema/Builder.php(564): Illuminate\\Database\\Schema\\Blueprint->build(Object(Illuminate\\Database\\MySqlConnection), Object(Illuminate\\Database\\Schema\\Grammars\\MySqlGrammar))
#6 /Users/mariopazmino/Documents/GitHub/Untitled/app/vendor/laravel/framework/src/Illuminate/Database/Schema/Builder.php(418): Illuminate\\Database\\Schema\\Builder->build(Object(Illuminate\\Database\\Schema\\Blueprint))
#7 /Users/mariopazmino/Documents/GitHub/Untitled/app/vendor/laravel/framework/src/Illuminate/Support/Facades/Facade.php(361): Illuminate\\Database\\Schema\\Builder->create('users', Object(Closure))
#8 /Users/mariopazmino/Documents/GitHub/Untitled/app/database/migrations/0001_01_01_000000_create_users_table.php(14): Illuminate\\Support\\Facades\\Facade::__callStatic('create', Array)
#9 /Users/mariopazmino/Documents/GitHub/Untitled/app/vendor/laravel/framework/src/Illuminate/Database/Migrations/Migrator.php(507): Illuminate\\Database\\Migrations\\Migration@anonymous->up()
#10 /Users/mariopazmino/Documents/GitHub/Untitled/app/vendor/laravel/framework/src/Illuminate/Database/Migrations/Migrator.php(432): Illuminate\\Database\\Migrations\\Migrator->runMethod(Object(Illuminate\\Database\\MySqlConnection), Object(Illuminate\\Database\\Migrations\\Migration@anonymous), 'up')
#11 /Users/mariopazmino/Documents/GitHub/Untitled/app/vendor/laravel/framework/src/Illuminate/Database/Migrations/Migrator.php(441): Illuminate\\Database\\Migrations\\Migrator->Illuminate\\Database\\Migrations\\{closure}()
#12 /Users/mariopazmino/Documents/GitHub/Untitled/app/vendor/laravel/framework/src/Illuminate/Database/Migrations/Migrator.php(244): Illuminate\\Database\\Migrations\\Migrator->runMigration(Object(Illuminate\\Database\\Migrations\\Migration@anonymous), 'up')
#13 /Users/mariopazmino/Documents/GitHub/Untitled/app/vendor/laravel/framework/src/Illuminate/Console/View/Components/Task.php(40): Illuminate\\Database\\Migrations\\Migrator->Illuminate\\Database\\Migrations\\{closure}()
#14 /Users/mariopazmino/Documents/GitHub/Untitled/app/vendor/laravel/framework/src/Illuminate/Database/Migrations/Migrator.php(798): Illuminate\\Console\\View\\Components\\Task->render('0001_01_01_0000...', Object(Closure))
#15 /Users/mariopazmino/Documents/GitHub/Untitled/app/vendor/laravel/framework/src/Illuminate/Database/Migrations/Migrator.php(244): Illuminate\\Database\\Migrations\\Migrator->write('Illuminate\\\\Cons...', '0001_01_01_0000...', Object(Closure))
#16 /Users/mariopazmino/Documents/GitHub/Untitled/app/vendor/laravel/framework/src/Illuminate/Database/Migrations/Migrator.php(211): Illuminate\\Database\\Migrations\\Migrator->runUp('/Users/mariopaz...', 11, false)
#17 /Users/mariopazmino/Documents/GitHub/Untitled/app/vendor/laravel/framework/src/Illuminate/Database/Migrations/Migrator.php(138): Illuminate\\Database\\Migrations\\Migrator->runPending(Array, Array)
#18 /Users/mariopazmino/Documents/GitHub/Untitled/app/vendor/laravel/framework/src/Illuminate/Database/Console/Migrations/MigrateCommand.php(117): Illuminate\\Database\\Migrations\\Migrator->run(Array, Array)
#19 /Users/mariopazmino/Documents/GitHub/Untitled/app/vendor/laravel/framework/src/Illuminate/Database/Migrations/Migrator.php(658): Illuminate\\Database\\Console\\Migrations\\MigrateCommand->Illuminate\\Database\\Console\\Migrations\\{closure}()
#20 /Users/mariopazmino/Documents/GitHub/Untitled/app/vendor/laravel/framework/src/Illuminate/Database/Console/Migrations/MigrateCommand.php(110): Illuminate\\Database\\Migrations\\Migrator->usingConnection(NULL, Object(Closure))
#21 /Users/mariopazmino/Documents/GitHub/Untitled/app/vendor/laravel/framework/src/Illuminate/Database/Console/Migrations/MigrateCommand.php(89): Illuminate\\Database\\Console\\Migrations\\MigrateCommand->runMigrations()
#22 /Users/mariopazmino/Documents/GitHub/Untitled/app/vendor/laravel/framework/src/Illuminate/Container/BoundMethod.php(36): Illuminate\\Database\\Console\\Migrations\\MigrateCommand->handle()
#23 /Users/mariopazmino/Documents/GitHub/Untitled/app/vendor/laravel/framework/src/Illuminate/Container/Util.php(43): Illuminate\\Container\\BoundMethod::Illuminate\\Container\\{closure}()
#24 /Users/mariopazmino/Documents/GitHub/Untitled/app/vendor/laravel/framework/src/Illuminate/Container/BoundMethod.php(95): Illuminate\\Container\\Util::unwrapIfClosure(Object(Closure))
#25 /Users/mariopazmino/Documents/GitHub/Untitled/app/vendor/laravel/framework/src/Illuminate/Container/BoundMethod.php(35): Illuminate\\Container\\BoundMethod::callBoundMethod(Object(Illuminate\\Foundation\\Application), Array, Object(Closure))
#26 /Users/mariopazmino/Documents/GitHub/Untitled/app/vendor/laravel/framework/src/Illuminate/Container/Container.php(696): Illuminate\\Container\\BoundMethod::call(Object(Illuminate\\Foundation\\Application), Array, Array, NULL)
#27 /Users/mariopazmino/Documents/GitHub/Untitled/app/vendor/laravel/framework/src/Illuminate/Console/Command.php(213): Illuminate\\Container\\Container->call(Array)
#28 /Users/mariopazmino/Documents/GitHub/Untitled/app/vendor/symfony/console/Command/Command.php(341): Illuminate\\Console\\Command->execute(Object(Symfony\\Component\\Console\\Input\\ArgvInput), Object(Illuminate\\Console\\OutputStyle))
#29 /Users/mariopazmino/Documents/GitHub/Untitled/app/vendor/laravel/framework/src/Illuminate/Console/Command.php(182): Symfony\\Component\\Console\\Command\\Command->run(Object(Symfony\\Component\\Console\\Input\\ArgvInput), Object(Illuminate\\Console\\OutputStyle))
#30 /Users/mariopazmino/Documents/GitHub/Untitled/app/vendor/symfony/console/Application.php(1117): Illuminate\\Console\\Command->run(Object(Symfony\\Component\\Console\\Input\\ArgvInput), Object(Symfony\\Component\\Console\\Output\\ConsoleOutput))
#31 /Users/mariopazmino/Documents/GitHub/Untitled/app/vendor/symfony/console/Application.php(356): Symfony\\Component\\Console\\Application->doRunCommand(Object(Illuminate\\Database\\Console\\Migrations\\MigrateCommand), Object(Symfony\\Component\\Console\\Input\\ArgvInput), Object(Symfony\\Component\\Console\\Output\\ConsoleOutput))
#32 /Users/mariopazmino/Documents/GitHub/Untitled/app/vendor/symfony/console/Application.php(195): Symfony\\Component\\Console\\Application->doRun(Object(Symfony\\Component\\Console\\Input\\ArgvInput), Object(Symfony\\Component\\Console\\Output\\ConsoleOutput))
#33 /Users/mariopazmino/Documents/GitHub/Untitled/app/vendor/laravel/framework/src/Illuminate/Foundation/Console/Kernel.php(198): Symfony\\Component\\Console\\Application->run(Object(Symfony\\Component\\Console\\Input\\ArgvInput), Object(Symfony\\Component\\Console\\Output\\ConsoleOutput))
#34 /Users/mariopazmino/Documents/GitHub/Untitled/app/vendor/laravel/framework/src/Illuminate/Foundation/Application.php(1235): Illuminate\\Foundation\\Console\\Kernel->handle(Object(Symfony\\Component\\Console\\Input\\ArgvInput), Object(Symfony\\Component\\Console\\Output\\ConsoleOutput))
#35 /Users/mariopazmino/Documents/GitHub/Untitled/app/artisan(13): Illuminate\\Foundation\\Application->handleCommand(Object(Symfony\\Component\\Console\\Input\\ArgvInput))
#36 {main}
"} 
[2026-04-20 19:32:42] local.ERROR: SQLSTATE[42S01]: Base table or view already exists: 1050 Table 'users' already exists (Connection: mysql, SQL: create table `users` (`id` bigint unsigned not null auto_increment primary key, `name` varchar(255) not null, `email` varchar(255) not null, `email_verified_at` timestamp null, `password` varchar(255) not null, `remember_token` varchar(100) null, `created_at` timestamp null, `updated_at` timestamp null) default character set utf8mb4 collate 'utf8mb4_unicode_ci') {"exception":"[object] (Illuminate\\Database\\QueryException(code: 42S01): SQLSTATE[42S01]: Base table or view already exists: 1050 Table 'users' already exists (Connection: mysql, SQL: create table `users` (`id` bigint unsigned not null auto_increment primary key, `name` varchar(255) not null, `email` varchar(255) not null, `email_verified_at` timestamp null, `password` varchar(255) not null, `remember_token` varchar(100) null, `created_at` timestamp null, `updated_at` timestamp null) default character set utf8mb4 collate 'utf8mb4_unicode_ci') at /Users/mariopazmino/Documents/GitHub/Untitled/app/vendor/laravel/framework/src/Illuminate/Database/Connection.php:825)
[stacktrace]
#0 /Users/mariopazmino/Documents/GitHub/Untitled/app/vendor/laravel/framework/src/Illuminate/Database/Connection.php(779): Illuminate\\Database\\Connection->runQueryCallback('create table `u...', Array, Object(Closure))
#1 /Users/mariopazmino/Documents/GitHub/Untitled/app/vendor/laravel/framework/src/Illuminate/Database/Connection.php(560): Illuminate\\Database\\Connection->run('create table `u...', Array, Object(Closure))
#2 /Users/mariopazmino/Documents/GitHub/Untitled/app/vendor/laravel/framework/src/Illuminate/Database/Schema/Blueprint.php(118): Illuminate\\Database\\Connection->statement('create table `u...')
#3 /Users/mariopazmino/Documents/GitHub/Untitled/app/vendor/laravel/framework/src/Illuminate/Database/Schema/Builder.php(564): Illuminate\\Database\\Schema\\Blueprint->build(Object(Illuminate\\Database\\MySqlConnection), Object(Illuminate\\Database\\Schema\\Grammars\\MySqlGrammar))
#4 /Users/mariopazmino/Documents/GitHub/Untitled/app/vendor/laravel/framework/src/Illuminate/Database/Schema/Builder.php(418): Illuminate\\Database\\Schema\\Builder->build(Object(Illuminate\\Database\\Schema\\Blueprint))
#5 /Users/mariopazmino/Documents/GitHub/Untitled/app/vendor/laravel/framework/src/Illuminate/Support/Facades/Facade.php(361): Illuminate\\Database\\Schema\\Builder->create('users', Object(Closure))
#6 /Users/mariopazmino/Documents/GitHub/Untitled/app/database/migrations/2026_04_20_000003_create_all_tables.php(14): Illuminate\\Support\\Facades\\Facade::__callStatic('create', Array)
#7 /Users/mariopazmino/Documents/GitHub/Untitled/app/vendor/laravel/framework/src/Illuminate/Database/Migrations/Migrator.php(507): Illuminate\\Database\\Migrations\\Migration@anonymous->up()
#8 /Users/mariopazmino/Documents/GitHub/Untitled/app/vendor/laravel/framework/src/Illuminate/Database/Migrations/Migrator.php(432): Illuminate\\Database\\Migrations\\Migrator->runMethod(Object(Illuminate\\Database\\MySqlConnection), Object(Illuminate\\Database\\Migrations\\Migration@anonymous), 'up')
#9 /Users/mariopazmino/Documents/GitHub/Untitled/app/vendor/laravel/framework/src/Illuminate/Database/Migrations/Migrator.php(441): Illuminate\\Database\\Migrations\\Migrator->Illuminate\\Database\\Migrations\\{closure}()
#10 /Users/mariopazmino/Documents/GitHub/Untitled/app/vendor/laravel/framework/src/Illuminate/Database/Migrations/Migrator.php(244): Illuminate\\Database\\Migrations\\Migrator->runMigration(Object(Illuminate\\Database\\Migrations\\Migration@anonymous), 'up')
#11 /Users/mariopazmino/Documents/GitHub/Untitled/app/vendor/laravel/framework/src/Illuminate/Console/View/Components/Task.php(40): Illuminate\\Database\\Migrations\\Migrator->Illuminate\\Database\\Migrations\\{closure}()
#12 /Users/mariopazmino/Documents/GitHub/Untitled/app/vendor/laravel/framework/src/Illuminate/Database/Migrations/Migrator.php(798): Illuminate\\Console\\View\\Components\\Task->render('2026_04_20_0000...', Object(Closure))
#13 /Users/mariopazmino/Documents/GitHub/Untitled/app/vendor/laravel/framework/src/Illuminate/Database/Migrations/Migrator.php(244): Illuminate\\Database\\Migrations\\Migrator->write('Illuminate\\\\Cons...', '2026_04_20_0000...', Object(Closure))
#14 /Users/mariopazmino/Documents/GitHub/Untitled/app/vendor/laravel/framework/src/Illuminate/Database/Migrations/Migrator.php(211): Illuminate\\Database\\Migrations\\Migrator->runUp('/Users/mariopaz...', 11, false)
#15 /Users/mariopazmino/Documents/GitHub/Untitled/app/vendor/laravel/framework/src/Illuminate/Database/Migrations/Migrator.php(138): Illuminate\\Database\\Migrations\\Migrator->runPending(Array, Array)
#16 /Users/mariopazmino/Documents/GitHub/Untitled/app/vendor/laravel/framework/src/Illuminate/Database/Console/Migrations/MigrateCommand.php(117): Illuminate\\Database\\Migrations\\Migrator->run(Array, Array)
#17 /Users/mariopazmino/Documents/GitHub/Untitled/app/vendor/laravel/framework/src/Illuminate/Database/Migrations/Migrator.php(658): Illuminate\\Database\\Console\\Migrations\\MigrateCommand->Illuminate\\Database\\Console\\Migrations\\{closure}()
#18 /Users/mariopazmino/Documents/GitHub/Untitled/app/vendor/laravel/framework/src/Illuminate/Database/Console/Migrations/MigrateCommand.php(110): Illuminate\\Database\\Migrations\\Migrator->usingConnection(NULL, Object(Closure))
#19 /Users/mariopazmino/Documents/GitHub/Untitled/app/vendor/laravel/framework/src/Illuminate/Database/Console/Migrations/MigrateCommand.php(89): Illuminate\\Database\\Console\\Migrations\\MigrateCommand->runMigrations()
#20 /Users/mariopazmino/Documents/GitHub/Untitled/app/vendor/laravel/framework/src/Illuminate/Container/BoundMethod.php(36): Illuminate\\Database\\Console\\Migrations\\MigrateCommand->handle()
#21 /Users/mariopazmino/Documents/GitHub/Untitled/app/vendor/laravel/framework/src/Illuminate/Container/Util.php(43): Illuminate\\Container\\BoundMethod::Illuminate\\Container\\{closure}()
#22 /Users/mariopazmino/Documents/GitHub/Untitled/app/vendor/laravel/framework/src/Illuminate/Container/BoundMethod.php(95): Illuminate\\Container\\Util::unwrapIfClosure(Object(Closure))
#23 /Users/mariopazmino/Documents/GitHub/Untitled/app/vendor/laravel/framework/src/Illuminate/Container/BoundMethod.php(35): Illuminate\\Container\\BoundMethod::callBoundMethod(Object(Illuminate\\Foundation\\Application), Array, Object(Closure))
#24 /Users/mariopazmino/Documents/GitHub/Untitled/app/vendor/laravel/framework/src/Illuminate/Container/Container.php(696): Illuminate\\Container\\BoundMethod::call(Object(Illuminate\\Foundation\\Application), Array, Array, NULL)
#25 /Users/mariopazmino/Documents/GitHub/Untitled/app/vendor/laravel/framework/src/Illuminate/Console/Command.php(213): Illuminate\\Container\\Container->call(Array)
#26 /Users/mariopazmino/Documents/GitHub/Untitled/app/vendor/symfony/console/Command/Command.php(341): Illuminate\\Console\\Command->execute(Object(Symfony\\Component\\Console\\Input\\ArgvInput), Object(Illuminate\\Console\\OutputStyle))
#27 /Users/mariopazmino/Documents/GitHub/Untitled/app/vendor/laravel/framework/src/Illuminate/Console/Command.php(182): Symfony\\Component\\Console\\Command\\Command->run(Object(Symfony\\Component\\Console\\Input\\ArgvInput), Object(Illuminate\\Console\\OutputStyle))
#28 /Users/mariopazmino/Documents/GitHub/Untitled/app/vendor/symfony/console/Application.php(1117): Illuminate\\Console\\Command->run(Object(Symfony\\Component\\Console\\Input\\ArgvInput), Object(Symfony\\Component\\Console\\Output\\ConsoleOutput))
#29 /Users/mariopazmino/Documents/GitHub/Untitled/app/vendor/symfony/console/Application.php(356): Symfony\\Component\\Console\\Application->doRunCommand(Object(Illuminate\\Database\\Console\\Migrations\\MigrateCommand), Object(Symfony\\Component\\Console\\Input\\ArgvInput), Object(Symfony\\Component\\Console\\Output\\ConsoleOutput))
#30 /Users/mariopazmino/Documents/GitHub/Untitled/app/vendor/symfony/console/Application.php(195): Symfony\\Component\\Console\\Application->doRun(Object(Symfony\\Component\\Console\\Input\\ArgvInput), Object(Symfony\\Component\\Console\\Output\\ConsoleOutput))
#31 /Users/mariopazmino/Documents/GitHub/Untitled/app/vendor/laravel/framework/src/Illuminate/Foundation/Console/Kernel.php(198): Symfony\\Component\\Console\\Application->run(Object(Symfony\\Component\\Console\\Input\\ArgvInput), Object(Symfony\\Component\\Console\\Output\\ConsoleOutput))
#32 /Users/mariopazmino/Documents/GitHub/Untitled/app/vendor/laravel/framework/src/Illuminate/Foundation/Application.php(1235): Illuminate\\Foundation\\Console\\Kernel->handle(Object(Symfony\\Component\\Console\\Input\\ArgvInput), Object(Symfony\\Component\\Console\\Output\\ConsoleOutput))
#33 /Users/mariopazmino/Documents/GitHub/Untitled/app/artisan(13): Illuminate\\Foundation\\Application->handleCommand(Object(Symfony\\Component\\Console\\Input\\ArgvInput))
#34 {main}

[previous exception] [object] (PDOException(code: 42S01): SQLSTATE[42S01]: Base table or view already exists: 1050 Table 'users' already exists at /Users/mariopazmino/Documents/GitHub/Untitled/app/vendor/laravel/framework/src/Illuminate/Database/Connection.php:571)
[stacktrace]
#0 /Users/mariopazmino/Documents/GitHub/Untitled/app/vendor/laravel/framework/src/Illuminate/Database/Connection.php(571): PDOStatement->execute()
#1 /Users/mariopazmino/Documents/GitHub/Untitled/app/vendor/laravel/framework/src/Illuminate/Database/Connection.php(812): Illuminate\\Database\\Connection->Illuminate\\Database\\{closure}('create table `u...', Array)
#2 /Users/mariopazmino/Documents/GitHub/Untitled/app/vendor/laravel/framework/src/Illuminate/Database/Connection.php(779): Illuminate\\Database\\Connection->runQueryCallback('create table `u...', Array, Object(Closure))
#3 /Users/mariopazmino/Documents/GitHub/Untitled/app/vendor/laravel/framework/src/Illuminate/Database/Connection.php(560): Illuminate\\Database\\Connection->run('create table `u...', Array, Object(Closure))
#4 /Users/mariopazmino/Documents/GitHub/Untitled/app/vendor/laravel/framework/src/Illuminate/Database/Schema/Blueprint.php(118): Illuminate\\Database\\Connection->statement('create table `u...')
#5 /Users/mariopazmino/Documents/GitHub/Untitled/app/vendor/laravel/framework/src/Illuminate/Database/Schema/Builder.php(564): Illuminate\\Database\\Schema\\Blueprint->build(Object(Illuminate\\Database\\MySqlConnection), Object(Illuminate\\Database\\Schema\\Grammars\\MySqlGrammar))
#6 /Users/mariopazmino/Documents/GitHub/Untitled/app/vendor/laravel/framework/src/Illuminate/Database/Schema/Builder.php(418): Illuminate\\Database\\Schema\\Builder->build(Object(Illuminate\\Database\\Schema\\Blueprint))
#7 /Users/mariopazmino/Documents/GitHub/Untitled/app/vendor/laravel/framework/src/Illuminate/Support/Facades/Facade.php(361): Illuminate\\Database\\Schema\\Builder->create('users', Object(Closure))
#8 /Users/mariopazmino/Documents/GitHub/Untitled/app/database/migrations/2026_04_20_000003_create_all_tables.php(14): Illuminate\\Support\\Facades\\Facade::__callStatic('create', Array)
#9 /Users/mariopazmino/Documents/GitHub/Untitled/app/vendor/laravel/framework/src/Illuminate/Database/Migrations/Migrator.php(507): Illuminate\\Database\\Migrations\\Migration@anonymous->up()
#10 /Users/mariopazmino/Documents/GitHub/Untitled/app/vendor/laravel/framework/src/Illuminate/Database/Migrations/Migrator.php(432): Illuminate\\Database\\Migrations\\Migrator->runMethod(Object(Illuminate\\Database\\MySqlConnection), Object(Illuminate\\Database\\Migrations\\Migration@anonymous), 'up')
#11 /Users/mariopazmino/Documents/GitHub/Untitled/app/vendor/laravel/framework/src/Illuminate/Database/Migrations/Migrator.php(441): Illuminate\\Database\\Migrations\\Migrator->Illuminate\\Database\\Migrations\\{closure}()
#12 /Users/mariopazmino/Documents/GitHub/Untitled/app/vendor/laravel/framework/src/Illuminate/Database/Migrations/Migrator.php(244): Illuminate\\Database\\Migrations\\Migrator->runMigration(Object(Illuminate\\Database\\Migrations\\Migration@anonymous), 'up')
#13 /Users/mariopazmino/Documents/GitHub/Untitled/app/vendor/laravel/framework/src/Illuminate/Console/View/Components/Task.php(40): Illuminate\\Database\\Migrations\\Migrator->Illuminate\\Database\\Migrations\\{closure}()
#14 /Users/mariopazmino/Documents/GitHub/Untitled/app/vendor/laravel/framework/src/Illuminate/Database/Migrations/Migrator.php(798): Illuminate\\Console\\View\\Components\\Task->render('2026_04_20_0000...', Object(Closure))
#15 /Users/mariopazmino/Documents/GitHub/Untitled/app/vendor/laravel/framework/src/Illuminate/Database/Migrations/Migrator.php(244): Illuminate\\Database\\Migrations\\Migrator->write('Illuminate\\\\Cons...', '2026_04_20_0000...', Object(Closure))
#16 /Users/mariopazmino/Documents/GitHub/Untitled/app/vendor/laravel/framework/src/Illuminate/Database/Migrations/Migrator.php(211): Illuminate\\Database\\Migrations\\Migrator->runUp('/Users/mariopaz...', 11, false)
#17 /Users/mariopazmino/Documents/GitHub/Untitled/app/vendor/laravel/framework/src/Illuminate/Database/Migrations/Migrator.php(138): Illuminate\\Database\\Migrations\\Migrator->runPending(Array, Array)
#18 /Users/mariopazmino/Documents/GitHub/Untitled/app/vendor/laravel/framework/src/Illuminate/Database/Console/Migrations/MigrateCommand.php(117): Illuminate\\Database\\Migrations\\Migrator->run(Array, Array)
#19 /Users/mariopazmino/Documents/GitHub/Untitled/app/vendor/laravel/framework/src/Illuminate/Database/Migrations/Migrator.php(658): Illuminate\\Database\\Console\\Migrations\\MigrateCommand->Illuminate\\Database\\Console\\Migrations\\{closure}()
#20 /Users/mariopazmino/Documents/GitHub/Untitled/app/vendor/laravel/framework/src/Illuminate/Database/Console/Migrations/MigrateCommand.php(110): Illuminate\\Database\\Migrations\\Migrator->usingConnection(NULL, Object(Closure))
#21 /Users/mariopazmino/Documents/GitHub/Untitled/app/vendor/laravel/framework/src/Illuminate/Database/Console/Migrations/MigrateCommand.php(89): Illuminate\\Database\\Console\\Migrations\\MigrateCommand->runMigrations()
#22 /Users/mariopazmino/Documents/GitHub/Untitled/app/vendor/laravel/framework/src/Illuminate/Container/BoundMethod.php(36): Illuminate\\Database\\Console\\Migrations\\MigrateCommand->handle()
#23 /Users/mariopazmino/Documents/GitHub/Untitled/app/vendor/laravel/framework/src/Illuminate/Container/Util.php(43): Illuminate\\Container\\BoundMethod::Illuminate\\Container\\{closure}()
#24 /Users/mariopazmino/Documents/GitHub/Untitled/app/vendor/laravel/framework/src/Illuminate/Container/BoundMethod.php(95): Illuminate\\Container\\Util::unwrapIfClosure(Object(Closure))
#25 /Users/mariopazmino/Documents/GitHub/Untitled/app/vendor/laravel/framework/src/Illuminate/Container/BoundMethod.php(35): Illuminate\\Container\\BoundMethod::callBoundMethod(Object(Illuminate\\Foundation\\Application), Array, Object(Closure))
#26 /Users/mariopazmino/Documents/GitHub/Untitled/app/vendor/laravel/framework/src/Illuminate/Container/Container.php(696): Illuminate\\Container\\BoundMethod::call(Object(Illuminate\\Foundation\\Application), Array, Array, NULL)
#27 /Users/mariopazmino/Documents/GitHub/Untitled/app/vendor/laravel/framework/src/Illuminate/Console/Command.php(213): Illuminate\\Container\\Container->call(Array)
#28 /Users/mariopazmino/Documents/GitHub/Untitled/app/vendor/symfony/console/Command/Command.php(341): Illuminate\\Console\\Command->execute(Object(Symfony\\Component\\Console\\Input\\ArgvInput), Object(Illuminate\\Console\\OutputStyle))
#29 /Users/mariopazmino/Documents/GitHub/Untitled/app/vendor/laravel/framework/src/Illuminate/Console/Command.php(182): Symfony\\Component\\Console\\Command\\Command->run(Object(Symfony\\Component\\Console\\Input\\ArgvInput), Object(Illuminate\\Console\\OutputStyle))
#30 /Users/mariopazmino/Documents/GitHub/Untitled/app/vendor/symfony/console/Application.php(1117): Illuminate\\Console\\Command->run(Object(Symfony\\Component\\Console\\Input\\ArgvInput), Object(Symfony\\Component\\Console\\Output\\ConsoleOutput))
#31 /Users/mariopazmino/Documents/GitHub/Untitled/app/vendor/symfony/console/Application.php(356): Symfony\\Component\\Console\\Application->doRunCommand(Object(Illuminate\\Database\\Console\\Migrations\\MigrateCommand), Object(Symfony\\Component\\Console\\Input\\ArgvInput), Object(Symfony\\Component\\Console\\Output\\ConsoleOutput))
#32 /Users/mariopazmino/Documents/GitHub/Untitled/app/vendor/symfony/console/Application.php(195): Symfony\\Component\\Console\\Application->doRun(Object(Symfony\\Component\\Console\\Input\\ArgvInput), Object(Symfony\\Component\\Console\\Output\\ConsoleOutput))
#33 /Users/mariopazmino/Documents/GitHub/Untitled/app/vendor/laravel/framework/src/Illuminate/Foundation/Console/Kernel.php(198): Symfony\\Component\\Console\\Application->run(Object(Symfony\\Component\\Console\\Input\\ArgvInput), Object(Symfony\\Component\\Console\\Output\\ConsoleOutput))
#34 /Users/mariopazmino/Documents/GitHub/Untitled/app/vendor/laravel/framework/src/Illuminate/Foundation/Application.php(1235): Illuminate\\Foundation\\Console\\Kernel->handle(Object(Symfony\\Component\\Console\\Input\\ArgvInput), Object(Symfony\\Component\\Console\\Output\\ConsoleOutput))
#35 /Users/mariopazmino/Documents/GitHub/Untitled/app/artisan(13): Illuminate\\Foundation\\Application->handleCommand(Object(Symfony\\Component\\Console\\Input\\ArgvInput))
#36 {main}
"} 
[2026-04-20 19:32:54] local.ERROR: SQLSTATE[42S01]: Base table or view already exists: 1050 Table 'personal_access_tokens' already exists (Connection: mysql, SQL: create table `personal_access_tokens` (`id` bigint unsigned not null auto_increment primary key, `tokenable_type` varchar(255) not null, `tokenable_id` bigint unsigned not null, `name` text not null, `token` varchar(64) not null, `abilities` text null, `last_used_at` timestamp null, `expires_at` timestamp null, `created_at` timestamp null, `updated_at` timestamp null) default character set utf8mb4 collate 'utf8mb4_unicode_ci') {"exception":"[object] (Illuminate\\Database\\QueryException(code: 42S01): SQLSTATE[42S01]: Base table or view already exists: 1050 Table 'personal_access_tokens' already exists (Connection: mysql, SQL: create table `personal_access_tokens` (`id` bigint unsigned not null auto_increment primary key, `tokenable_type` varchar(255) not null, `tokenable_id` bigint unsigned not null, `name` text not null, `token` varchar(64) not null, `abilities` text null, `last_used_at` timestamp null, `expires_at` timestamp null, `created_at` timestamp null, `updated_at` timestamp null) default character set utf8mb4 collate 'utf8mb4_unicode_ci') at /Users/mariopazmino/Documents/GitHub/Untitled/app/vendor/laravel/framework/src/Illuminate/Database/Connection.php:825)
[stacktrace]
#0 /Users/mariopazmino/Documents/GitHub/Untitled/app/vendor/laravel/framework/src/Illuminate/Database/Connection.php(779): Illuminate\\Database\\Connection->runQueryCallback('create table `p...', Array, Object(Closure))
#1 /Users/mariopazmino/Documents/GitHub/Untitled/app/vendor/laravel/framework/src/Illuminate/Database/Connection.php(560): Illuminate\\Database\\Connection->run('create table `p...', Array, Object(Closure))
#2 /Users/mariopazmino/Documents/GitHub/Untitled/app/vendor/laravel/framework/src/Illuminate/Database/Schema/Blueprint.php(118): Illuminate\\Database\\Connection->statement('create table `p...')
#3 /Users/mariopazmino/Documents/GitHub/Untitled/app/vendor/laravel/framework/src/Illuminate/Database/Schema/Builder.php(564): Illuminate\\Database\\Schema\\Blueprint->build(Object(Illuminate\\Database\\MySqlConnection), Object(Illuminate\\Database\\Schema\\Grammars\\MySqlGrammar))
#4 /Users/mariopazmino/Documents/GitHub/Untitled/app/vendor/laravel/framework/src/Illuminate/Database/Schema/Builder.php(418): Illuminate\\Database\\Schema\\Builder->build(Object(Illuminate\\Database\\Schema\\Blueprint))
#5 /Users/mariopazmino/Documents/GitHub/Untitled/app/vendor/laravel/framework/src/Illuminate/Support/Facades/Facade.php(361): Illuminate\\Database\\Schema\\Builder->create('personal_access...', Object(Closure))
#6 /Users/mariopazmino/Documents/GitHub/Untitled/app/database/migrations/2026_04_20_185100_create_personal_access_tokens_table.php(14): Illuminate\\Support\\Facades\\Facade::__callStatic('create', Array)
#7 /Users/mariopazmino/Documents/GitHub/Untitled/app/vendor/laravel/framework/src/Illuminate/Database/Migrations/Migrator.php(507): Illuminate\\Database\\Migrations\\Migration@anonymous->up()
#8 /Users/mariopazmino/Documents/GitHub/Untitled/app/vendor/laravel/framework/src/Illuminate/Database/Migrations/Migrator.php(432): Illuminate\\Database\\Migrations\\Migrator->runMethod(Object(Illuminate\\Database\\MySqlConnection), Object(Illuminate\\Database\\Migrations\\Migration@anonymous), 'up')
#9 /Users/mariopazmino/Documents/GitHub/Untitled/app/vendor/laravel/framework/src/Illuminate/Database/Migrations/Migrator.php(441): Illuminate\\Database\\Migrations\\Migrator->Illuminate\\Database\\Migrations\\{closure}()
#10 /Users/mariopazmino/Documents/GitHub/Untitled/app/vendor/laravel/framework/src/Illuminate/Database/Migrations/Migrator.php(244): Illuminate\\Database\\Migrations\\Migrator->runMigration(Object(Illuminate\\Database\\Migrations\\Migration@anonymous), 'up')
#11 /Users/mariopazmino/Documents/GitHub/Untitled/app/vendor/laravel/framework/src/Illuminate/Console/View/Components/Task.php(40): Illuminate\\Database\\Migrations\\Migrator->Illuminate\\Database\\Migrations\\{closure}()
#12 /Users/mariopazmino/Documents/GitHub/Untitled/app/vendor/laravel/framework/src/Illuminate/Database/Migrations/Migrator.php(798): Illuminate\\Console\\View\\Components\\Task->render('2026_04_20_1851...', Object(Closure))
#13 /Users/mariopazmino/Documents/GitHub/Untitled/app/vendor/laravel/framework/src/Illuminate/Database/Migrations/Migrator.php(244): Illuminate\\Database\\Migrations\\Migrator->write('Illuminate\\\\Cons...', '2026_04_20_1851...', Object(Closure))
#14 /Users/mariopazmino/Documents/GitHub/Untitled/app/vendor/laravel/framework/src/Illuminate/Database/Migrations/Migrator.php(211): Illuminate\\Database\\Migrations\\Migrator->runUp('/Users/mariopaz...', 11, false)
#15 /Users/mariopazmino/Documents/GitHub/Untitled/app/vendor/laravel/framework/src/Illuminate/Database/Migrations/Migrator.php(138): Illuminate\\Database\\Migrations\\Migrator->runPending(Array, Array)
#16 /Users/mariopazmino/Documents/GitHub/Untitled/app/vendor/laravel/framework/src/Illuminate/Database/Console/Migrations/MigrateCommand.php(117): Illuminate\\Database\\Migrations\\Migrator->run(Array, Array)
#17 /Users/mariopazmino/Documents/GitHub/Untitled/app/vendor/laravel/framework/src/Illuminate/Database/Migrations/Migrator.php(658): Illuminate\\Database\\Console\\Migrations\\MigrateCommand->Illuminate\\Database\\Console\\Migrations\\{closure}()
#18 /Users/mariopazmino/Documents/GitHub/Untitled/app/vendor/laravel/framework/src/Illuminate/Database/Console/Migrations/MigrateCommand.php(110): Illuminate\\Database\\Migrations\\Migrator->usingConnection(NULL, Object(Closure))
#19 /Users/mariopazmino/Documents/GitHub/Untitled/app/vendor/laravel/framework/src/Illuminate/Database/Console/Migrations/MigrateCommand.php(89): Illuminate\\Database\\Console\\Migrations\\MigrateCommand->runMigrations()
#20 /Users/mariopazmino/Documents/GitHub/Untitled/app/vendor/laravel/framework/src/Illuminate/Container/BoundMethod.php(36): Illuminate\\Database\\Console\\Migrations\\MigrateCommand->handle()
#21 /Users/mariopazmino/Documents/GitHub/Untitled/app/vendor/laravel/framework/src/Illuminate/Container/Util.php(43): Illuminate\\Container\\BoundMethod::Illuminate\\Container\\{closure}()
#22 /Users/mariopazmino/Documents/GitHub/Untitled/app/vendor/laravel/framework/src/Illuminate/Container/BoundMethod.php(95): Illuminate\\Container\\Util::unwrapIfClosure(Object(Closure))
#23 /Users/mariopazmino/Documents/GitHub/Untitled/app/vendor/laravel/framework/src/Illuminate/Container/BoundMethod.php(35): Illuminate\\Container\\BoundMethod::callBoundMethod(Object(Illuminate\\Foundation\\Application), Array, Object(Closure))
#24 /Users/mariopazmino/Documents/GitHub/Untitled/app/vendor/laravel/framework/src/Illuminate/Container/Container.php(696): Illuminate\\Container\\BoundMethod::call(Object(Illuminate\\Foundation\\Application), Array, Array, NULL)
#25 /Users/mariopazmino/Documents/GitHub/Untitled/app/vendor/laravel/framework/src/Illuminate/Console/Command.php(213): Illuminate\\Container\\Container->call(Array)
#26 /Users/mariopazmino/Documents/GitHub/Untitled/app/vendor/symfony/console/Command/Command.php(341): Illuminate\\Console\\Command->execute(Object(Symfony\\Component\\Console\\Input\\ArgvInput), Object(Illuminate\\Console\\OutputStyle))
#27 /Users/mariopazmino/Documents/GitHub/Untitled/app/vendor/laravel/framework/src/Illuminate/Console/Command.php(182): Symfony\\Component\\Console\\Command\\Command->run(Object(Symfony\\Component\\Console\\Input\\ArgvInput), Object(Illuminate\\Console\\OutputStyle))
#28 /Users/mariopazmino/Documents/GitHub/Untitled/app/vendor/symfony/console/Application.php(1117): Illuminate\\Console\\Command->run(Object(Symfony\\Component\\Console\\Input\\ArgvInput), Object(Symfony\\Component\\Console\\Output\\ConsoleOutput))
#29 /Users/mariopazmino/Documents/GitHub/Untitled/app/vendor/symfony/console/Application.php(356): Symfony\\Component\\Console\\Application->doRunCommand(Object(Illuminate\\Database\\Console\\Migrations\\MigrateCommand), Object(Symfony\\Component\\Console\\Input\\ArgvInput), Object(Symfony\\Component\\Console\\Output\\ConsoleOutput))
#30 /Users/mariopazmino/Documents/GitHub/Untitled/app/vendor/symfony/console/Application.php(195): Symfony\\Component\\Console\\Application->doRun(Object(Symfony\\Component\\Console\\Input\\ArgvInput), Object(Symfony\\Component\\Console\\Output\\ConsoleOutput))
#31 /Users/mariopazmino/Documents/GitHub/Untitled/app/vendor/laravel/framework/src/Illuminate/Foundation/Console/Kernel.php(198): Symfony\\Component\\Console\\Application->run(Object(Symfony\\Component\\Console\\Input\\ArgvInput), Object(Symfony\\Component\\Console\\Output\\ConsoleOutput))
#32 /Users/mariopazmino/Documents/GitHub/Untitled/app/vendor/laravel/framework/src/Illuminate/Foundation/Application.php(1235): Illuminate\\Foundation\\Console\\Kernel->handle(Object(Symfony\\Component\\Console\\Input\\ArgvInput), Object(Symfony\\Component\\Console\\Output\\ConsoleOutput))
#33 /Users/mariopazmino/Documents/GitHub/Untitled/app/artisan(13): Illuminate\\Foundation\\Application->handleCommand(Object(Symfony\\Component\\Console\\Input\\ArgvInput))
#34 {main}

[previous exception] [object] (PDOException(code: 42S01): SQLSTATE[42S01]: Base table or view already exists: 1050 Table 'personal_access_tokens' already exists at /Users/mariopazmino/Documents/GitHub/Untitled/app/vendor/laravel/framework/src/Illuminate/Database/Connection.php:571)
[stacktrace]
#0 /Users/mariopazmino/Documents/GitHub/Untitled/app/vendor/laravel/framework/src/Illuminate/Database/Connection.php(571): PDOStatement->execute()
#1 /Users/mariopazmino/Documents/GitHub/Untitled/app/vendor/laravel/framework/src/Illuminate/Database/Connection.php(812): Illuminate\\Database\\Connection->Illuminate\\Database\\{closure}('create table `p...', Array)
#2 /Users/mariopazmino/Documents/GitHub/Untitled/app/vendor/laravel/framework/src/Illuminate/Database/Connection.php(779): Illuminate\\Database\\Connection->runQueryCallback('create table `p...', Array, Object(Closure))
#3 /Users/mariopazmino/Documents/GitHub/Untitled/app/vendor/laravel/framework/src/Illuminate/Database/Connection.php(560): Illuminate\\Database\\Connection->run('create table `p...', Array, Object(Closure))
#4 /Users/mariopazmino/Documents/GitHub/Untitled/app/vendor/laravel/framework/src/Illuminate/Database/Schema/Blueprint.php(118): Illuminate\\Database\\Connection->statement('create table `p...')
#5 /Users/mariopazmino/Documents/GitHub/Untitled/app/vendor/laravel/framework/src/Illuminate/Database/Schema/Builder.php(564): Illuminate\\Database\\Schema\\Blueprint->build(Object(Illuminate\\Database\\MySqlConnection), Object(Illuminate\\Database\\Schema\\Grammars\\MySqlGrammar))
#6 /Users/mariopazmino/Documents/GitHub/Untitled/app/vendor/laravel/framework/src/Illuminate/Database/Schema/Builder.php(418): Illuminate\\Database\\Schema\\Builder->build(Object(Illuminate\\Database\\Schema\\Blueprint))
#7 /Users/mariopazmino/Documents/GitHub/Untitled/app/vendor/laravel/framework/src/Illuminate/Support/Facades/Facade.php(361): Illuminate\\Database\\Schema\\Builder->create('personal_access...', Object(Closure))
#8 /Users/mariopazmino/Documents/GitHub/Untitled/app/database/migrations/2026_04_20_185100_create_personal_access_tokens_table.php(14): Illuminate\\Support\\Facades\\Facade::__callStatic('create', Array)
#9 /Users/mariopazmino/Documents/GitHub/Untitled/app/vendor/laravel/framework/src/Illuminate/Database/Migrations/Migrator.php(507): Illuminate\\Database\\Migrations\\Migration@anonymous->up()
#10 /Users/mariopazmino/Documents/GitHub/Untitled/app/vendor/laravel/framework/src/Illuminate/Database/Migrations/Migrator.php(432): Illuminate\\Database\\Migrations\\Migrator->runMethod(Object(Illuminate\\Database\\MySqlConnection), Object(Illuminate\\Database\\Migrations\\Migration@anonymous), 'up')
#11 /Users/mariopazmino/Documents/GitHub/Untitled/app/vendor/laravel/framework/src/Illuminate/Database/Migrations/Migrator.php(441): Illuminate\\Database\\Migrations\\Migrator->Illuminate\\Database\\Migrations\\{closure}()
#12 /Users/mariopazmino/Documents/GitHub/Untitled/app/vendor/laravel/framework/src/Illuminate/Database/Migrations/Migrator.php(244): Illuminate\\Database\\Migrations\\Migrator->runMigration(Object(Illuminate\\Database\\Migrations\\Migration@anonymous), 'up')
#13 /Users/mariopazmino/Documents/GitHub/Untitled/app/vendor/laravel/framework/src/Illuminate/Console/View/Components/Task.php(40): Illuminate\\Database\\Migrations\\Migrator->Illuminate\\Database\\Migrations\\{closure}()
#14 /Users/mariopazmino/Documents/GitHub/Untitled/app/vendor/laravel/framework/src/Illuminate/Database/Migrations/Migrator.php(798): Illuminate\\Console\\View\\Components\\Task->render('2026_04_20_1851...', Object(Closure))
#15 /Users/mariopazmino/Documents/GitHub/Untitled/app/vendor/laravel/framework/src/Illuminate/Database/Migrations/Migrator.php(244): Illuminate\\Database\\Migrations\\Migrator->write('Illuminate\\\\Cons...', '2026_04_20_1851...', Object(Closure))
#16 /Users/mariopazmino/Documents/GitHub/Untitled/app/vendor/laravel/framework/src/Illuminate/Database/Migrations/Migrator.php(211): Illuminate\\Database\\Migrations\\Migrator->runUp('/Users/mariopaz...', 11, false)
#17 /Users/mariopazmino/Documents/GitHub/Untitled/app/vendor/laravel/framework/src/Illuminate/Database/Migrations/Migrator.php(138): Illuminate\\Database\\Migrations\\Migrator->runPending(Array, Array)
#18 /Users/mariopazmino/Documents/GitHub/Untitled/app/vendor/laravel/framework/src/Illuminate/Database/Console/Migrations/MigrateCommand.php(117): Illuminate\\Database\\Migrations\\Migrator->run(Array, Array)
#19 /Users/mariopazmino/Documents/GitHub/Untitled/app/vendor/laravel/framework/src/Illuminate/Database/Migrations/Migrator.php(658): Illuminate\\Database\\Console\\Migrations\\MigrateCommand->Illuminate\\Database\\Console\\Migrations\\{closure}()
#20 /Users/mariopazmino/Documents/GitHub/Untitled/app/vendor/laravel/framework/src/Illuminate/Database/Console/Migrations/MigrateCommand.php(110): Illuminate\\Database\\Migrations\\Migrator->usingConnection(NULL, Object(Closure))
#21 /Users/mariopazmino/Documents/GitHub/Untitled/app/vendor/laravel/framework/src/Illuminate/Database/Console/Migrations/MigrateCommand.php(89): Illuminate\\Database\\Console\\Migrations\\MigrateCommand->runMigrations()
#22 /Users/mariopazmino/Documents/GitHub/Untitled/app/vendor/laravel/framework/src/Illuminate/Container/BoundMethod.php(36): Illuminate\\Database\\Console\\Migrations\\MigrateCommand->handle()
#23 /Users/mariopazmino/Documents/GitHub/Untitled/app/vendor/laravel/framework/src/Illuminate/Container/Util.php(43): Illuminate\\Container\\BoundMethod::Illuminate\\Container\\{closure}()
#24 /Users/mariopazmino/Documents/GitHub/Untitled/app/vendor/laravel/framework/src/Illuminate/Container/BoundMethod.php(95): Illuminate\\Container\\Util::unwrapIfClosure(Object(Closure))
#25 /Users/mariopazmino/Documents/GitHub/Untitled/app/vendor/laravel/framework/src/Illuminate/Container/BoundMethod.php(35): Illuminate\\Container\\BoundMethod::callBoundMethod(Object(Illuminate\\Foundation\\Application), Array, Object(Closure))
#26 /Users/mariopazmino/Documents/GitHub/Untitled/app/vendor/laravel/framework/src/Illuminate/Container/Container.php(696): Illuminate\\Container\\BoundMethod::call(Object(Illuminate\\Foundation\\Application), Array, Array, NULL)
#27 /Users/mariopazmino/Documents/GitHub/Untitled/app/vendor/laravel/framework/src/Illuminate/Console/Command.php(213): Illuminate\\Container\\Container->call(Array)
#28 /Users/mariopazmino/Documents/GitHub/Untitled/app/vendor/symfony/console/Command/Command.php(341): Illuminate\\Console\\Command->execute(Object(Symfony\\Component\\Console\\Input\\ArgvInput), Object(Illuminate\\Console\\OutputStyle))
#29 /Users/mariopazmino/Documents/GitHub/Untitled/app/vendor/laravel/framework/src/Illuminate/Console/Command.php(182): Symfony\\Component\\Console\\Command\\Command->run(Object(Symfony\\Component\\Console\\Input\\ArgvInput), Object(Illuminate\\Console\\OutputStyle))
#30 /Users/mariopazmino/Documents/GitHub/Untitled/app/vendor/symfony/console/Application.php(1117): Illuminate\\Console\\Command->run(Object(Symfony\\Component\\Console\\Input\\ArgvInput), Object(Symfony\\Component\\Console\\Output\\ConsoleOutput))
#31 /Users/mariopazmino/Documents/GitHub/Untitled/app/vendor/symfony/console/Application.php(356): Symfony\\Component\\Console\\Application->doRunCommand(Object(Illuminate\\Database\\Console\\Migrations\\MigrateCommand), Object(Symfony\\Component\\Console\\Input\\ArgvInput), Object(Symfony\\Component\\Console\\Output\\ConsoleOutput))
#32 /Users/mariopazmino/Documents/GitHub/Untitled/app/vendor/symfony/console/Application.php(195): Symfony\\Component\\Console\\Application->doRun(Object(Symfony\\Component\\Console\\Input\\ArgvInput), Object(Symfony\\Component\\Console\\Output\\ConsoleOutput))
#33 /Users/mariopazmino/Documents/GitHub/Untitled/app/vendor/laravel/framework/src/Illuminate/Foundation/Console/Kernel.php(198): Symfony\\Component\\Console\\Application->run(Object(Symfony\\Component\\Console\\Input\\ArgvInput), Object(Symfony\\Component\\Console\\Output\\ConsoleOutput))
#34 /Users/mariopazmino/Documents/GitHub/Untitled/app/vendor/laravel/framework/src/Illuminate/Foundation/Application.php(1235): Illuminate\\Foundation\\Console\\Kernel->handle(Object(Symfony\\Component\\Console\\Input\\ArgvInput), Object(Symfony\\Component\\Console\\Output\\ConsoleOutput))
#35 /Users/mariopazmino/Documents/GitHub/Untitled/app/artisan(13): Illuminate\\Foundation\\Application->handleCommand(Object(Symfony\\Component\\Console\\Input\\ArgvInput))
#36 {main}
"} 
[2026-04-20 19:33:41] local.ERROR: SQLSTATE[42S01]: Base table or view already exists: 1050 Table 'personal_access_tokens' already exists (Connection: mysql, SQL: create table `personal_access_tokens` (`id` bigint unsigned not null auto_increment primary key, `tokenable_type` varchar(255) not null, `tokenable_id` bigint unsigned not null, `name` text not null, `token` varchar(64) not null, `abilities` text null, `last_used_at` timestamp null, `expires_at` timestamp null, `created_at` timestamp null, `updated_at` timestamp null) default character set utf8mb4 collate 'utf8mb4_unicode_ci') {"exception":"[object] (Illuminate\\Database\\QueryException(code: 42S01): SQLSTATE[42S01]: Base table or view already exists: 1050 Table 'personal_access_tokens' already exists (Connection: mysql, SQL: create table `personal_access_tokens` (`id` bigint unsigned not null auto_increment primary key, `tokenable_type` varchar(255) not null, `tokenable_id` bigint unsigned not null, `name` text not null, `token` varchar(64) not null, `abilities` text null, `last_used_at` timestamp null, `expires_at` timestamp null, `created_at` timestamp null, `updated_at` timestamp null) default character set utf8mb4 collate 'utf8mb4_unicode_ci') at /Users/mariopazmino/Documents/GitHub/Untitled/app/vendor/laravel/framework/src/Illuminate/Database/Connection.php:825)
[stacktrace]
#0 /Users/mariopazmino/Documents/GitHub/Untitled/app/vendor/laravel/framework/src/Illuminate/Database/Connection.php(779): Illuminate\\Database\\Connection->runQueryCallback('create table `p...', Array, Object(Closure))
#1 /Users/mariopazmino/Documents/GitHub/Untitled/app/vendor/laravel/framework/src/Illuminate/Database/Connection.php(560): Illuminate\\Database\\Connection->run('create table `p...', Array, Object(Closure))
#2 /Users/mariopazmino/Documents/GitHub/Untitled/app/vendor/laravel/framework/src/Illuminate/Database/Schema/Blueprint.php(118): Illuminate\\Database\\Connection->statement('create table `p...')
#3 /Users/mariopazmino/Documents/GitHub/Untitled/app/vendor/laravel/framework/src/Illuminate/Database/Schema/Builder.php(564): Illuminate\\Database\\Schema\\Blueprint->build(Object(Illuminate\\Database\\MySqlConnection), Object(Illuminate\\Database\\Schema\\Grammars\\MySqlGrammar))
#4 /Users/mariopazmino/Documents/GitHub/Untitled/app/vendor/laravel/framework/src/Illuminate/Database/Schema/Builder.php(418): Illuminate\\Database\\Schema\\Builder->build(Object(Illuminate\\Database\\Schema\\Blueprint))
#5 /Users/mariopazmino/Documents/GitHub/Untitled/app/vendor/laravel/framework/src/Illuminate/Support/Facades/Facade.php(361): Illuminate\\Database\\Schema\\Builder->create('personal_access...', Object(Closure))
#6 /Users/mariopazmino/Documents/GitHub/Untitled/app/database/migrations/2026_04_20_185100_create_personal_access_tokens_table.php(14): Illuminate\\Support\\Facades\\Facade::__callStatic('create', Array)
#7 /Users/mariopazmino/Documents/GitHub/Untitled/app/vendor/laravel/framework/src/Illuminate/Database/Migrations/Migrator.php(507): Illuminate\\Database\\Migrations\\Migration@anonymous->up()
#8 /Users/mariopazmino/Documents/GitHub/Untitled/app/vendor/laravel/framework/src/Illuminate/Database/Migrations/Migrator.php(432): Illuminate\\Database\\Migrations\\Migrator->runMethod(Object(Illuminate\\Database\\MySqlConnection), Object(Illuminate\\Database\\Migrations\\Migration@anonymous), 'up')
#9 /Users/mariopazmino/Documents/GitHub/Untitled/app/vendor/laravel/framework/src/Illuminate/Database/Migrations/Migrator.php(441): Illuminate\\Database\\Migrations\\Migrator->Illuminate\\Database\\Migrations\\{closure}()
#10 /Users/mariopazmino/Documents/GitHub/Untitled/app/vendor/laravel/framework/src/Illuminate/Database/Migrations/Migrator.php(244): Illuminate\\Database\\Migrations\\Migrator->runMigration(Object(Illuminate\\Database\\Migrations\\Migration@anonymous), 'up')
#11 /Users/mariopazmino/Documents/GitHub/Untitled/app/vendor/laravel/framework/src/Illuminate/Console/View/Components/Task.php(40): Illuminate\\Database\\Migrations\\Migrator->Illuminate\\Database\\Migrations\\{closure}()
#12 /Users/mariopazmino/Documents/GitHub/Untitled/app/vendor/laravel/framework/src/Illuminate/Database/Migrations/Migrator.php(798): Illuminate\\Console\\View\\Components\\Task->render('2026_04_20_1851...', Object(Closure))
#13 /Users/mariopazmino/Documents/GitHub/Untitled/app/vendor/laravel/framework/src/Illuminate/Database/Migrations/Migrator.php(244): Illuminate\\Database\\Migrations\\Migrator->write('Illuminate\\\\Cons...', '2026_04_20_1851...', Object(Closure))
#14 /Users/mariopazmino/Documents/GitHub/Untitled/app/vendor/laravel/framework/src/Illuminate/Database/Migrations/Migrator.php(211): Illuminate\\Database\\Migrations\\Migrator->runUp('/Users/mariopaz...', 3, false)
#15 /Users/mariopazmino/Documents/GitHub/Untitled/app/vendor/laravel/framework/src/Illuminate/Database/Migrations/Migrator.php(138): Illuminate\\Database\\Migrations\\Migrator->runPending(Array, Array)
#16 /Users/mariopazmino/Documents/GitHub/Untitled/app/vendor/laravel/framework/src/Illuminate/Database/Console/Migrations/MigrateCommand.php(117): Illuminate\\Database\\Migrations\\Migrator->run(Array, Array)
#17 /Users/mariopazmino/Documents/GitHub/Untitled/app/vendor/laravel/framework/src/Illuminate/Database/Migrations/Migrator.php(658): Illuminate\\Database\\Console\\Migrations\\MigrateCommand->Illuminate\\Database\\Console\\Migrations\\{closure}()
#18 /Users/mariopazmino/Documents/GitHub/Untitled/app/vendor/laravel/framework/src/Illuminate/Database/Console/Migrations/MigrateCommand.php(110): Illuminate\\Database\\Migrations\\Migrator->usingConnection(NULL, Object(Closure))
#19 /Users/mariopazmino/Documents/GitHub/Untitled/app/vendor/laravel/framework/src/Illuminate/Database/Console/Migrations/MigrateCommand.php(89): Illuminate\\Database\\Console\\Migrations\\MigrateCommand->runMigrations()
#20 /Users/mariopazmino/Documents/GitHub/Untitled/app/vendor/laravel/framework/src/Illuminate/Container/BoundMethod.php(36): Illuminate\\Database\\Console\\Migrations\\MigrateCommand->handle()
#21 /Users/mariopazmino/Documents/GitHub/Untitled/app/vendor/laravel/framework/src/Illuminate/Container/Util.php(43): Illuminate\\Container\\BoundMethod::Illuminate\\Container\\{closure}()
#22 /Users/mariopazmino/Documents/GitHub/Untitled/app/vendor/laravel/framework/src/Illuminate/Container/BoundMethod.php(95): Illuminate\\Container\\Util::unwrapIfClosure(Object(Closure))
#23 /Users/mariopazmino/Documents/GitHub/Untitled/app/vendor/laravel/framework/src/Illuminate/Container/BoundMethod.php(35): Illuminate\\Container\\BoundMethod::callBoundMethod(Object(Illuminate\\Foundation\\Application), Array, Object(Closure))
#24 /Users/mariopazmino/Documents/GitHub/Untitled/app/vendor/laravel/framework/src/Illuminate/Container/Container.php(696): Illuminate\\Container\\BoundMethod::call(Object(Illuminate\\Foundation\\Application), Array, Array, NULL)
#25 /Users/mariopazmino/Documents/GitHub/Untitled/app/vendor/laravel/framework/src/Illuminate/Console/Command.php(213): Illuminate\\Container\\Container->call(Array)
#26 /Users/mariopazmino/Documents/GitHub/Untitled/app/vendor/symfony/console/Command/Command.php(341): Illuminate\\Console\\Command->execute(Object(Symfony\\Component\\Console\\Input\\ArgvInput), Object(Illuminate\\Console\\OutputStyle))
#27 /Users/mariopazmino/Documents/GitHub/Untitled/app/vendor/laravel/framework/src/Illuminate/Console/Command.php(182): Symfony\\Component\\Console\\Command\\Command->run(Object(Symfony\\Component\\Console\\Input\\ArgvInput), Object(Illuminate\\Console\\OutputStyle))
#28 /Users/mariopazmino/Documents/GitHub/Untitled/app/vendor/symfony/console/Application.php(1117): Illuminate\\Console\\Command->run(Object(Symfony\\Component\\Console\\Input\\ArgvInput), Object(Symfony\\Component\\Console\\Output\\ConsoleOutput))
#29 /Users/mariopazmino/Documents/GitHub/Untitled/app/vendor/symfony/console/Application.php(356): Symfony\\Component\\Console\\Application->doRunCommand(Object(Illuminate\\Database\\Console\\Migrations\\MigrateCommand), Object(Symfony\\Component\\Console\\Input\\ArgvInput), Object(Symfony\\Component\\Console\\Output\\ConsoleOutput))
#30 /Users/mariopazmino/Documents/GitHub/Untitled/app/vendor/symfony/console/Application.php(195): Symfony\\Component\\Console\\Application->doRun(Object(Symfony\\Component\\Console\\Input\\ArgvInput), Object(Symfony\\Component\\Console\\Output\\ConsoleOutput))
#31 /Users/mariopazmino/Documents/GitHub/Untitled/app/vendor/laravel/framework/src/Illuminate/Foundation/Console/Kernel.php(198): Symfony\\Component\\Console\\Application->run(Object(Symfony\\Component\\Console\\Input\\ArgvInput), Object(Symfony\\Component\\Console\\Output\\ConsoleOutput))
#32 /Users/mariopazmino/Documents/GitHub/Untitled/app/vendor/laravel/framework/src/Illuminate/Foundation/Application.php(1235): Illuminate\\Foundation\\Console\\Kernel->handle(Object(Symfony\\Component\\Console\\Input\\ArgvInput), Object(Symfony\\Component\\Console\\Output\\ConsoleOutput))
#33 /Users/mariopazmino/Documents/GitHub/Untitled/app/artisan(13): Illuminate\\Foundation\\Application->handleCommand(Object(Symfony\\Component\\Console\\Input\\ArgvInput))
#34 {main}

[previous exception] [object] (PDOException(code: 42S01): SQLSTATE[42S01]: Base table or view already exists: 1050 Table 'personal_access_tokens' already exists at /Users/mariopazmino/Documents/GitHub/Untitled/app/vendor/laravel/framework/src/Illuminate/Database/Connection.php:571)
[stacktrace]
#0 /Users/mariopazmino/Documents/GitHub/Untitled/app/vendor/laravel/framework/src/Illuminate/Database/Connection.php(571): PDOStatement->execute()
#1 /Users/mariopazmino/Documents/GitHub/Untitled/app/vendor/laravel/framework/src/Illuminate/Database/Connection.php(812): Illuminate\\Database\\Connection->Illuminate\\Database\\{closure}('create table `p...', Array)
#2 /Users/mariopazmino/Documents/GitHub/Untitled/app/vendor/laravel/framework/src/Illuminate/Database/Connection.php(779): Illuminate\\Database\\Connection->runQueryCallback('create table `p...', Array, Object(Closure))
#3 /Users/mariopazmino/Documents/GitHub/Untitled/app/vendor/laravel/framework/src/Illuminate/Database/Connection.php(560): Illuminate\\Database\\Connection->run('create table `p...', Array, Object(Closure))
#4 /Users/mariopazmino/Documents/GitHub/Untitled/app/vendor/laravel/framework/src/Illuminate/Database/Schema/Blueprint.php(118): Illuminate\\Database\\Connection->statement('create table `p...')
#5 /Users/mariopazmino/Documents/GitHub/Untitled/app/vendor/laravel/framework/src/Illuminate/Database/Schema/Builder.php(564): Illuminate\\Database\\Schema\\Blueprint->build(Object(Illuminate\\Database\\MySqlConnection), Object(Illuminate\\Database\\Schema\\Grammars\\MySqlGrammar))
#6 /Users/mariopazmino/Documents/GitHub/Untitled/app/vendor/laravel/framework/src/Illuminate/Database/Schema/Builder.php(418): Illuminate\\Database\\Schema\\Builder->build(Object(Illuminate\\Database\\Schema\\Blueprint))
#7 /Users/mariopazmino/Documents/GitHub/Untitled/app/vendor/laravel/framework/src/Illuminate/Support/Facades/Facade.php(361): Illuminate\\Database\\Schema\\Builder->create('personal_access...', Object(Closure))
#8 /Users/mariopazmino/Documents/GitHub/Untitled/app/database/migrations/2026_04_20_185100_create_personal_access_tokens_table.php(14): Illuminate\\Support\\Facades\\Facade::__callStatic('create', Array)
#9 /Users/mariopazmino/Documents/GitHub/Untitled/app/vendor/laravel/framework/src/Illuminate/Database/Migrations/Migrator.php(507): Illuminate\\Database\\Migrations\\Migration@anonymous->up()
#10 /Users/mariopazmino/Documents/GitHub/Untitled/app/vendor/laravel/framework/src/Illuminate/Database/Migrations/Migrator.php(432): Illuminate\\Database\\Migrations\\Migrator->runMethod(Object(Illuminate\\Database\\MySqlConnection), Object(Illuminate\\Database\\Migrations\\Migration@anonymous), 'up')
#11 /Users/mariopazmino/Documents/GitHub/Untitled/app/vendor/laravel/framework/src/Illuminate/Database/Migrations/Migrator.php(441): Illuminate\\Database\\Migrations\\Migrator->Illuminate\\Database\\Migrations\\{closure}()
#12 /Users/mariopazmino/Documents/GitHub/Untitled/app/vendor/laravel/framework/src/Illuminate/Database/Migrations/Migrator.php(244): Illuminate\\Database\\Migrations\\Migrator->runMigration(Object(Illuminate\\Database\\Migrations\\Migration@anonymous), 'up')
#13 /Users/mariopazmino/Documents/GitHub/Untitled/app/vendor/laravel/framework/src/Illuminate/Console/View/Components/Task.php(40): Illuminate\\Database\\Migrations\\Migrator->Illuminate\\Database\\Migrations\\{closure}()
#14 /Users/mariopazmino/Documents/GitHub/Untitled/app/vendor/laravel/framework/src/Illuminate/Database/Migrations/Migrator.php(798): Illuminate\\Console\\View\\Components\\Task->render('2026_04_20_1851...', Object(Closure))
#15 /Users/mariopazmino/Documents/GitHub/Untitled/app/vendor/laravel/framework/src/Illuminate/Database/Migrations/Migrator.php(244): Illuminate\\Database\\Migrations\\Migrator->write('Illuminate\\\\Cons...', '2026_04_20_1851...', Object(Closure))
#16 /Users/mariopazmino/Documents/GitHub/Untitled/app/vendor/laravel/framework/src/Illuminate/Database/Migrations/Migrator.php(211): Illuminate\\Database\\Migrations\\Migrator->runUp('/Users/mariopaz...', 3, false)
#17 /Users/mariopazmino/Documents/GitHub/Untitled/app/vendor/laravel/framework/src/Illuminate/Database/Migrations/Migrator.php(138): Illuminate\\Database\\Migrations\\Migrator->runPending(Array, Array)
#18 /Users/mariopazmino/Documents/GitHub/Untitled/app/vendor/laravel/framework/src/Illuminate/Database/Console/Migrations/MigrateCommand.php(117): Illuminate\\Database\\Migrations\\Migrator->run(Array, Array)
#19 /Users/mariopazmino/Documents/GitHub/Untitled/app/vendor/laravel/framework/src/Illuminate/Database/Migrations/Migrator.php(658): Illuminate\\Database\\Console\\Migrations\\MigrateCommand->Illuminate\\Database\\Console\\Migrations\\{closure}()
#20 /Users/mariopazmino/Documents/GitHub/Untitled/app/vendor/laravel/framework/src/Illuminate/Database/Console/Migrations/MigrateCommand.php(110): Illuminate\\Database\\Migrations\\Migrator->usingConnection(NULL, Object(Closure))
#21 /Users/mariopazmino/Documents/GitHub/Untitled/app/vendor/laravel/framework/src/Illuminate/Database/Console/Migrations/MigrateCommand.php(89): Illuminate\\Database\\Console\\Migrations\\MigrateCommand->runMigrations()
#22 /Users/mariopazmino/Documents/GitHub/Untitled/app/vendor/laravel/framework/src/Illuminate/Container/BoundMethod.php(36): Illuminate\\Database\\Console\\Migrations\\MigrateCommand->handle()
#23 /Users/mariopazmino/Documents/GitHub/Untitled/app/vendor/laravel/framework/src/Illuminate/Container/Util.php(43): Illuminate\\Container\\BoundMethod::Illuminate\\Container\\{closure}()
#24 /Users/mariopazmino/Documents/GitHub/Untitled/app/vendor/laravel/framework/src/Illuminate/Container/BoundMethod.php(95): Illuminate\\Container\\Util::unwrapIfClosure(Object(Closure))
#25 /Users/mariopazmino/Documents/GitHub/Untitled/app/vendor/laravel/framework/src/Illuminate/Container/BoundMethod.php(35): Illuminate\\Container\\BoundMethod::callBoundMethod(Object(Illuminate\\Foundation\\Application), Array, Object(Closure))
#26 /Users/mariopazmino/Documents/GitHub/Untitled/app/vendor/laravel/framework/src/Illuminate/Container/Container.php(696): Illuminate\\Container\\BoundMethod::call(Object(Illuminate\\Foundation\\Application), Array, Array, NULL)
#27 /Users/mariopazmino/Documents/GitHub/Untitled/app/vendor/laravel/framework/src/Illuminate/Console/Command.php(213): Illuminate\\Container\\Container->call(Array)
#28 /Users/mariopazmino/Documents/GitHub/Untitled/app/vendor/symfony/console/Command/Command.php(341): Illuminate\\Console\\Command->execute(Object(Symfony\\Component\\Console\\Input\\ArgvInput), Object(Illuminate\\Console\\OutputStyle))
#29 /Users/mariopazmino/Documents/GitHub/Untitled/app/vendor/laravel/framework/src/Illuminate/Console/Command.php(182): Symfony\\Component\\Console\\Command\\Command->run(Object(Symfony\\Component\\Console\\Input\\ArgvInput), Object(Illuminate\\Console\\OutputStyle))
#30 /Users/mariopazmino/Documents/GitHub/Untitled/app/vendor/symfony/console/Application.php(1117): Illuminate\\Console\\Command->run(Object(Symfony\\Component\\Console\\Input\\ArgvInput), Object(Symfony\\Component\\Console\\Output\\ConsoleOutput))
#31 /Users/mariopazmino/Documents/GitHub/Untitled/app/vendor/symfony/console/Application.php(356): Symfony\\Component\\Console\\Application->doRunCommand(Object(Illuminate\\Database\\Console\\Migrations\\MigrateCommand), Object(Symfony\\Component\\Console\\Input\\ArgvInput), Object(Symfony\\Component\\Console\\Output\\ConsoleOutput))
#32 /Users/mariopazmino/Documents/GitHub/Untitled/app/vendor/symfony/console/Application.php(195): Symfony\\Component\\Console\\Application->doRun(Object(Symfony\\Component\\Console\\Input\\ArgvInput), Object(Symfony\\Component\\Console\\Output\\ConsoleOutput))
#33 /Users/mariopazmino/Documents/GitHub/Untitled/app/vendor/laravel/framework/src/Illuminate/Foundation/Console/Kernel.php(198): Symfony\\Component\\Console\\Application->run(Object(Symfony\\Component\\Console\\Input\\ArgvInput), Object(Symfony\\Component\\Console\\Output\\ConsoleOutput))
#34 /Users/mariopazmino/Documents/GitHub/Untitled/app/vendor/laravel/framework/src/Illuminate/Foundation/Application.php(1235): Illuminate\\Foundation\\Console\\Kernel->handle(Object(Symfony\\Component\\Console\\Input\\ArgvInput), Object(Symfony\\Component\\Console\\Output\\ConsoleOutput))
#35 /Users/mariopazmino/Documents/GitHub/Untitled/app/artisan(13): Illuminate\\Foundation\\Application->handleCommand(Object(Symfony\\Component\\Console\\Input\\ArgvInput))
#36 {main}
"} 
[2026-04-20 19:33:51] local.ERROR: SQLSTATE[42S01]: Base table or view already exists: 1050 Table 'personal_access_tokens' already exists (Connection: mysql, SQL: create table `personal_access_tokens` (`id` bigint unsigned not null auto_increment primary key, `tokenable_type` varchar(255) not null, `tokenable_id` bigint unsigned not null, `name` text not null, `token` varchar(64) not null, `abilities` text null, `last_used_at` timestamp null, `expires_at` timestamp null, `created_at` timestamp null, `updated_at` timestamp null) default character set utf8mb4 collate 'utf8mb4_unicode_ci') {"exception":"[object] (Illuminate\\Database\\QueryException(code: 42S01): SQLSTATE[42S01]: Base table or view already exists: 1050 Table 'personal_access_tokens' already exists (Connection: mysql, SQL: create table `personal_access_tokens` (`id` bigint unsigned not null auto_increment primary key, `tokenable_type` varchar(255) not null, `tokenable_id` bigint unsigned not null, `name` text not null, `token` varchar(64) not null, `abilities` text null, `last_used_at` timestamp null, `expires_at` timestamp null, `created_at` timestamp null, `updated_at` timestamp null) default character set utf8mb4 collate 'utf8mb4_unicode_ci') at /Users/mariopazmino/Documents/GitHub/Untitled/app/vendor/laravel/framework/src/Illuminate/Database/Connection.php:825)
[stacktrace]
#0 /Users/mariopazmino/Documents/GitHub/Untitled/app/vendor/laravel/framework/src/Illuminate/Database/Connection.php(779): Illuminate\\Database\\Connection->runQueryCallback('create table `p...', Array, Object(Closure))
#1 /Users/mariopazmino/Documents/GitHub/Untitled/app/vendor/laravel/framework/src/Illuminate/Database/Connection.php(560): Illuminate\\Database\\Connection->run('create table `p...', Array, Object(Closure))
#2 /Users/mariopazmino/Documents/GitHub/Untitled/app/vendor/laravel/framework/src/Illuminate/Database/Schema/Blueprint.php(118): Illuminate\\Database\\Connection->statement('create table `p...')
#3 /Users/mariopazmino/Documents/GitHub/Untitled/app/vendor/laravel/framework/src/Illuminate/Database/Schema/Builder.php(564): Illuminate\\Database\\Schema\\Blueprint->build(Object(Illuminate\\Database\\MySqlConnection), Object(Illuminate\\Database\\Schema\\Grammars\\MySqlGrammar))
#4 /Users/mariopazmino/Documents/GitHub/Untitled/app/vendor/laravel/framework/src/Illuminate/Database/Schema/Builder.php(418): Illuminate\\Database\\Schema\\Builder->build(Object(Illuminate\\Database\\Schema\\Blueprint))
#5 /Users/mariopazmino/Documents/GitHub/Untitled/app/vendor/laravel/framework/src/Illuminate/Support/Facades/Facade.php(361): Illuminate\\Database\\Schema\\Builder->create('personal_access...', Object(Closure))
#6 /Users/mariopazmino/Documents/GitHub/Untitled/app/database/migrations/2026_04_20_185100_create_personal_access_tokens_table.php(14): Illuminate\\Support\\Facades\\Facade::__callStatic('create', Array)
#7 /Users/mariopazmino/Documents/GitHub/Untitled/app/vendor/laravel/framework/src/Illuminate/Database/Migrations/Migrator.php(507): Illuminate\\Database\\Migrations\\Migration@anonymous->up()
#8 /Users/mariopazmino/Documents/GitHub/Untitled/app/vendor/laravel/framework/src/Illuminate/Database/Migrations/Migrator.php(432): Illuminate\\Database\\Migrations\\Migrator->runMethod(Object(Illuminate\\Database\\MySqlConnection), Object(Illuminate\\Database\\Migrations\\Migration@anonymous), 'up')
#9 /Users/mariopazmino/Documents/GitHub/Untitled/app/vendor/laravel/framework/src/Illuminate/Database/Migrations/Migrator.php(441): Illuminate\\Database\\Migrations\\Migrator->Illuminate\\Database\\Migrations\\{closure}()
#10 /Users/mariopazmino/Documents/GitHub/Untitled/app/vendor/laravel/framework/src/Illuminate/Database/Migrations/Migrator.php(244): Illuminate\\Database\\Migrations\\Migrator->runMigration(Object(Illuminate\\Database\\Migrations\\Migration@anonymous), 'up')
#11 /Users/mariopazmino/Documents/GitHub/Untitled/app/vendor/laravel/framework/src/Illuminate/Console/View/Components/Task.php(40): Illuminate\\Database\\Migrations\\Migrator->Illuminate\\Database\\Migrations\\{closure}()
#12 /Users/mariopazmino/Documents/GitHub/Untitled/app/vendor/laravel/framework/src/Illuminate/Database/Migrations/Migrator.php(798): Illuminate\\Console\\View\\Components\\Task->render('2026_04_20_1851...', Object(Closure))
#13 /Users/mariopazmino/Documents/GitHub/Untitled/app/vendor/laravel/framework/src/Illuminate/Database/Migrations/Migrator.php(244): Illuminate\\Database\\Migrations\\Migrator->write('Illuminate\\\\Cons...', '2026_04_20_1851...', Object(Closure))
#14 /Users/mariopazmino/Documents/GitHub/Untitled/app/vendor/laravel/framework/src/Illuminate/Database/Migrations/Migrator.php(211): Illuminate\\Database\\Migrations\\Migrator->runUp('/Users/mariopaz...', 12, false)
#15 /Users/mariopazmino/Documents/GitHub/Untitled/app/vendor/laravel/framework/src/Illuminate/Database/Migrations/Migrator.php(138): Illuminate\\Database\\Migrations\\Migrator->runPending(Array, Array)
#16 /Users/mariopazmino/Documents/GitHub/Untitled/app/vendor/laravel/framework/src/Illuminate/Database/Console/Migrations/MigrateCommand.php(117): Illuminate\\Database\\Migrations\\Migrator->run(Array, Array)
#17 /Users/mariopazmino/Documents/GitHub/Untitled/app/vendor/laravel/framework/src/Illuminate/Database/Migrations/Migrator.php(658): Illuminate\\Database\\Console\\Migrations\\MigrateCommand->Illuminate\\Database\\Console\\Migrations\\{closure}()
#18 /Users/mariopazmino/Documents/GitHub/Untitled/app/vendor/laravel/framework/src/Illuminate/Database/Console/Migrations/MigrateCommand.php(110): Illuminate\\Database\\Migrations\\Migrator->usingConnection(NULL, Object(Closure))
#19 /Users/mariopazmino/Documents/GitHub/Untitled/app/vendor/laravel/framework/src/Illuminate/Database/Console/Migrations/MigrateCommand.php(89): Illuminate\\Database\\Console\\Migrations\\MigrateCommand->runMigrations()
#20 /Users/mariopazmino/Documents/GitHub/Untitled/app/vendor/laravel/framework/src/Illuminate/Container/BoundMethod.php(36): Illuminate\\Database\\Console\\Migrations\\MigrateCommand->handle()
#21 /Users/mariopazmino/Documents/GitHub/Untitled/app/vendor/laravel/framework/src/Illuminate/Container/Util.php(43): Illuminate\\Container\\BoundMethod::Illuminate\\Container\\{closure}()
#22 /Users/mariopazmino/Documents/GitHub/Untitled/app/vendor/laravel/framework/src/Illuminate/Container/BoundMethod.php(95): Illuminate\\Container\\Util::unwrapIfClosure(Object(Closure))
#23 /Users/mariopazmino/Documents/GitHub/Untitled/app/vendor/laravel/framework/src/Illuminate/Container/BoundMethod.php(35): Illuminate\\Container\\BoundMethod::callBoundMethod(Object(Illuminate\\Foundation\\Application), Array, Object(Closure))
#24 /Users/mariopazmino/Documents/GitHub/Untitled/app/vendor/laravel/framework/src/Illuminate/Container/Container.php(696): Illuminate\\Container\\BoundMethod::call(Object(Illuminate\\Foundation\\Application), Array, Array, NULL)
#25 /Users/mariopazmino/Documents/GitHub/Untitled/app/vendor/laravel/framework/src/Illuminate/Console/Command.php(213): Illuminate\\Container\\Container->call(Array)
#26 /Users/mariopazmino/Documents/GitHub/Untitled/app/vendor/symfony/console/Command/Command.php(341): Illuminate\\Console\\Command->execute(Object(Symfony\\Component\\Console\\Input\\ArgvInput), Object(Illuminate\\Console\\OutputStyle))
#27 /Users/mariopazmino/Documents/GitHub/Untitled/app/vendor/laravel/framework/src/Illuminate/Console/Command.php(182): Symfony\\Component\\Console\\Command\\Command->run(Object(Symfony\\Component\\Console\\Input\\ArgvInput), Object(Illuminate\\Console\\OutputStyle))
#28 /Users/mariopazmino/Documents/GitHub/Untitled/app/vendor/symfony/console/Application.php(1117): Illuminate\\Console\\Command->run(Object(Symfony\\Component\\Console\\Input\\ArgvInput), Object(Symfony\\Component\\Console\\Output\\ConsoleOutput))
#29 /Users/mariopazmino/Documents/GitHub/Untitled/app/vendor/symfony/console/Application.php(356): Symfony\\Component\\Console\\Application->doRunCommand(Object(Illuminate\\Database\\Console\\Migrations\\MigrateCommand), Object(Symfony\\Component\\Console\\Input\\ArgvInput), Object(Symfony\\Component\\Console\\Output\\ConsoleOutput))
#30 /Users/mariopazmino/Documents/GitHub/Untitled/app/vendor/symfony/console/Application.php(195): Symfony\\Component\\Console\\Application->doRun(Object(Symfony\\Component\\Console\\Input\\ArgvInput), Object(Symfony\\Component\\Console\\Output\\ConsoleOutput))
#31 /Users/mariopazmino/Documents/GitHub/Untitled/app/vendor/laravel/framework/src/Illuminate/Foundation/Console/Kernel.php(198): Symfony\\Component\\Console\\Application->run(Object(Symfony\\Component\\Console\\Input\\ArgvInput), Object(Symfony\\Component\\Console\\Output\\ConsoleOutput))
#32 /Users/mariopazmino/Documents/GitHub/Untitled/app/vendor/laravel/framework/src/Illuminate/Foundation/Application.php(1235): Illuminate\\Foundation\\Console\\Kernel->handle(Object(Symfony\\Component\\Console\\Input\\ArgvInput), Object(Symfony\\Component\\Console\\Output\\ConsoleOutput))
#33 /Users/mariopazmino/Documents/GitHub/Untitled/app/artisan(13): Illuminate\\Foundation\\Application->handleCommand(Object(Symfony\\Component\\Console\\Input\\ArgvInput))
#34 {main}

[previous exception] [object] (PDOException(code: 42S01): SQLSTATE[42S01]: Base table or view already exists: 1050 Table 'personal_access_tokens' already exists at /Users/mariopazmino/Documents/GitHub/Untitled/app/vendor/laravel/framework/src/Illuminate/Database/Connection.php:571)
[stacktrace]
#0 /Users/mariopazmino/Documents/GitHub/Untitled/app/vendor/laravel/framework/src/Illuminate/Database/Connection.php(571): PDOStatement->execute()
#1 /Users/mariopazmino/Documents/GitHub/Untitled/app/vendor/laravel/framework/src/Illuminate/Database/Connection.php(812): Illuminate\\Database\\Connection->Illuminate\\Database\\{closure}('create table `p...', Array)
#2 /Users/mariopazmino/Documents/GitHub/Untitled/app/vendor/laravel/framework/src/Illuminate/Database/Connection.php(779): Illuminate\\Database\\Connection->runQueryCallback('create table `p...', Array, Object(Closure))
#3 /Users/mariopazmino/Documents/GitHub/Untitled/app/vendor/laravel/framework/src/Illuminate/Database/Connection.php(560): Illuminate\\Database\\Connection->run('create table `p...', Array, Object(Closure))
#4 /Users/mariopazmino/Documents/GitHub/Untitled/app/vendor/laravel/framework/src/Illuminate/Database/Schema/Blueprint.php(118): Illuminate\\Database\\Connection->statement('create table `p...')
#5 /Users/mariopazmino/Documents/GitHub/Untitled/app/vendor/laravel/framework/src/Illuminate/Database/Schema/Builder.php(564): Illuminate\\Database\\Schema\\Blueprint->build(Object(Illuminate\\Database\\MySqlConnection), Object(Illuminate\\Database\\Schema\\Grammars\\MySqlGrammar))
#6 /Users/mariopazmino/Documents/GitHub/Untitled/app/vendor/laravel/framework/src/Illuminate/Database/Schema/Builder.php(418): Illuminate\\Database\\Schema\\Builder->build(Object(Illuminate\\Database\\Schema\\Blueprint))
#7 /Users/mariopazmino/Documents/GitHub/Untitled/app/vendor/laravel/framework/src/Illuminate/Support/Facades/Facade.php(361): Illuminate\\Database\\Schema\\Builder->create('personal_access...', Object(Closure))
#8 /Users/mariopazmino/Documents/GitHub/Untitled/app/database/migrations/2026_04_20_185100_create_personal_access_tokens_table.php(14): Illuminate\\Support\\Facades\\Facade::__callStatic('create', Array)
#9 /Users/mariopazmino/Documents/GitHub/Untitled/app/vendor/laravel/framework/src/Illuminate/Database/Migrations/Migrator.php(507): Illuminate\\Database\\Migrations\\Migration@anonymous->up()
#10 /Users/mariopazmino/Documents/GitHub/Untitled/app/vendor/laravel/framework/src/Illuminate/Database/Migrations/Migrator.php(432): Illuminate\\Database\\Migrations\\Migrator->runMethod(Object(Illuminate\\Database\\MySqlConnection), Object(Illuminate\\Database\\Migrations\\Migration@anonymous), 'up')
#11 /Users/mariopazmino/Documents/GitHub/Untitled/app/vendor/laravel/framework/src/Illuminate/Database/Migrations/Migrator.php(441): Illuminate\\Database\\Migrations\\Migrator->Illuminate\\Database\\Migrations\\{closure}()
#12 /Users/mariopazmino/Documents/GitHub/Untitled/app/vendor/laravel/framework/src/Illuminate/Database/Migrations/Migrator.php(244): Illuminate\\Database\\Migrations\\Migrator->runMigration(Object(Illuminate\\Database\\Migrations\\Migration@anonymous), 'up')
#13 /Users/mariopazmino/Documents/GitHub/Untitled/app/vendor/laravel/framework/src/Illuminate/Console/View/Components/Task.php(40): Illuminate\\Database\\Migrations\\Migrator->Illuminate\\Database\\Migrations\\{closure}()
#14 /Users/mariopazmino/Documents/GitHub/Untitled/app/vendor/laravel/framework/src/Illuminate/Database/Migrations/Migrator.php(798): Illuminate\\Console\\View\\Components\\Task->render('2026_04_20_1851...', Object(Closure))
#15 /Users/mariopazmino/Documents/GitHub/Untitled/app/vendor/laravel/framework/src/Illuminate/Database/Migrations/Migrator.php(244): Illuminate\\Database\\Migrations\\Migrator->write('Illuminate\\\\Cons...', '2026_04_20_1851...', Object(Closure))
#16 /Users/mariopazmino/Documents/GitHub/Untitled/app/vendor/laravel/framework/src/Illuminate/Database/Migrations/Migrator.php(211): Illuminate\\Database\\Migrations\\Migrator->runUp('/Users/mariopaz...', 12, false)
#17 /Users/mariopazmino/Documents/GitHub/Untitled/app/vendor/laravel/framework/src/Illuminate/Database/Migrations/Migrator.php(138): Illuminate\\Database\\Migrations\\Migrator->runPending(Array, Array)
#18 /Users/mariopazmino/Documents/GitHub/Untitled/app/vendor/laravel/framework/src/Illuminate/Database/Console/Migrations/MigrateCommand.php(117): Illuminate\\Database\\Migrations\\Migrator->run(Array, Array)
#19 /Users/mariopazmino/Documents/GitHub/Untitled/app/vendor/laravel/framework/src/Illuminate/Database/Migrations/Migrator.php(658): Illuminate\\Database\\Console\\Migrations\\MigrateCommand->Illuminate\\Database\\Console\\Migrations\\{closure}()
#20 /Users/mariopazmino/Documents/GitHub/Untitled/app/vendor/laravel/framework/src/Illuminate/Database/Console/Migrations/MigrateCommand.php(110): Illuminate\\Database\\Migrations\\Migrator->usingConnection(NULL, Object(Closure))
#21 /Users/mariopazmino/Documents/GitHub/Untitled/app/vendor/laravel/framework/src/Illuminate/Database/Console/Migrations/MigrateCommand.php(89): Illuminate\\Database\\Console\\Migrations\\MigrateCommand->runMigrations()
#22 /Users/mariopazmino/Documents/GitHub/Untitled/app/vendor/laravel/framework/src/Illuminate/Container/BoundMethod.php(36): Illuminate\\Database\\Console\\Migrations\\MigrateCommand->handle()
#23 /Users/mariopazmino/Documents/GitHub/Untitled/app/vendor/laravel/framework/src/Illuminate/Container/Util.php(43): Illuminate\\Container\\BoundMethod::Illuminate\\Container\\{closure}()
#24 /Users/mariopazmino/Documents/GitHub/Untitled/app/vendor/laravel/framework/src/Illuminate/Container/BoundMethod.php(95): Illuminate\\Container\\Util::unwrapIfClosure(Object(Closure))
#25 /Users/mariopazmino/Documents/GitHub/Untitled/app/vendor/laravel/framework/src/Illuminate/Container/BoundMethod.php(35): Illuminate\\Container\\BoundMethod::callBoundMethod(Object(Illuminate\\Foundation\\Application), Array, Object(Closure))
#26 /Users/mariopazmino/Documents/GitHub/Untitled/app/vendor/laravel/framework/src/Illuminate/Container/Container.php(696): Illuminate\\Container\\BoundMethod::call(Object(Illuminate\\Foundation\\Application), Array, Array, NULL)
#27 /Users/mariopazmino/Documents/GitHub/Untitled/app/vendor/laravel/framework/src/Illuminate/Console/Command.php(213): Illuminate\\Container\\Container->call(Array)
#28 /Users/mariopazmino/Documents/GitHub/Untitled/app/vendor/symfony/console/Command/Command.php(341): Illuminate\\Console\\Command->execute(Object(Symfony\\Component\\Console\\Input\\ArgvInput), Object(Illuminate\\Console\\OutputStyle))
#29 /Users/mariopazmino/Documents/GitHub/Untitled/app/vendor/laravel/framework/src/Illuminate/Console/Command.php(182): Symfony\\Component\\Console\\Command\\Command->run(Object(Symfony\\Component\\Console\\Input\\ArgvInput), Object(Illuminate\\Console\\OutputStyle))
#30 /Users/mariopazmino/Documents/GitHub/Untitled/app/vendor/symfony/console/Application.php(1117): Illuminate\\Console\\Command->run(Object(Symfony\\Component\\Console\\Input\\ArgvInput), Object(Symfony\\Component\\Console\\Output\\ConsoleOutput))
#31 /Users/mariopazmino/Documents/GitHub/Untitled/app/vendor/symfony/console/Application.php(356): Symfony\\Component\\Console\\Application->doRunCommand(Object(Illuminate\\Database\\Console\\Migrations\\MigrateCommand), Object(Symfony\\Component\\Console\\Input\\ArgvInput), Object(Symfony\\Component\\Console\\Output\\ConsoleOutput))
#32 /Users/mariopazmino/Documents/GitHub/Untitled/app/vendor/symfony/console/Application.php(195): Symfony\\Component\\Console\\Application->doRun(Object(Symfony\\Component\\Console\\Input\\ArgvInput), Object(Symfony\\Component\\Console\\Output\\ConsoleOutput))
#33 /Users/mariopazmino/Documents/GitHub/Untitled/app/vendor/laravel/framework/src/Illuminate/Foundation/Console/Kernel.php(198): Symfony\\Component\\Console\\Application->run(Object(Symfony\\Component\\Console\\Input\\ArgvInput), Object(Symfony\\Component\\Console\\Output\\ConsoleOutput))
#34 /Users/mariopazmino/Documents/GitHub/Untitled/app/vendor/laravel/framework/src/Illuminate/Foundation/Application.php(1235): Illuminate\\Foundation\\Console\\Kernel->handle(Object(Symfony\\Component\\Console\\Input\\ArgvInput), Object(Symfony\\Component\\Console\\Output\\ConsoleOutput))
#35 /Users/mariopazmino/Documents/GitHub/Untitled/app/artisan(13): Illuminate\\Foundation\\Application->handleCommand(Object(Symfony\\Component\\Console\\Input\\ArgvInput))
#36 {main}
"} 
[2026-04-20 19:46:40] local.ERROR: Route [login] not defined. {"exception":"[object] (Symfony\\Component\\Routing\\Exception\\RouteNotFoundException(code: 0): Route [login] not defined. at /Users/mariopazmino/Documents/GitHub/Untitled/app/vendor/laravel/framework/src/Illuminate/Routing/UrlGenerator.php:517)
[stacktrace]
#0 /Users/mariopazmino/Documents/GitHub/Untitled/app/vendor/laravel/framework/src/Illuminate/Foundation/helpers.php(853): Illuminate\\Routing\\UrlGenerator->route('login', Array, true)
#1 /Users/mariopazmino/Documents/GitHub/Untitled/app/vendor/laravel/framework/src/Illuminate/Foundation/Configuration/ApplicationBuilder.php(278): route('login')
#2 [internal function]: Illuminate\\Foundation\\Configuration\\ApplicationBuilder->Illuminate\\Foundation\\Configuration\\{closure}(Object(Illuminate\\Http\\Request))
#3 /Users/mariopazmino/Documents/GitHub/Untitled/app/vendor/laravel/framework/src/Illuminate/Auth/Middleware/Authenticate.php(118): call_user_func(Object(Closure), Object(Illuminate\\Http\\Request))
#4 /Users/mariopazmino/Documents/GitHub/Untitled/app/vendor/laravel/framework/src/Illuminate/Auth/Middleware/Authenticate.php(105): Illuminate\\Auth\\Middleware\\Authenticate->redirectTo(Object(Illuminate\\Http\\Request))
#5 /Users/mariopazmino/Documents/GitHub/Untitled/app/vendor/laravel/framework/src/Illuminate/Auth/Middleware/Authenticate.php(88): Illuminate\\Auth\\Middleware\\Authenticate->unauthenticated(Object(Illuminate\\Http\\Request), Array)
#6 /Users/mariopazmino/Documents/GitHub/Untitled/app/vendor/laravel/framework/src/Illuminate/Auth/Middleware/Authenticate.php(62): Illuminate\\Auth\\Middleware\\Authenticate->authenticate(Object(Illuminate\\Http\\Request), Array)
#7 /Users/mariopazmino/Documents/GitHub/Untitled/app/vendor/laravel/framework/src/Illuminate/Pipeline/Pipeline.php(209): Illuminate\\Auth\\Middleware\\Authenticate->handle(Object(Illuminate\\Http\\Request), Object(Closure), 'sanctum')
#8 /Users/mariopazmino/Documents/GitHub/Untitled/app/vendor/laravel/sanctum/src/Http/Middleware/EnsureFrontendRequestsAreStateful.php(26): Illuminate\\Pipeline\\Pipeline->Illuminate\\Pipeline\\{closure}(Object(Illuminate\\Http\\Request))
#9 /Users/mariopazmino/Documents/GitHub/Untitled/app/vendor/laravel/framework/src/Illuminate/Pipeline/Pipeline.php(170): Laravel\\Sanctum\\Http\\Middleware\\EnsureFrontendRequestsAreStateful->Laravel\\Sanctum\\Http\\Middleware\\{closure}(Object(Illuminate\\Http\\Request))
#10 /Users/mariopazmino/Documents/GitHub/Untitled/app/vendor/laravel/framework/src/Illuminate/Pipeline/Pipeline.php(127): Illuminate\\Pipeline\\Pipeline->Illuminate\\Pipeline\\{closure}(Object(Illuminate\\Http\\Request))
#11 /Users/mariopazmino/Documents/GitHub/Untitled/app/vendor/laravel/sanctum/src/Http/Middleware/EnsureFrontendRequestsAreStateful.php(25): Illuminate\\Pipeline\\Pipeline->then(Object(Closure))
#12 /Users/mariopazmino/Documents/GitHub/Untitled/app/vendor/laravel/framework/src/Illuminate/Pipeline/Pipeline.php(209): Laravel\\Sanctum\\Http\\Middleware\\EnsureFrontendRequestsAreStateful->handle(Object(Illuminate\\Http\\Request), Object(Closure))
#13 /Users/mariopazmino/Documents/GitHub/Untitled/app/vendor/laravel/framework/src/Illuminate/Pipeline/Pipeline.php(127): Illuminate\\Pipeline\\Pipeline->Illuminate\\Pipeline\\{closure}(Object(Illuminate\\Http\\Request))
#14 /Users/mariopazmino/Documents/GitHub/Untitled/app/vendor/laravel/framework/src/Illuminate/Routing/Router.php(807): Illuminate\\Pipeline\\Pipeline->then(Object(Closure))
#15 /Users/mariopazmino/Documents/GitHub/Untitled/app/vendor/laravel/framework/src/Illuminate/Routing/Router.php(786): Illuminate\\Routing\\Router->runRouteWithinStack(Object(Illuminate\\Routing\\Route), Object(Illuminate\\Http\\Request))
#16 /Users/mariopazmino/Documents/GitHub/Untitled/app/vendor/laravel/framework/src/Illuminate/Routing/Router.php(750): Illuminate\\Routing\\Router->runRoute(Object(Illuminate\\Http\\Request), Object(Illuminate\\Routing\\Route))
#17 /Users/mariopazmino/Documents/GitHub/Untitled/app/vendor/laravel/framework/src/Illuminate/Routing/Router.php(739): Illuminate\\Routing\\Router->dispatchToRoute(Object(Illuminate\\Http\\Request))
#18 /Users/mariopazmino/Documents/GitHub/Untitled/app/vendor/laravel/framework/src/Illuminate/Foundation/Http/Kernel.php(201): Illuminate\\Routing\\Router->dispatch(Object(Illuminate\\Http\\Request))
#19 /Users/mariopazmino/Documents/GitHub/Untitled/app/vendor/laravel/framework/src/Illuminate/Pipeline/Pipeline.php(170): Illuminate\\Foundation\\Http\\Kernel->Illuminate\\Foundation\\Http\\{closure}(Object(Illuminate\\Http\\Request))
#20 /Users/mariopazmino/Documents/GitHub/Untitled/app/vendor/laravel/framework/src/Illuminate/Foundation/Http/Middleware/TransformsRequest.php(21): Illuminate\\Pipeline\\Pipeline->Illuminate\\Pipeline\\{closure}(Object(Illuminate\\Http\\Request))
#21 /Users/mariopazmino/Documents/GitHub/Untitled/app/vendor/laravel/framework/src/Illuminate/Foundation/Http/Middleware/ConvertEmptyStringsToNull.php(31): Illuminate\\Foundation\\Http\\Middleware\\TransformsRequest->handle(Object(Illuminate\\Http\\Request), Object(Closure))
#22 /Users/mariopazmino/Documents/GitHub/Untitled/app/vendor/laravel/framework/src/Illuminate/Pipeline/Pipeline.php(209): Illuminate\\Foundation\\Http\\Middleware\\ConvertEmptyStringsToNull->handle(Object(Illuminate\\Http\\Request), Object(Closure))
#23 /Users/mariopazmino/Documents/GitHub/Untitled/app/vendor/laravel/framework/src/Illuminate/Foundation/Http/Middleware/TransformsRequest.php(21): Illuminate\\Pipeline\\Pipeline->Illuminate\\Pipeline\\{closure}(Object(Illuminate\\Http\\Request))
#24 /Users/mariopazmino/Documents/GitHub/Untitled/app/vendor/laravel/framework/src/Illuminate/Foundation/Http/Middleware/TrimStrings.php(51): Illuminate\\Foundation\\Http\\Middleware\\TransformsRequest->handle(Object(Illuminate\\Http\\Request), Object(Closure))
#25 /Users/mariopazmino/Documents/GitHub/Untitled/app/vendor/laravel/framework/src/Illuminate/Pipeline/Pipeline.php(209): Illuminate\\Foundation\\Http\\Middleware\\TrimStrings->handle(Object(Illuminate\\Http\\Request), Object(Closure))
#26 /Users/mariopazmino/Documents/GitHub/Untitled/app/vendor/laravel/framework/src/Illuminate/Http/Middleware/ValidatePostSize.php(27): Illuminate\\Pipeline\\Pipeline->Illuminate\\Pipeline\\{closure}(Object(Illuminate\\Http\\Request))
#27 /Users/mariopazmino/Documents/GitHub/Untitled/app/vendor/laravel/framework/src/Illuminate/Pipeline/Pipeline.php(209): Illuminate\\Http\\Middleware\\ValidatePostSize->handle(Object(Illuminate\\Http\\Request), Object(Closure))
#28 /Users/mariopazmino/Documents/GitHub/Untitled/app/vendor/laravel/framework/src/Illuminate/Foundation/Http/Middleware/PreventRequestsDuringMaintenance.php(110): Illuminate\\Pipeline\\Pipeline->Illuminate\\Pipeline\\{closure}(Object(Illuminate\\Http\\Request))
#29 /Users/mariopazmino/Documents/GitHub/Untitled/app/vendor/laravel/framework/src/Illuminate/Pipeline/Pipeline.php(209): Illuminate\\Foundation\\Http\\Middleware\\PreventRequestsDuringMaintenance->handle(Object(Illuminate\\Http\\Request), Object(Closure))
#30 /Users/mariopazmino/Documents/GitHub/Untitled/app/vendor/laravel/framework/src/Illuminate/Http/Middleware/HandleCors.php(62): Illuminate\\Pipeline\\Pipeline->Illuminate\\Pipeline\\{closure}(Object(Illuminate\\Http\\Request))
#31 /Users/mariopazmino/Documents/GitHub/Untitled/app/vendor/laravel/framework/src/Illuminate/Pipeline/Pipeline.php(209): Illuminate\\Http\\Middleware\\HandleCors->handle(Object(Illuminate\\Http\\Request), Object(Closure))
#32 /Users/mariopazmino/Documents/GitHub/Untitled/app/vendor/laravel/framework/src/Illuminate/Http/Middleware/TrustProxies.php(58): Illuminate\\Pipeline\\Pipeline->Illuminate\\Pipeline\\{closure}(Object(Illuminate\\Http\\Request))
#33 /Users/mariopazmino/Documents/GitHub/Untitled/app/vendor/laravel/framework/src/Illuminate/Pipeline/Pipeline.php(209): Illuminate\\Http\\Middleware\\TrustProxies->handle(Object(Illuminate\\Http\\Request), Object(Closure))
#34 /Users/mariopazmino/Documents/GitHub/Untitled/app/vendor/laravel/framework/src/Illuminate/Foundation/Http/Middleware/InvokeDeferredCallbacks.php(22): Illuminate\\Pipeline\\Pipeline->Illuminate\\Pipeline\\{closure}(Object(Illuminate\\Http\\Request))
#35 /Users/mariopazmino/Documents/GitHub/Untitled/app/vendor/laravel/framework/src/Illuminate/Pipeline/Pipeline.php(209): Illuminate\\Foundation\\Http\\Middleware\\InvokeDeferredCallbacks->handle(Object(Illuminate\\Http\\Request), Object(Closure))
#36 /Users/mariopazmino/Documents/GitHub/Untitled/app/vendor/laravel/framework/src/Illuminate/Pipeline/Pipeline.php(127): Illuminate\\Pipeline\\Pipeline->Illuminate\\Pipeline\\{closure}(Object(Illuminate\\Http\\Request))
#37 /Users/mariopazmino/Documents/GitHub/Untitled/app/vendor/laravel/framework/src/Illuminate/Foundation/Http/Kernel.php(176): Illuminate\\Pipeline\\Pipeline->then(Object(Closure))
#38 /Users/mariopazmino/Documents/GitHub/Untitled/app/vendor/laravel/framework/src/Illuminate/Foundation/Http/Kernel.php(145): Illuminate\\Foundation\\Http\\Kernel->sendRequestThroughRouter(Object(Illuminate\\Http\\Request))
#39 /Users/mariopazmino/Documents/GitHub/Untitled/app/vendor/laravel/framework/src/Illuminate/Foundation/Application.php(1220): Illuminate\\Foundation\\Http\\Kernel->handle(Object(Illuminate\\Http\\Request))
#40 /Users/mariopazmino/Documents/GitHub/Untitled/app/public/index.php(17): Illuminate\\Foundation\\Application->handleRequest(Object(Illuminate\\Http\\Request))
#41 /Users/mariopazmino/Documents/GitHub/Untitled/app/vendor/laravel/framework/src/Illuminate/Foundation/resources/server.php(23): require_once('/Users/mariopaz...')
#42 {main}
"} 
[2026-04-20 20:13:31] local.ERROR: SQLSTATE[42S02]: Base table or view not found: 1146 Table 'seven.reservation_details' doesn't exist (Connection: mysql, SQL: insert into `reservation_details` (`reservation_id`, `transaction_id`, `payment_status`, `amount`, `response_json`, `updated_at`, `created_at`) values (67, PAYID-69e688ebe178d1776716011, created, 6.00, {"order_id":"PAYID-69e688ebe178d1776716011","status":"created","created_at":"2026-04-20T20:13:31+00:00"}, 2026-04-20 20:13:31, 2026-04-20 20:13:31)) {"userId":3,"exception":"[object] (Illuminate\\Database\\QueryException(code: 42S02): SQLSTATE[42S02]: Base table or view not found: 1146 Table 'seven.reservation_details' doesn't exist (Connection: mysql, SQL: insert into `reservation_details` (`reservation_id`, `transaction_id`, `payment_status`, `amount`, `response_json`, `updated_at`, `created_at`) values (67, PAYID-69e688ebe178d1776716011, created, 6.00, {\"order_id\":\"PAYID-69e688ebe178d1776716011\",\"status\":\"created\",\"created_at\":\"2026-04-20T20:13:31+00:00\"}, 2026-04-20 20:13:31, 2026-04-20 20:13:31)) at /Users/mariopazmino/Documents/GitHub/Untitled/app/vendor/laravel/framework/src/Illuminate/Database/Connection.php:825)
[stacktrace]
#0 /Users/mariopazmino/Documents/GitHub/Untitled/app/vendor/laravel/framework/src/Illuminate/Database/Connection.php(779): Illuminate\\Database\\Connection->runQueryCallback('insert into `re...', Array, Object(Closure))
#1 /Users/mariopazmino/Documents/GitHub/Untitled/app/vendor/laravel/framework/src/Illuminate/Database/MySqlConnection.php(42): Illuminate\\Database\\Connection->run('insert into `re...', Array, Object(Closure))
#2 /Users/mariopazmino/Documents/GitHub/Untitled/app/vendor/laravel/framework/src/Illuminate/Database/Query/Processors/MySqlProcessor.php(35): Illuminate\\Database\\MySqlConnection->insert('insert into `re...', Array, 'id')
#3 /Users/mariopazmino/Documents/GitHub/Untitled/app/vendor/laravel/framework/src/Illuminate/Database/Query/Builder.php(3766): Illuminate\\Database\\Query\\Processors\\MySqlProcessor->processInsertGetId(Object(Illuminate\\Database\\Query\\Builder), 'insert into `re...', Array, 'id')
#4 /Users/mariopazmino/Documents/GitHub/Untitled/app/vendor/laravel/framework/src/Illuminate/Database/Eloquent/Builder.php(2120): Illuminate\\Database\\Query\\Builder->insertGetId(Array, 'id')
#5 /Users/mariopazmino/Documents/GitHub/Untitled/app/vendor/laravel/framework/src/Illuminate/Database/Eloquent/Model.php(1359): Illuminate\\Database\\Eloquent\\Builder->__call('insertGetId', Array)
#6 /Users/mariopazmino/Documents/GitHub/Untitled/app/vendor/laravel/framework/src/Illuminate/Database/Eloquent/Model.php(1324): Illuminate\\Database\\Eloquent\\Model->insertAndSetId(Object(Illuminate\\Database\\Eloquent\\Builder), Array)
#7 /Users/mariopazmino/Documents/GitHub/Untitled/app/vendor/laravel/framework/src/Illuminate/Database/Eloquent/Model.php(1163): Illuminate\\Database\\Eloquent\\Model->performInsert(Object(Illuminate\\Database\\Eloquent\\Builder))
#8 /Users/mariopazmino/Documents/GitHub/Untitled/app/vendor/laravel/framework/src/Illuminate/Database/Eloquent/Builder.php(1128): Illuminate\\Database\\Eloquent\\Model->save()
#9 /Users/mariopazmino/Documents/GitHub/Untitled/app/vendor/laravel/framework/src/Illuminate/Support/helpers.php(399): Illuminate\\Database\\Eloquent\\Builder->Illuminate\\Database\\Eloquent\\{closure}(Object(App\\Models\\ReservationDetail))
#10 /Users/mariopazmino/Documents/GitHub/Untitled/app/vendor/laravel/framework/src/Illuminate/Database/Eloquent/Builder.php(1127): tap(Object(App\\Models\\ReservationDetail), Object(Closure))
#11 /Users/mariopazmino/Documents/GitHub/Untitled/app/vendor/laravel/framework/src/Illuminate/Support/Traits/ForwardsCalls.php(23): Illuminate\\Database\\Eloquent\\Builder->create(Array)
#12 /Users/mariopazmino/Documents/GitHub/Untitled/app/vendor/laravel/framework/src/Illuminate/Database/Eloquent/Model.php(2372): Illuminate\\Database\\Eloquent\\Model->forwardCallTo(Object(Illuminate\\Database\\Eloquent\\Builder), 'create', Array)
#13 /Users/mariopazmino/Documents/GitHub/Untitled/app/vendor/laravel/framework/src/Illuminate/Database/Eloquent/Model.php(2384): Illuminate\\Database\\Eloquent\\Model->__call('create', Array)
#14 /Users/mariopazmino/Documents/GitHub/Untitled/app/app/Http/Controllers/PayPalController.php(79): Illuminate\\Database\\Eloquent\\Model::__callStatic('create', Array)
#15 /Users/mariopazmino/Documents/GitHub/Untitled/app/vendor/laravel/framework/src/Illuminate/Routing/ControllerDispatcher.php(47): App\\Http\\Controllers\\PayPalController->createOrder(Object(Illuminate\\Http\\Request))
#16 /Users/mariopazmino/Documents/GitHub/Untitled/app/vendor/laravel/framework/src/Illuminate/Routing/Route.php(266): Illuminate\\Routing\\ControllerDispatcher->dispatch(Object(Illuminate\\Routing\\Route), Object(App\\Http\\Controllers\\PayPalController), 'createOrder')
#17 /Users/mariopazmino/Documents/GitHub/Untitled/app/vendor/laravel/framework/src/Illuminate/Routing/Route.php(212): Illuminate\\Routing\\Route->runController()
#18 /Users/mariopazmino/Documents/GitHub/Untitled/app/vendor/laravel/framework/src/Illuminate/Routing/Router.php(808): Illuminate\\Routing\\Route->run()
#19 /Users/mariopazmino/Documents/GitHub/Untitled/app/vendor/laravel/framework/src/Illuminate/Pipeline/Pipeline.php(170): Illuminate\\Routing\\Router->Illuminate\\Routing\\{closure}(Object(Illuminate\\Http\\Request))
#20 /Users/mariopazmino/Documents/GitHub/Untitled/app/vendor/laravel/framework/src/Illuminate/Routing/Middleware/SubstituteBindings.php(51): Illuminate\\Pipeline\\Pipeline->Illuminate\\Pipeline\\{closure}(Object(Illuminate\\Http\\Request))
#21 /Users/mariopazmino/Documents/GitHub/Untitled/app/vendor/laravel/framework/src/Illuminate/Pipeline/Pipeline.php(209): Illuminate\\Routing\\Middleware\\SubstituteBindings->handle(Object(Illuminate\\Http\\Request), Object(Closure))
#22 /Users/mariopazmino/Documents/GitHub/Untitled/app/vendor/laravel/framework/src/Illuminate/Auth/Middleware/Authenticate.php(64): Illuminate\\Pipeline\\Pipeline->Illuminate\\Pipeline\\{closure}(Object(Illuminate\\Http\\Request))
#23 /Users/mariopazmino/Documents/GitHub/Untitled/app/vendor/laravel/framework/src/Illuminate/Pipeline/Pipeline.php(209): Illuminate\\Auth\\Middleware\\Authenticate->handle(Object(Illuminate\\Http\\Request), Object(Closure), 'sanctum')
#24 /Users/mariopazmino/Documents/GitHub/Untitled/app/vendor/laravel/sanctum/src/Http/Middleware/EnsureFrontendRequestsAreStateful.php(26): Illuminate\\Pipeline\\Pipeline->Illuminate\\Pipeline\\{closure}(Object(Illuminate\\Http\\Request))
#25 /Users/mariopazmino/Documents/GitHub/Untitled/app/vendor/laravel/framework/src/Illuminate/Pipeline/Pipeline.php(170): Laravel\\Sanctum\\Http\\Middleware\\EnsureFrontendRequestsAreStateful->Laravel\\Sanctum\\Http\\Middleware\\{closure}(Object(Illuminate\\Http\\Request))
#26 /Users/mariopazmino/Documents/GitHub/Untitled/app/vendor/laravel/framework/src/Illuminate/Pipeline/Pipeline.php(127): Illuminate\\Pipeline\\Pipeline->Illuminate\\Pipeline\\{closure}(Object(Illuminate\\Http\\Request))
#27 /Users/mariopazmino/Documents/GitHub/Untitled/app/vendor/laravel/sanctum/src/Http/Middleware/EnsureFrontendRequestsAreStateful.php(25): Illuminate\\Pipeline\\Pipeline->then(Object(Closure))
#28 /Users/mariopazmino/Documents/GitHub/Untitled/app/vendor/laravel/framework/src/Illuminate/Pipeline/Pipeline.php(209): Laravel\\Sanctum\\Http\\Middleware\\EnsureFrontendRequestsAreStateful->handle(Object(Illuminate\\Http\\Request), Object(Closure))
#29 /Users/mariopazmino/Documents/GitHub/Untitled/app/vendor/laravel/framework/src/Illuminate/Pipeline/Pipeline.php(127): Illuminate\\Pipeline\\Pipeline->Illuminate\\Pipeline\\{closure}(Object(Illuminate\\Http\\Request))
#30 /Users/mariopazmino/Documents/GitHub/Untitled/app/vendor/laravel/framework/src/Illuminate/Routing/Router.php(807): Illuminate\\Pipeline\\Pipeline->then(Object(Closure))
#31 /Users/mariopazmino/Documents/GitHub/Untitled/app/vendor/laravel/framework/src/Illuminate/Routing/Router.php(786): Illuminate\\Routing\\Router->runRouteWithinStack(Object(Illuminate\\Routing\\Route), Object(Illuminate\\Http\\Request))
#32 /Users/mariopazmino/Documents/GitHub/Untitled/app/vendor/laravel/framework/src/Illuminate/Routing/Router.php(750): Illuminate\\Routing\\Router->runRoute(Object(Illuminate\\Http\\Request), Object(Illuminate\\Routing\\Route))
#33 /Users/mariopazmino/Documents/GitHub/Untitled/app/vendor/laravel/framework/src/Illuminate/Routing/Router.php(739): Illuminate\\Routing\\Router->dispatchToRoute(Object(Illuminate\\Http\\Request))
#34 /Users/mariopazmino/Documents/GitHub/Untitled/app/vendor/laravel/framework/src/Illuminate/Foundation/Http/Kernel.php(201): Illuminate\\Routing\\Router->dispatch(Object(Illuminate\\Http\\Request))
#35 /Users/mariopazmino/Documents/GitHub/Untitled/app/vendor/laravel/framework/src/Illuminate/Pipeline/Pipeline.php(170): Illuminate\\Foundation\\Http\\Kernel->Illuminate\\Foundation\\Http\\{closure}(Object(Illuminate\\Http\\Request))
#36 /Users/mariopazmino/Documents/GitHub/Untitled/app/vendor/laravel/framework/src/Illuminate/Foundation/Http/Middleware/TransformsRequest.php(21): Illuminate\\Pipeline\\Pipeline->Illuminate\\Pipeline\\{closure}(Object(Illuminate\\Http\\Request))
#37 /Users/mariopazmino/Documents/GitHub/Untitled/app/vendor/laravel/framework/src/Illuminate/Foundation/Http/Middleware/ConvertEmptyStringsToNull.php(31): Illuminate\\Foundation\\Http\\Middleware\\TransformsRequest->handle(Object(Illuminate\\Http\\Request), Object(Closure))
#38 /Users/mariopazmino/Documents/GitHub/Untitled/app/vendor/laravel/framework/src/Illuminate/Pipeline/Pipeline.php(209): Illuminate\\Foundation\\Http\\Middleware\\ConvertEmptyStringsToNull->handle(Object(Illuminate\\Http\\Request), Object(Closure))
#39 /Users/mariopazmino/Documents/GitHub/Untitled/app/vendor/laravel/framework/src/Illuminate/Foundation/Http/Middleware/TransformsRequest.php(21): Illuminate\\Pipeline\\Pipeline->Illuminate\\Pipeline\\{closure}(Object(Illuminate\\Http\\Request))
#40 /Users/mariopazmino/Documents/GitHub/Untitled/app/vendor/laravel/framework/src/Illuminate/Foundation/Http/Middleware/TrimStrings.php(51): Illuminate\\Foundation\\Http\\Middleware\\TransformsRequest->handle(Object(Illuminate\\Http\\Request), Object(Closure))
#41 /Users/mariopazmino/Documents/GitHub/Untitled/app/vendor/laravel/framework/src/Illuminate/Pipeline/Pipeline.php(209): Illuminate\\Foundation\\Http\\Middleware\\TrimStrings->handle(Object(Illuminate\\Http\\Request), Object(Closure))
#42 /Users/mariopazmino/Documents/GitHub/Untitled/app/vendor/laravel/framework/src/Illuminate/Http/Middleware/ValidatePostSize.php(27): Illuminate\\Pipeline\\Pipeline->Illuminate\\Pipeline\\{closure}(Object(Illuminate\\Http\\Request))
#43 /Users/mariopazmino/Documents/GitHub/Untitled/app/vendor/laravel/framework/src/Illuminate/Pipeline/Pipeline.php(209): Illuminate\\Http\\Middleware\\ValidatePostSize->handle(Object(Illuminate\\Http\\Request), Object(Closure))
#44 /Users/mariopazmino/Documents/GitHub/Untitled/app/vendor/laravel/framework/src/Illuminate/Foundation/Http/Middleware/PreventRequestsDuringMaintenance.php(110): Illuminate\\Pipeline\\Pipeline->Illuminate\\Pipeline\\{closure}(Object(Illuminate\\Http\\Request))
#45 /Users/mariopazmino/Documents/GitHub/Untitled/app/vendor/laravel/framework/src/Illuminate/Pipeline/Pipeline.php(209): Illuminate\\Foundation\\Http\\Middleware\\PreventRequestsDuringMaintenance->handle(Object(Illuminate\\Http\\Request), Object(Closure))
#46 /Users/mariopazmino/Documents/GitHub/Untitled/app/vendor/laravel/framework/src/Illuminate/Http/Middleware/HandleCors.php(62): Illuminate\\Pipeline\\Pipeline->Illuminate\\Pipeline\\{closure}(Object(Illuminate\\Http\\Request))
#47 /Users/mariopazmino/Documents/GitHub/Untitled/app/vendor/laravel/framework/src/Illuminate/Pipeline/Pipeline.php(209): Illuminate\\Http\\Middleware\\HandleCors->handle(Object(Illuminate\\Http\\Request), Object(Closure))
#48 /Users/mariopazmino/Documents/GitHub/Untitled/app/vendor/laravel/framework/src/Illuminate/Http/Middleware/TrustProxies.php(58): Illuminate\\Pipeline\\Pipeline->Illuminate\\Pipeline\\{closure}(Object(Illuminate\\Http\\Request))
#49 /Users/mariopazmino/Documents/GitHub/Untitled/app/vendor/laravel/framework/src/Illuminate/Pipeline/Pipeline.php(209): Illuminate\\Http\\Middleware\\TrustProxies->handle(Object(Illuminate\\Http\\Request), Object(Closure))
#50 /Users/mariopazmino/Documents/GitHub/Untitled/app/vendor/laravel/framework/src/Illuminate/Foundation/Http/Middleware/InvokeDeferredCallbacks.php(22): Illuminate\\Pipeline\\Pipeline->Illuminate\\Pipeline\\{closure}(Object(Illuminate\\Http\\Request))
#51 /Users/mariopazmino/Documents/GitHub/Untitled/app/vendor/laravel/framework/src/Illuminate/Pipeline/Pipeline.php(209): Illuminate\\Foundation\\Http\\Middleware\\InvokeDeferredCallbacks->handle(Object(Illuminate\\Http\\Request), Object(Closure))
#52 /Users/mariopazmino/Documents/GitHub/Untitled/app/vendor/laravel/framework/src/Illuminate/Pipeline/Pipeline.php(127): Illuminate\\Pipeline\\Pipeline->Illuminate\\Pipeline\\{closure}(Object(Illuminate\\Http\\Request))
#53 /Users/mariopazmino/Documents/GitHub/Untitled/app/vendor/laravel/framework/src/Illuminate/Foundation/Http/Kernel.php(176): Illuminate\\Pipeline\\Pipeline->then(Object(Closure))
#54 /Users/mariopazmino/Documents/GitHub/Untitled/app/vendor/laravel/framework/src/Illuminate/Foundation/Http/Kernel.php(145): Illuminate\\Foundation\\Http\\Kernel->sendRequestThroughRouter(Object(Illuminate\\Http\\Request))
#55 /Users/mariopazmino/Documents/GitHub/Untitled/app/vendor/laravel/framework/src/Illuminate/Foundation/Application.php(1220): Illuminate\\Foundation\\Http\\Kernel->handle(Object(Illuminate\\Http\\Request))
#56 /Users/mariopazmino/Documents/GitHub/Untitled/app/public/index.php(17): Illuminate\\Foundation\\Application->handleRequest(Object(Illuminate\\Http\\Request))
#57 /Users/mariopazmino/Documents/GitHub/Untitled/app/vendor/laravel/framework/src/Illuminate/Foundation/resources/server.php(23): require_once('/Users/mariopaz...')
#58 {main}

[previous exception] [object] (PDOException(code: 42S02): SQLSTATE[42S02]: Base table or view not found: 1146 Table 'seven.reservation_details' doesn't exist at /Users/mariopazmino/Documents/GitHub/Untitled/app/vendor/laravel/framework/src/Illuminate/Database/MySqlConnection.php:47)
[stacktrace]
#0 /Users/mariopazmino/Documents/GitHub/Untitled/app/vendor/laravel/framework/src/Illuminate/Database/MySqlConnection.php(47): PDO->prepare('insert into `re...')
#1 /Users/mariopazmino/Documents/GitHub/Untitled/app/vendor/laravel/framework/src/Illuminate/Database/Connection.php(812): Illuminate\\Database\\MySqlConnection->Illuminate\\Database\\{closure}('insert into `re...', Array)
#2 /Users/mariopazmino/Documents/GitHub/Untitled/app/vendor/laravel/framework/src/Illuminate/Database/Connection.php(779): Illuminate\\Database\\Connection->runQueryCallback('insert into `re...', Array, Object(Closure))
#3 /Users/mariopazmino/Documents/GitHub/Untitled/app/vendor/laravel/framework/src/Illuminate/Database/MySqlConnection.php(42): Illuminate\\Database\\Connection->run('insert into `re...', Array, Object(Closure))
#4 /Users/mariopazmino/Documents/GitHub/Untitled/app/vendor/laravel/framework/src/Illuminate/Database/Query/Processors/MySqlProcessor.php(35): Illuminate\\Database\\MySqlConnection->insert('insert into `re...', Array, 'id')
#5 /Users/mariopazmino/Documents/GitHub/Untitled/app/vendor/laravel/framework/src/Illuminate/Database/Query/Builder.php(3766): Illuminate\\Database\\Query\\Processors\\MySqlProcessor->processInsertGetId(Object(Illuminate\\Database\\Query\\Builder), 'insert into `re...', Array, 'id')
#6 /Users/mariopazmino/Documents/GitHub/Untitled/app/vendor/laravel/framework/src/Illuminate/Database/Eloquent/Builder.php(2120): Illuminate\\Database\\Query\\Builder->insertGetId(Array, 'id')
#7 /Users/mariopazmino/Documents/GitHub/Untitled/app/vendor/laravel/framework/src/Illuminate/Database/Eloquent/Model.php(1359): Illuminate\\Database\\Eloquent\\Builder->__call('insertGetId', Array)
#8 /Users/mariopazmino/Documents/GitHub/Untitled/app/vendor/laravel/framework/src/Illuminate/Database/Eloquent/Model.php(1324): Illuminate\\Database\\Eloquent\\Model->insertAndSetId(Object(Illuminate\\Database\\Eloquent\\Builder), Array)
#9 /Users/mariopazmino/Documents/GitHub/Untitled/app/vendor/laravel/framework/src/Illuminate/Database/Eloquent/Model.php(1163): Illuminate\\Database\\Eloquent\\Model->performInsert(Object(Illuminate\\Database\\Eloquent\\Builder))
#10 /Users/mariopazmino/Documents/GitHub/Untitled/app/vendor/laravel/framework/src/Illuminate/Database/Eloquent/Builder.php(1128): Illuminate\\Database\\Eloquent\\Model->save()
#11 /Users/mariopazmino/Documents/GitHub/Untitled/app/vendor/laravel/framework/src/Illuminate/Support/helpers.php(399): Illuminate\\Database\\Eloquent\\Builder->Illuminate\\Database\\Eloquent\\{closure}(Object(App\\Models\\ReservationDetail))
#12 /Users/mariopazmino/Documents/GitHub/Untitled/app/vendor/laravel/framework/src/Illuminate/Database/Eloquent/Builder.php(1127): tap(Object(App\\Models\\ReservationDetail), Object(Closure))
#13 /Users/mariopazmino/Documents/GitHub/Untitled/app/vendor/laravel/framework/src/Illuminate/Support/Traits/ForwardsCalls.php(23): Illuminate\\Database\\Eloquent\\Builder->create(Array)
#14 /Users/mariopazmino/Documents/GitHub/Untitled/app/vendor/laravel/framework/src/Illuminate/Database/Eloquent/Model.php(2372): Illuminate\\Database\\Eloquent\\Model->forwardCallTo(Object(Illuminate\\Database\\Eloquent\\Builder), 'create', Array)
#15 /Users/mariopazmino/Documents/GitHub/Untitled/app/vendor/laravel/framework/src/Illuminate/Database/Eloquent/Model.php(2384): Illuminate\\Database\\Eloquent\\Model->__call('create', Array)
#16 /Users/mariopazmino/Documents/GitHub/Untitled/app/app/Http/Controllers/PayPalController.php(79): Illuminate\\Database\\Eloquent\\Model::__callStatic('create', Array)
#17 /Users/mariopazmino/Documents/GitHub/Untitled/app/vendor/laravel/framework/src/Illuminate/Routing/ControllerDispatcher.php(47): App\\Http\\Controllers\\PayPalController->createOrder(Object(Illuminate\\Http\\Request))
#18 /Users/mariopazmino/Documents/GitHub/Untitled/app/vendor/laravel/framework/src/Illuminate/Routing/Route.php(266): Illuminate\\Routing\\ControllerDispatcher->dispatch(Object(Illuminate\\Routing\\Route), Object(App\\Http\\Controllers\\PayPalController), 'createOrder')
#19 /Users/mariopazmino/Documents/GitHub/Untitled/app/vendor/laravel/framework/src/Illuminate/Routing/Route.php(212): Illuminate\\Routing\\Route->runController()
#20 /Users/mariopazmino/Documents/GitHub/Untitled/app/vendor/laravel/framework/src/Illuminate/Routing/Router.php(808): Illuminate\\Routing\\Route->run()
#21 /Users/mariopazmino/Documents/GitHub/Untitled/app/vendor/laravel/framework/src/Illuminate/Pipeline/Pipeline.php(170): Illuminate\\Routing\\Router->Illuminate\\Routing\\{closure}(Object(Illuminate\\Http\\Request))
#22 /Users/mariopazmino/Documents/GitHub/Untitled/app/vendor/laravel/framework/src/Illuminate/Routing/Middleware/SubstituteBindings.php(51): Illuminate\\Pipeline\\Pipeline->Illuminate\\Pipeline\\{closure}(Object(Illuminate\\Http\\Request))
#23 /Users/mariopazmino/Documents/GitHub/Untitled/app/vendor/laravel/framework/src/Illuminate/Pipeline/Pipeline.php(209): Illuminate\\Routing\\Middleware\\SubstituteBindings->handle(Object(Illuminate\\Http\\Request), Object(Closure))
#24 /Users/mariopazmino/Documents/GitHub/Untitled/app/vendor/laravel/framework/src/Illuminate/Auth/Middleware/Authenticate.php(64): Illuminate\\Pipeline\\Pipeline->Illuminate\\Pipeline\\{closure}(Object(Illuminate\\Http\\Request))
#25 /Users/mariopazmino/Documents/GitHub/Untitled/app/vendor/laravel/framework/src/Illuminate/Pipeline/Pipeline.php(209): Illuminate\\Auth\\Middleware\\Authenticate->handle(Object(Illuminate\\Http\\Request), Object(Closure), 'sanctum')
#26 /Users/mariopazmino/Documents/GitHub/Untitled/app/vendor/laravel/sanctum/src/Http/Middleware/EnsureFrontendRequestsAreStateful.php(26): Illuminate\\Pipeline\\Pipeline->Illuminate\\Pipeline\\{closure}(Object(Illuminate\\Http\\Request))
#27 /Users/mariopazmino/Documents/GitHub/Untitled/app/vendor/laravel/framework/src/Illuminate/Pipeline/Pipeline.php(170): Laravel\\Sanctum\\Http\\Middleware\\EnsureFrontendRequestsAreStateful->Laravel\\Sanctum\\Http\\Middleware\\{closure}(Object(Illuminate\\Http\\Request))
#28 /Users/mariopazmino/Documents/GitHub/Untitled/app/vendor/laravel/framework/src/Illuminate/Pipeline/Pipeline.php(127): Illuminate\\Pipeline\\Pipeline->Illuminate\\Pipeline\\{closure}(Object(Illuminate\\Http\\Request))
#29 /Users/mariopazmino/Documents/GitHub/Untitled/app/vendor/laravel/sanctum/src/Http/Middleware/EnsureFrontendRequestsAreStateful.php(25): Illuminate\\Pipeline\\Pipeline->then(Object(Closure))
#30 /Users/mariopazmino/Documents/GitHub/Untitled/app/vendor/laravel/framework/src/Illuminate/Pipeline/Pipeline.php(209): Laravel\\Sanctum\\Http\\Middleware\\EnsureFrontendRequestsAreStateful->handle(Object(Illuminate\\Http\\Request), Object(Closure))
#31 /Users/mariopazmino/Documents/GitHub/Untitled/app/vendor/laravel/framework/src/Illuminate/Pipeline/Pipeline.php(127): Illuminate\\Pipeline\\Pipeline->Illuminate\\Pipeline\\{closure}(Object(Illuminate\\Http\\Request))
#32 /Users/mariopazmino/Documents/GitHub/Untitled/app/vendor/laravel/framework/src/Illuminate/Routing/Router.php(807): Illuminate\\Pipeline\\Pipeline->then(Object(Closure))
#33 /Users/mariopazmino/Documents/GitHub/Untitled/app/vendor/laravel/framework/src/Illuminate/Routing/Router.php(786): Illuminate\\Routing\\Router->runRouteWithinStack(Object(Illuminate\\Routing\\Route), Object(Illuminate\\Http\\Request))
#34 /Users/mariopazmino/Documents/GitHub/Untitled/app/vendor/laravel/framework/src/Illuminate/Routing/Router.php(750): Illuminate\\Routing\\Router->runRoute(Object(Illuminate\\Http\\Request), Object(Illuminate\\Routing\\Route))
#35 /Users/mariopazmino/Documents/GitHub/Untitled/app/vendor/laravel/framework/src/Illuminate/Routing/Router.php(739): Illuminate\\Routing\\Router->dispatchToRoute(Object(Illuminate\\Http\\Request))
#36 /Users/mariopazmino/Documents/GitHub/Untitled/app/vendor/laravel/framework/src/Illuminate/Foundation/Http/Kernel.php(201): Illuminate\\Routing\\Router->dispatch(Object(Illuminate\\Http\\Request))
#37 /Users/mariopazmino/Documents/GitHub/Untitled/app/vendor/laravel/framework/src/Illuminate/Pipeline/Pipeline.php(170): Illuminate\\Foundation\\Http\\Kernel->Illuminate\\Foundation\\Http\\{closure}(Object(Illuminate\\Http\\Request))
#38 /Users/mariopazmino/Documents/GitHub/Untitled/app/vendor/laravel/framework/src/Illuminate/Foundation/Http/Middleware/TransformsRequest.php(21): Illuminate\\Pipeline\\Pipeline->Illuminate\\Pipeline\\{closure}(Object(Illuminate\\Http\\Request))
#39 /Users/mariopazmino/Documents/GitHub/Untitled/app/vendor/laravel/framework/src/Illuminate/Foundation/Http/Middleware/ConvertEmptyStringsToNull.php(31): Illuminate\\Foundation\\Http\\Middleware\\TransformsRequest->handle(Object(Illuminate\\Http\\Request), Object(Closure))
#40 /Users/mariopazmino/Documents/GitHub/Untitled/app/vendor/laravel/framework/src/Illuminate/Pipeline/Pipeline.php(209): Illuminate\\Foundation\\Http\\Middleware\\ConvertEmptyStringsToNull->handle(Object(Illuminate\\Http\\Request), Object(Closure))
#41 /Users/mariopazmino/Documents/GitHub/Untitled/app/vendor/laravel/framework/src/Illuminate/Foundation/Http/Middleware/TransformsRequest.php(21): Illuminate\\Pipeline\\Pipeline->Illuminate\\Pipeline\\{closure}(Object(Illuminate\\Http\\Request))
#42 /Users/mariopazmino/Documents/GitHub/Untitled/app/vendor/laravel/framework/src/Illuminate/Foundation/Http/Middleware/TrimStrings.php(51): Illuminate\\Foundation\\Http\\Middleware\\TransformsRequest->handle(Object(Illuminate\\Http\\Request), Object(Closure))
#43 /Users/mariopazmino/Documents/GitHub/Untitled/app/vendor/laravel/framework/src/Illuminate/Pipeline/Pipeline.php(209): Illuminate\\Foundation\\Http\\Middleware\\TrimStrings->handle(Object(Illuminate\\Http\\Request), Object(Closure))
#44 /Users/mariopazmino/Documents/GitHub/Untitled/app/vendor/laravel/framework/src/Illuminate/Http/Middleware/ValidatePostSize.php(27): Illuminate\\Pipeline\\Pipeline->Illuminate\\Pipeline\\{closure}(Object(Illuminate\\Http\\Request))
#45 /Users/mariopazmino/Documents/GitHub/Untitled/app/vendor/laravel/framework/src/Illuminate/Pipeline/Pipeline.php(209): Illuminate\\Http\\Middleware\\ValidatePostSize->handle(Object(Illuminate\\Http\\Request), Object(Closure))
#46 /Users/mariopazmino/Documents/GitHub/Untitled/app/vendor/laravel/framework/src/Illuminate/Foundation/Http/Middleware/PreventRequestsDuringMaintenance.php(110): Illuminate\\Pipeline\\Pipeline->Illuminate\\Pipeline\\{closure}(Object(Illuminate\\Http\\Request))
#47 /Users/mariopazmino/Documents/GitHub/Untitled/app/vendor/laravel/framework/src/Illuminate/Pipeline/Pipeline.php(209): Illuminate\\Foundation\\Http\\Middleware\\PreventRequestsDuringMaintenance->handle(Object(Illuminate\\Http\\Request), Object(Closure))
#48 /Users/mariopazmino/Documents/GitHub/Untitled/app/vendor/laravel/framework/src/Illuminate/Http/Middleware/HandleCors.php(62): Illuminate\\Pipeline\\Pipeline->Illuminate\\Pipeline\\{closure}(Object(Illuminate\\Http\\Request))
#49 /Users/mariopazmino/Documents/GitHub/Untitled/app/vendor/laravel/framework/src/Illuminate/Pipeline/Pipeline.php(209): Illuminate\\Http\\Middleware\\HandleCors->handle(Object(Illuminate\\Http\\Request), Object(Closure))
#50 /Users/mariopazmino/Documents/GitHub/Untitled/app/vendor/laravel/framework/src/Illuminate/Http/Middleware/TrustProxies.php(58): Illuminate\\Pipeline\\Pipeline->Illuminate\\Pipeline\\{closure}(Object(Illuminate\\Http\\Request))
#51 /Users/mariopazmino/Documents/GitHub/Untitled/app/vendor/laravel/framework/src/Illuminate/Pipeline/Pipeline.php(209): Illuminate\\Http\\Middleware\\TrustProxies->handle(Object(Illuminate\\Http\\Request), Object(Closure))
#52 /Users/mariopazmino/Documents/GitHub/Untitled/app/vendor/laravel/framework/src/Illuminate/Foundation/Http/Middleware/InvokeDeferredCallbacks.php(22): Illuminate\\Pipeline\\Pipeline->Illuminate\\Pipeline\\{closure}(Object(Illuminate\\Http\\Request))
#53 /Users/mariopazmino/Documents/GitHub/Untitled/app/vendor/laravel/framework/src/Illuminate/Pipeline/Pipeline.php(209): Illuminate\\Foundation\\Http\\Middleware\\InvokeDeferredCallbacks->handle(Object(Illuminate\\Http\\Request), Object(Closure))
#54 /Users/mariopazmino/Documents/GitHub/Untitled/app/vendor/laravel/framework/src/Illuminate/Pipeline/Pipeline.php(127): Illuminate\\Pipeline\\Pipeline->Illuminate\\Pipeline\\{closure}(Object(Illuminate\\Http\\Request))
#55 /Users/mariopazmino/Documents/GitHub/Untitled/app/vendor/laravel/framework/src/Illuminate/Foundation/Http/Kernel.php(176): Illuminate\\Pipeline\\Pipeline->then(Object(Closure))
#56 /Users/mariopazmino/Documents/GitHub/Untitled/app/vendor/laravel/framework/src/Illuminate/Foundation/Http/Kernel.php(145): Illuminate\\Foundation\\Http\\Kernel->sendRequestThroughRouter(Object(Illuminate\\Http\\Request))
#57 /Users/mariopazmino/Documents/GitHub/Untitled/app/vendor/laravel/framework/src/Illuminate/Foundation/Application.php(1220): Illuminate\\Foundation\\Http\\Kernel->handle(Object(Illuminate\\Http\\Request))
#58 /Users/mariopazmino/Documents/GitHub/Untitled/app/public/index.php(17): Illuminate\\Foundation\\Application->handleRequest(Object(Illuminate\\Http\\Request))
#59 /Users/mariopazmino/Documents/GitHub/Untitled/app/vendor/laravel/framework/src/Illuminate/Foundation/resources/server.php(23): require_once('/Users/mariopaz...')
#60 {main}
"} 
[2026-04-21 00:01:15] local.ERROR: @OA\Post() requires at least one @OA\Response() in \App\Http\Controllers\AuthController->logout() in /Users/mariopazmino/Documents/GitHub/Untitled/app/app/Http/Controllers/AuthController.php on line 168 {"exception":"[object] (ErrorException(code: 0): @OA\\Post() requires at least one @OA\\Response() in \\App\\Http\\Controllers\\AuthController->logout() in /Users/mariopazmino/Documents/GitHub/Untitled/app/app/Http/Controllers/AuthController.php on line 168 at /Users/mariopazmino/Documents/GitHub/Untitled/app/vendor/zircote/swagger-php/src/Loggers/DefaultLogger.php:31)
[stacktrace]
#0 /Users/mariopazmino/Documents/GitHub/Untitled/app/vendor/laravel/framework/src/Illuminate/Foundation/Bootstrap/HandleExceptions.php(258): Illuminate\\Foundation\\Bootstrap\\HandleExceptions->handleError(512, '@OA\\\\Post() requ...', '/Users/mariopaz...', 31)
#1 [internal function]: Illuminate\\Foundation\\Bootstrap\\HandleExceptions->Illuminate\\Foundation\\Bootstrap\\{closure}(512, '@OA\\\\Post() requ...', '/Users/mariopaz...', 31)
#2 /Users/mariopazmino/Documents/GitHub/Untitled/app/vendor/zircote/swagger-php/src/Loggers/DefaultLogger.php(31): trigger_error('@OA\\\\Post() requ...', 512)
#3 /Users/mariopazmino/Documents/GitHub/Untitled/app/vendor/psr/log/src/LoggerTrait.php(61): OpenApi\\Loggers\\DefaultLogger->log('warning', '@OA\\\\Post() requ...', Array)
#4 /Users/mariopazmino/Documents/GitHub/Untitled/app/vendor/zircote/swagger-php/src/Annotations/AbstractAnnotation.php(532): Psr\\Log\\AbstractLogger->warning('@OA\\\\Post() requ...')
#5 /Users/mariopazmino/Documents/GitHub/Untitled/app/vendor/zircote/swagger-php/src/Annotations/Operation.php(223): OpenApi\\Annotations\\AbstractAnnotation->validate(Array, Array, '#/paths/2/post', Object(stdClass))
#6 /Users/mariopazmino/Documents/GitHub/Untitled/app/vendor/zircote/swagger-php/src/Annotations/AbstractAnnotation.php(592): OpenApi\\Annotations\\Operation->validate(Array, Array, '#/paths/2/post', Object(stdClass))
#7 /Users/mariopazmino/Documents/GitHub/Untitled/app/vendor/zircote/swagger-php/src/Annotations/AbstractAnnotation.php(565): OpenApi\\Annotations\\AbstractAnnotation::_validate(Object(OpenApi\\Annotations\\PathItem), Array, Array, '#/paths/2', Object(stdClass))
#8 /Users/mariopazmino/Documents/GitHub/Untitled/app/vendor/zircote/swagger-php/src/Annotations/AbstractAnnotation.php(592): OpenApi\\Annotations\\AbstractAnnotation->validate(Array, Array, '#/paths/2', Object(stdClass))
#9 /Users/mariopazmino/Documents/GitHub/Untitled/app/vendor/zircote/swagger-php/src/Annotations/AbstractAnnotation.php(598): OpenApi\\Annotations\\AbstractAnnotation::_validate(Array, Array, Array, '#/paths', Object(stdClass))
#10 /Users/mariopazmino/Documents/GitHub/Untitled/app/vendor/zircote/swagger-php/src/Annotations/AbstractAnnotation.php(565): OpenApi\\Annotations\\AbstractAnnotation::_validate(Object(OpenApi\\Annotations\\OpenApi), Array, Array, '#', Object(stdClass))
#11 /Users/mariopazmino/Documents/GitHub/Untitled/app/vendor/zircote/swagger-php/src/Annotations/OpenApi.php(170): OpenApi\\Annotations\\AbstractAnnotation->validate(Array, Array, '#', Object(stdClass))
#12 /Users/mariopazmino/Documents/GitHub/Untitled/app/vendor/zircote/swagger-php/src/Analysis.php(440): OpenApi\\Annotations\\OpenApi->validate()
#13 /Users/mariopazmino/Documents/GitHub/Untitled/app/vendor/zircote/swagger-php/src/Generator.php(511): OpenApi\\Analysis->validate()
#14 /Users/mariopazmino/Documents/GitHub/Untitled/app/vendor/darkaonline/l5-swagger/src/Generator.php(191): OpenApi\\Generator->generate(Object(Symfony\\Component\\Finder\\Finder), Object(OpenApi\\Analysis))
#15 /Users/mariopazmino/Documents/GitHub/Untitled/app/vendor/darkaonline/l5-swagger/src/Generator.php(132): L5Swagger\\Generator->scanFilesForDocumentation()
#16 /Users/mariopazmino/Documents/GitHub/Untitled/app/vendor/darkaonline/l5-swagger/src/Console/GenerateDocsCommand.php(72): L5Swagger\\Generator->generateDocs()
#17 /Users/mariopazmino/Documents/GitHub/Untitled/app/vendor/darkaonline/l5-swagger/src/Console/GenerateDocsCommand.php(58): L5Swagger\\Console\\GenerateDocsCommand->generateDocumentation(Object(L5Swagger\\GeneratorFactory), 'default')
#18 /Users/mariopazmino/Documents/GitHub/Untitled/app/vendor/laravel/framework/src/Illuminate/Container/BoundMethod.php(36): L5Swagger\\Console\\GenerateDocsCommand->handle(Object(L5Swagger\\GeneratorFactory))
#19 /Users/mariopazmino/Documents/GitHub/Untitled/app/vendor/laravel/framework/src/Illuminate/Container/Util.php(43): Illuminate\\Container\\BoundMethod::Illuminate\\Container\\{closure}()
#20 /Users/mariopazmino/Documents/GitHub/Untitled/app/vendor/laravel/framework/src/Illuminate/Container/BoundMethod.php(95): Illuminate\\Container\\Util::unwrapIfClosure(Object(Closure))
#21 /Users/mariopazmino/Documents/GitHub/Untitled/app/vendor/laravel/framework/src/Illuminate/Container/BoundMethod.php(35): Illuminate\\Container\\BoundMethod::callBoundMethod(Object(Illuminate\\Foundation\\Application), Array, Object(Closure))
#22 /Users/mariopazmino/Documents/GitHub/Untitled/app/vendor/laravel/framework/src/Illuminate/Container/Container.php(696): Illuminate\\Container\\BoundMethod::call(Object(Illuminate\\Foundation\\Application), Array, Array, NULL)
#23 /Users/mariopazmino/Documents/GitHub/Untitled/app/vendor/laravel/framework/src/Illuminate/Console/Command.php(213): Illuminate\\Container\\Container->call(Array)
#24 /Users/mariopazmino/Documents/GitHub/Untitled/app/vendor/symfony/console/Command/Command.php(341): Illuminate\\Console\\Command->execute(Object(Symfony\\Component\\Console\\Input\\ArgvInput), Object(Illuminate\\Console\\OutputStyle))
#25 /Users/mariopazmino/Documents/GitHub/Untitled/app/vendor/laravel/framework/src/Illuminate/Console/Command.php(182): Symfony\\Component\\Console\\Command\\Command->run(Object(Symfony\\Component\\Console\\Input\\ArgvInput), Object(Illuminate\\Console\\OutputStyle))
#26 /Users/mariopazmino/Documents/GitHub/Untitled/app/vendor/symfony/console/Application.php(1117): Illuminate\\Console\\Command->run(Object(Symfony\\Component\\Console\\Input\\ArgvInput), Object(Symfony\\Component\\Console\\Output\\ConsoleOutput))
#27 /Users/mariopazmino/Documents/GitHub/Untitled/app/vendor/symfony/console/Application.php(356): Symfony\\Component\\Console\\Application->doRunCommand(Object(L5Swagger\\Console\\GenerateDocsCommand), Object(Symfony\\Component\\Console\\Input\\ArgvInput), Object(Symfony\\Component\\Console\\Output\\ConsoleOutput))
#28 /Users/mariopazmino/Documents/GitHub/Untitled/app/vendor/symfony/console/Application.php(195): Symfony\\Component\\Console\\Application->doRun(Object(Symfony\\Component\\Console\\Input\\ArgvInput), Object(Symfony\\Component\\Console\\Output\\ConsoleOutput))
#29 /Users/mariopazmino/Documents/GitHub/Untitled/app/vendor/laravel/framework/src/Illuminate/Foundation/Console/Kernel.php(198): Symfony\\Component\\Console\\Application->run(Object(Symfony\\Component\\Console\\Input\\ArgvInput), Object(Symfony\\Component\\Console\\Output\\ConsoleOutput))
#30 /Users/mariopazmino/Documents/GitHub/Untitled/app/vendor/laravel/framework/src/Illuminate/Foundation/Application.php(1235): Illuminate\\Foundation\\Console\\Kernel->handle(Object(Symfony\\Component\\Console\\Input\\ArgvInput), Object(Symfony\\Component\\Console\\Output\\ConsoleOutput))
#31 /Users/mariopazmino/Documents/GitHub/Untitled/app/artisan(13): Illuminate\\Foundation\\Application->handleCommand(Object(Symfony\\Component\\Console\\Input\\ArgvInput))
#32 {main}
"} 
